2026-08-26 00:06:22 INFO  c.v.c.p.PatientClinicalDataApiApplication - Starting PatientClinicalDataApiApplication using Java 17.0.8 with PID 3680 (D:\GitHub\Patient-clinical-data-api\target\classes started by DELL in D:\GitHub\Patient-clinical-data-api)
2026-08-26 00:06:22 DEBUG c.v.c.p.PatientClinicalDataApiApplication - Running with Spring Boot v4.2.0-SNAPSHOT, Spring v7.1.0-M1
2026-08-26 00:06:22 INFO  c.v.c.p.PatientClinicalDataApiApplication - No active profile set, falling back to 1 default profile: "default"
2026-08-26 00:06:22 INFO  o.s.b.d.e.DevToolsPropertyDefaultsPostProcessor - Devtools property defaults active! Set 'spring.devtools.add-properties' to 'false' to disable
2026-08-26 00:06:22 INFO  o.s.b.d.e.DevToolsPropertyDefaultsPostProcessor - For additional web related logging consider setting the 'logging.level.web' property to 'DEBUG'
2026-08-26 00:06:24 INFO  o.s.d.r.c.RepositoryConfigurationDelegate - Bootstrapping Spring Data JPA repositories in DEFAULT mode.
2026-08-26 00:06:24 INFO  o.s.d.r.c.RepositoryConfigurationDelegate - Finished Spring Data repository scanning in 112 ms. Found 2 JPA repository interfaces.
2026-08-26 00:06:26 INFO  o.s.boot.tomcat.TomcatWebServer - Tomcat initialized with port 8080 (http)
2026-08-26 00:06:26 INFO  o.a.catalina.core.StandardService - Starting service [Tomcat]
2026-08-26 00:06:26 INFO  o.a.catalina.core.StandardEngine - Starting Servlet engine: [Apache Tomcat/11.0.24]
2026-08-26 00:06:26 INFO  o.s.b.w.c.s.WebApplicationContextInitializer - Root WebApplicationContext: initialization completed in 3678 ms
2026-08-26 00:06:27 INFO  com.zaxxer.hikari.HikariDataSource - HikariPool-1 - Starting...
2026-08-26 00:06:27 INFO  com.zaxxer.hikari.pool.HikariPool - HikariPool-1 - Added connection com.mysql.cj.jdbc.ConnectionImpl@b9672bb
2026-08-26 00:06:27 INFO  com.zaxxer.hikari.HikariDataSource - HikariPool-1 - Start completed.
2026-08-26 00:06:27 INFO  org.hibernate.orm.jpa - HHH008540: Processing PersistenceUnitInfo [name: default]
2026-08-26 00:06:27 INFO  org.hibernate.orm.core - HHH000001: Hibernate ORM core version 7.4.5.Final
2026-08-26 00:06:28 INFO  o.s.o.j.p.SpringPersistenceUnitInfo - No LoadTimeWeaver setup: ignoring JPA class transformer
2026-08-26 00:06:28 INFO  o.hibernate.orm.connections.pooling - HHH10001005: Database info:
	Database JDBC URL [jdbc:mysql://localhost:3306/clinicals?useSSL=false&serverTimezone=UTC]
	Database driver: MySQL Connector/J
	Database dialect: MySQLDialect
	Database version: 8.0.27
	Default catalog/schema: clinicals/undefined
	Autocommit mode: undefined/unknown
	Isolation level: REPEATABLE_READ [default REPEATABLE_READ]
	JDBC fetch size: none
	Pool: DataSourceConnectionProvider
	Minimum pool size: undefined/unknown
	Maximum pool size: undefined/unknown
2026-08-26 00:06:30 INFO  org.hibernate.orm.core - HHH000489: No JTA platform available (set 'hibernate.transaction.jta.platform' to enable JTA platform integration)
2026-08-26 00:06:30 INFO  o.s.o.j.LocalContainerEntityManagerFactoryBean - Initialized JPA EntityManagerFactory for persistence unit 'default'
2026-08-26 00:06:30 INFO  o.s.d.j.r.q.QueryEnhancerFactories - Hibernate is in classpath; If applicable, HQL parser will be used.
2026-08-26 00:06:30 WARN  o.s.b.j.a.JpaBaseConfiguration$JpaWebConfiguration - spring.jpa.open-in-view is enabled by default. Therefore, database queries may be performed during view rendering. Explicitly configure spring.jpa.open-in-view to disable this warning
2026-08-26 00:06:32 INFO  o.s.b.a.e.web.EndpointLinksResolver - Exposing 1 endpoint beneath base path '/actuator'
2026-08-26 00:06:33 INFO  o.s.boot.tomcat.TomcatWebServer - Tomcat started on port 8080 (http) with context path '/patient-services'
2026-08-26 00:06:33 INFO  c.v.c.p.PatientClinicalDataApiApplication - Started PatientClinicalDataApiApplication in 11.453 seconds (process running for 12.674)
2026-08-26 00:06:34 INFO  o.a.c.c.C.[.[.[/patient-services] - Initializing Spring DispatcherServlet 'dispatcherServlet'
2026-08-26 00:06:34 INFO  o.s.web.servlet.DispatcherServlet - Initializing Servlet 'dispatcherServlet'
2026-08-26 00:06:34 INFO  o.s.web.servlet.DispatcherServlet - Completed initialization in 2 ms
2026-08-26 00:06:50 DEBUG c.v.c.p.r.ClinicalDataController - Fetching all clinical data
2026-08-26 00:06:50 DEBUG org.hibernate.SQL - select cd1_0.id,cd1_0.component_name,cd1_0.component_value,cd1_0.measured_date_time,cd1_0.patient_id from clinicaldata cd1_0
2026-08-26 00:25:49 WARN  com.zaxxer.hikari.pool.HikariPool - HikariPool-1 - Thread starvation or clock leap detected (housekeeper delta=5m21s946ms67µs300ns).
2026-08-26 02:13:56 INFO  c.v.c.p.PatientClinicalDataApiApplication - Starting PatientClinicalDataApiApplication using Java 17.0.8 with PID 16060 (D:\GitHub\Patient-clinical-data-api\target\classes started by DELL in D:\GitHub\Patient-clinical-data-api)
2026-08-26 02:13:56 DEBUG c.v.c.p.PatientClinicalDataApiApplication - Running with Spring Boot v4.2.0-SNAPSHOT, Spring v7.1.0-M1
2026-08-26 02:13:56 INFO  c.v.c.p.PatientClinicalDataApiApplication - No active profile set, falling back to 1 default profile: "default"
2026-08-26 02:13:56 INFO  o.s.b.d.e.DevToolsPropertyDefaultsPostProcessor - Devtools property defaults active! Set 'spring.devtools.add-properties' to 'false' to disable
2026-08-26 02:13:56 INFO  o.s.b.d.e.DevToolsPropertyDefaultsPostProcessor - For additional web related logging consider setting the 'logging.level.web' property to 'DEBUG'
2026-08-26 02:13:57 INFO  o.s.d.r.c.RepositoryConfigurationDelegate - Bootstrapping Spring Data JPA repositories in DEFAULT mode.
2026-08-26 02:13:57 INFO  o.s.d.r.c.RepositoryConfigurationDelegate - Finished Spring Data repository scanning in 64 ms. Found 2 JPA repository interfaces.
2026-08-26 02:13:58 INFO  o.s.boot.tomcat.TomcatWebServer - Tomcat initialized with port 8080 (http)
2026-08-26 02:13:58 INFO  o.a.catalina.core.StandardService - Starting service [Tomcat]
2026-08-26 02:13:58 INFO  o.a.catalina.core.StandardEngine - Starting Servlet engine: [Apache Tomcat/11.0.24]
2026-08-26 02:13:59 INFO  o.s.b.w.c.s.WebApplicationContextInitializer - Root WebApplicationContext: initialization completed in 2663 ms
2026-08-26 02:13:59 INFO  com.zaxxer.hikari.HikariDataSource - HikariPool-1 - Starting...
2026-08-26 02:13:59 INFO  com.zaxxer.hikari.pool.HikariPool - HikariPool-1 - Added connection com.mysql.cj.jdbc.ConnectionImpl@6047b56c
2026-08-26 02:13:59 INFO  com.zaxxer.hikari.HikariDataSource - HikariPool-1 - Start completed.
2026-08-26 02:13:59 INFO  org.hibernate.orm.jpa - HHH008540: Processing PersistenceUnitInfo [name: default]
2026-08-26 02:14:00 INFO  org.hibernate.orm.core - HHH000001: Hibernate ORM core version 7.4.5.Final
2026-08-26 02:14:00 INFO  o.s.o.j.p.SpringPersistenceUnitInfo - No LoadTimeWeaver setup: ignoring JPA class transformer
2026-08-26 02:14:00 INFO  o.hibernate.orm.connections.pooling - HHH10001005: Database info:
	Database JDBC URL [jdbc:mysql://localhost:3306/clinicals?useSSL=false&serverTimezone=UTC]
	Database driver: MySQL Connector/J
	Database dialect: MySQLDialect
	Database version: 8.0.27
	Default catalog/schema: clinicals/undefined
	Autocommit mode: undefined/unknown
	Isolation level: REPEATABLE_READ [default REPEATABLE_READ]
	JDBC fetch size: none
	Pool: DataSourceConnectionProvider
	Minimum pool size: undefined/unknown
	Maximum pool size: undefined/unknown
2026-08-26 02:14:02 INFO  org.hibernate.orm.core - HHH000489: No JTA platform available (set 'hibernate.transaction.jta.platform' to enable JTA platform integration)
2026-08-26 02:14:02 INFO  o.s.o.j.LocalContainerEntityManagerFactoryBean - Initialized JPA EntityManagerFactory for persistence unit 'default'
2026-08-26 02:14:02 INFO  o.s.d.j.r.q.QueryEnhancerFactories - Hibernate is in classpath; If applicable, HQL parser will be used.
2026-08-26 02:14:02 WARN  o.s.b.j.a.JpaBaseConfiguration$JpaWebConfiguration - spring.jpa.open-in-view is enabled by default. Therefore, database queries may be performed during view rendering. Explicitly configure spring.jpa.open-in-view to disable this warning
2026-08-26 02:14:04 INFO  o.s.b.a.e.web.EndpointLinksResolver - Exposing 1 endpoint beneath base path '/actuator'
2026-08-26 02:14:04 INFO  o.s.boot.tomcat.TomcatWebServer - Tomcat started on port 8080 (http) with context path '/patient-services'
2026-08-26 02:14:04 INFO  c.v.c.p.PatientClinicalDataApiApplication - Started PatientClinicalDataApiApplication in 9.211 seconds (process running for 9.706)
2026-08-26 02:14:05 INFO  o.a.c.c.C.[.[.[/patient-services] - Initializing Spring DispatcherServlet 'dispatcherServlet'
2026-08-26 02:14:05 INFO  o.s.web.servlet.DispatcherServlet - Initializing Servlet 'dispatcherServlet'
2026-08-26 02:14:05 INFO  o.s.web.servlet.DispatcherServlet - Completed initialization in 3 ms
2026-08-26 02:16:07 INFO  c.v.c.p.PatientClinicalDataApiApplication - Starting PatientClinicalDataApiApplication using Java 17.0.8 with PID 21356 (D:\GitHub\Patient-clinical-data-api\target\classes started by DELL in D:\GitHub\Patient-clinical-data-api)
2026-08-26 02:16:07 DEBUG c.v.c.p.PatientClinicalDataApiApplication - Running with Spring Boot v4.2.0-SNAPSHOT, Spring v7.1.0-M1
2026-08-26 02:16:07 INFO  c.v.c.p.PatientClinicalDataApiApplication - No active profile set, falling back to 1 default profile: "default"
2026-08-26 02:16:07 INFO  o.s.b.d.e.DevToolsPropertyDefaultsPostProcessor - Devtools property defaults active! Set 'spring.devtools.add-properties' to 'false' to disable
2026-08-26 02:16:07 INFO  o.s.b.d.e.DevToolsPropertyDefaultsPostProcessor - For additional web related logging consider setting the 'logging.level.web' property to 'DEBUG'
2026-08-26 02:16:09 INFO  o.s.d.r.c.RepositoryConfigurationDelegate - Bootstrapping Spring Data JPA repositories in DEFAULT mode.
2026-08-26 02:16:09 INFO  o.s.d.r.c.RepositoryConfigurationDelegate - Finished Spring Data repository scanning in 128 ms. Found 2 JPA repository interfaces.
2026-08-26 02:16:11 INFO  o.s.boot.tomcat.TomcatWebServer - Tomcat initialized with port 8080 (http)
2026-08-26 02:16:11 INFO  o.a.catalina.core.StandardService - Starting service [Tomcat]
2026-08-26 02:16:11 INFO  o.a.catalina.core.StandardEngine - Starting Servlet engine: [Apache Tomcat/11.0.24]
2026-08-26 02:16:11 INFO  o.s.b.w.c.s.WebApplicationContextInitializer - Root WebApplicationContext: initialization completed in 3651 ms
2026-08-26 02:16:12 INFO  com.zaxxer.hikari.HikariDataSource - HikariPool-1 - Starting...
2026-08-26 02:16:12 INFO  com.zaxxer.hikari.pool.HikariPool - HikariPool-1 - Added connection com.mysql.cj.jdbc.ConnectionImpl@56833345
2026-08-26 02:16:12 INFO  com.zaxxer.hikari.HikariDataSource - HikariPool-1 - Start completed.
2026-08-26 02:16:12 INFO  org.hibernate.orm.jpa - HHH008540: Processing PersistenceUnitInfo [name: default]
2026-08-26 02:16:12 INFO  org.hibernate.orm.core - HHH000001: Hibernate ORM core version 7.4.5.Final
2026-08-26 02:16:13 INFO  o.s.o.j.p.SpringPersistenceUnitInfo - No LoadTimeWeaver setup: ignoring JPA class transformer
2026-08-26 02:16:14 INFO  o.hibernate.orm.connections.pooling - HHH10001005: Database info:
	Database JDBC URL [jdbc:mysql://localhost:3306/clinicals?useSSL=false&serverTimezone=UTC]
	Database driver: MySQL Connector/J
	Database dialect: MySQLDialect
	Database version: 8.0.27
	Default catalog/schema: clinicals/undefined
	Autocommit mode: undefined/unknown
	Isolation level: REPEATABLE_READ [default REPEATABLE_READ]
	JDBC fetch size: none
	Pool: DataSourceConnectionProvider
	Minimum pool size: undefined/unknown
	Maximum pool size: undefined/unknown
2026-08-26 02:16:15 INFO  org.hibernate.orm.core - HHH000489: No JTA platform available (set 'hibernate.transaction.jta.platform' to enable JTA platform integration)
2026-08-26 02:16:15 INFO  o.s.o.j.LocalContainerEntityManagerFactoryBean - Initialized JPA EntityManagerFactory for persistence unit 'default'
2026-08-26 02:16:15 INFO  o.s.d.j.r.q.QueryEnhancerFactories - Hibernate is in classpath; If applicable, HQL parser will be used.
2026-08-26 02:16:16 WARN  o.s.b.j.a.JpaBaseConfiguration$JpaWebConfiguration - spring.jpa.open-in-view is enabled by default. Therefore, database queries may be performed during view rendering. Explicitly configure spring.jpa.open-in-view to disable this warning
2026-08-26 02:16:17 INFO  o.s.b.a.e.web.EndpointLinksResolver - Exposing 1 endpoint beneath base path '/actuator'
2026-08-26 02:16:17 INFO  o.s.boot.tomcat.TomcatWebServer - Tomcat started on port 8080 (http) with context path '/patient-services'
2026-08-26 02:16:17 INFO  c.v.c.p.PatientClinicalDataApiApplication - Started PatientClinicalDataApiApplication in 10.356 seconds (process running for 11.138)
2026-08-26 02:16:19 INFO  o.a.c.c.C.[.[.[/patient-services] - Initializing Spring DispatcherServlet 'dispatcherServlet'
2026-08-26 02:16:19 INFO  o.s.web.servlet.DispatcherServlet - Initializing Servlet 'dispatcherServlet'
2026-08-26 02:16:19 INFO  o.s.web.servlet.DispatcherServlet - Completed initialization in 4 ms
2026-08-26 02:16:27 INFO  c.v.c.p.r.PatientController - Fetching all patients
2026-08-26 02:16:28 DEBUG org.hibernate.SQL - select p1_0.id,p1_0.age,p1_0.first_name,p1_0.last_name from patient p1_0
2026-08-26 02:16:28 DEBUG org.hibernate.SQL - select cd1_0.patient_id,cd1_0.id,cd1_0.component_name,cd1_0.component_value,cd1_0.measured_date_time from clinicaldata cd1_0 where cd1_0.patient_id=?
2026-08-26 02:16:28 TRACE org.hibernate.orm.jdbc.bind - binding parameter (1:BIGINT) <- [11]
2026-08-26 02:16:28 DEBUG org.hibernate.SQL - select cd1_0.patient_id,cd1_0.id,cd1_0.component_name,cd1_0.component_value,cd1_0.measured_date_time from clinicaldata cd1_0 where cd1_0.patient_id=?
2026-08-26 02:16:28 TRACE org.hibernate.orm.jdbc.bind - binding parameter (1:BIGINT) <- [10]
2026-08-26 02:16:28 DEBUG org.hibernate.SQL - select cd1_0.patient_id,cd1_0.id,cd1_0.component_name,cd1_0.component_value,cd1_0.measured_date_time from clinicaldata cd1_0 where cd1_0.patient_id=?
2026-08-26 02:16:28 TRACE org.hibernate.orm.jdbc.bind - binding parameter (1:BIGINT) <- [9]
2026-08-26 02:16:28 DEBUG org.hibernate.SQL - select cd1_0.patient_id,cd1_0.id,cd1_0.component_name,cd1_0.component_value,cd1_0.measured_date_time from clinicaldata cd1_0 where cd1_0.patient_id=?
2026-08-26 02:16:28 TRACE org.hibernate.orm.jdbc.bind - binding parameter (1:BIGINT) <- [8]
2026-08-26 02:16:28 DEBUG org.hibernate.SQL - select cd1_0.patient_id,cd1_0.id,cd1_0.component_name,cd1_0.component_value,cd1_0.measured_date_time from clinicaldata cd1_0 where cd1_0.patient_id=?
2026-08-26 02:16:28 TRACE org.hibernate.orm.jdbc.bind - binding parameter (1:BIGINT) <- [7]
2026-08-26 02:16:28 DEBUG org.hibernate.SQL - select cd1_0.patient_id,cd1_0.id,cd1_0.component_name,cd1_0.component_value,cd1_0.measured_date_time from clinicaldata cd1_0 where cd1_0.patient_id=?
2026-08-26 02:16:28 TRACE org.hibernate.orm.jdbc.bind - binding parameter (1:BIGINT) <- [6]
2026-08-26 02:16:28 DEBUG org.hibernate.SQL - select cd1_0.patient_id,cd1_0.id,cd1_0.component_name,cd1_0.component_value,cd1_0.measured_date_time from clinicaldata cd1_0 where cd1_0.patient_id=?
2026-08-26 02:16:28 TRACE org.hibernate.orm.jdbc.bind - binding parameter (1:BIGINT) <- [5]
2026-08-26 02:16:28 DEBUG org.hibernate.SQL - select cd1_0.patient_id,cd1_0.id,cd1_0.component_name,cd1_0.component_value,cd1_0.measured_date_time from clinicaldata cd1_0 where cd1_0.patient_id=?
2026-08-26 02:16:28 TRACE org.hibernate.orm.jdbc.bind - binding parameter (1:BIGINT) <- [4]
2026-08-26 02:16:28 DEBUG org.hibernate.SQL - select cd1_0.patient_id,cd1_0.id,cd1_0.component_name,cd1_0.component_value,cd1_0.measured_date_time from clinicaldata cd1_0 where cd1_0.patient_id=?
2026-08-26 02:16:28 TRACE org.hibernate.orm.jdbc.bind - binding parameter (1:BIGINT) <- [3]
2026-08-26 02:16:28 DEBUG org.hibernate.SQL - select cd1_0.patient_id,cd1_0.id,cd1_0.component_name,cd1_0.component_value,cd1_0.measured_date_time from clinicaldata cd1_0 where cd1_0.patient_id=?
2026-08-26 02:16:28 TRACE org.hibernate.orm.jdbc.bind - binding parameter (1:BIGINT) <- [2]
2026-08-26 02:16:28 DEBUG org.hibernate.SQL - select cd1_0.patient_id,cd1_0.id,cd1_0.component_name,cd1_0.component_value,cd1_0.measured_date_time from clinicaldata cd1_0 where cd1_0.patient_id=?
2026-08-26 02:16:28 TRACE org.hibernate.orm.jdbc.bind - binding parameter (1:BIGINT) <- [1]
2026-08-26 02:16:28 INFO  c.v.c.p.r.PatientController - Fetching all patients
2026-08-26 02:16:28 DEBUG org.hibernate.SQL - select p1_0.id,p1_0.age,p1_0.first_name,p1_0.last_name from patient p1_0
2026-08-26 02:16:28 DEBUG org.hibernate.SQL - select cd1_0.patient_id,cd1_0.id,cd1_0.component_name,cd1_0.component_value,cd1_0.measured_date_time from clinicaldata cd1_0 where cd1_0.patient_id=?
2026-08-26 02:16:28 TRACE org.hibernate.orm.jdbc.bind - binding parameter (1:BIGINT) <- [11]
2026-08-26 02:16:28 DEBUG org.hibernate.SQL - select cd1_0.patient_id,cd1_0.id,cd1_0.component_name,cd1_0.component_value,cd1_0.measured_date_time from clinicaldata cd1_0 where cd1_0.patient_id=?
2026-08-26 02:16:28 TRACE org.hibernate.orm.jdbc.bind - binding parameter (1:BIGINT) <- [10]
2026-08-26 02:16:29 DEBUG org.hibernate.SQL - select cd1_0.patient_id,cd1_0.id,cd1_0.component_name,cd1_0.component_value,cd1_0.measured_date_time from clinicaldata cd1_0 where cd1_0.patient_id=?
2026-08-26 02:16:29 TRACE org.hibernate.orm.jdbc.bind - binding parameter (1:BIGINT) <- [9]
2026-08-26 02:16:29 DEBUG org.hibernate.SQL - select cd1_0.patient_id,cd1_0.id,cd1_0.component_name,cd1_0.component_value,cd1_0.measured_date_time from clinicaldata cd1_0 where cd1_0.patient_id=?
2026-08-26 02:16:29 TRACE org.hibernate.orm.jdbc.bind - binding parameter (1:BIGINT) <- [8]
2026-08-26 02:16:29 DEBUG org.hibernate.SQL - select cd1_0.patient_id,cd1_0.id,cd1_0.component_name,cd1_0.component_value,cd1_0.measured_date_time from clinicaldata cd1_0 where cd1_0.patient_id=?
2026-08-26 02:16:29 TRACE org.hibernate.orm.jdbc.bind - binding parameter (1:BIGINT) <- [7]
2026-08-26 02:16:29 DEBUG org.hibernate.SQL - select cd1_0.patient_id,cd1_0.id,cd1_0.component_name,cd1_0.component_value,cd1_0.measured_date_time from clinicaldata cd1_0 where cd1_0.patient_id=?
2026-08-26 02:16:29 TRACE org.hibernate.orm.jdbc.bind - binding parameter (1:BIGINT) <- [6]
2026-08-26 02:16:29 DEBUG org.hibernate.SQL - select cd1_0.patient_id,cd1_0.id,cd1_0.component_name,cd1_0.component_value,cd1_0.measured_date_time from clinicaldata cd1_0 where cd1_0.patient_id=?
2026-08-26 02:16:29 TRACE org.hibernate.orm.jdbc.bind - binding parameter (1:BIGINT) <- [5]
2026-08-26 02:16:29 DEBUG org.hibernate.SQL - select cd1_0.patient_id,cd1_0.id,cd1_0.component_name,cd1_0.component_value,cd1_0.measured_date_time from clinicaldata cd1_0 where cd1_0.patient_id=?
2026-08-26 02:16:29 TRACE org.hibernate.orm.jdbc.bind - binding parameter (1:BIGINT) <- [4]
2026-08-26 02:16:29 DEBUG org.hibernate.SQL - select cd1_0.patient_id,cd1_0.id,cd1_0.component_name,cd1_0.component_value,cd1_0.measured_date_time from clinicaldata cd1_0 where cd1_0.patient_id=?
2026-08-26 02:16:29 TRACE org.hibernate.orm.jdbc.bind - binding parameter (1:BIGINT) <- [3]
2026-08-26 02:16:29 DEBUG org.hibernate.SQL - select cd1_0.patient_id,cd1_0.id,cd1_0.component_name,cd1_0.component_value,cd1_0.measured_date_time from clinicaldata cd1_0 where cd1_0.patient_id=?
2026-08-26 02:16:29 TRACE org.hibernate.orm.jdbc.bind - binding parameter (1:BIGINT) <- [2]
2026-08-26 02:16:29 DEBUG org.hibernate.SQL - select cd1_0.patient_id,cd1_0.id,cd1_0.component_name,cd1_0.component_value,cd1_0.measured_date_time from clinicaldata cd1_0 where cd1_0.patient_id=?
2026-08-26 02:16:29 TRACE org.hibernate.orm.jdbc.bind - binding parameter (1:BIGINT) <- [1]
2026-08-26 02:25:56 INFO  c.v.c.p.r.PatientController - Fetching all patients
2026-08-26 02:25:57 DEBUG org.hibernate.SQL - select p1_0.id,p1_0.age,p1_0.first_name,p1_0.last_name from patient p1_0
2026-08-26 02:25:57 DEBUG org.hibernate.SQL - select cd1_0.patient_id,cd1_0.id,cd1_0.component_name,cd1_0.component_value,cd1_0.measured_date_time from clinicaldata cd1_0 where cd1_0.patient_id=?
2026-08-26 02:25:57 TRACE org.hibernate.orm.jdbc.bind - binding parameter (1:BIGINT) <- [11]
2026-08-26 02:25:57 DEBUG org.hibernate.SQL - select cd1_0.patient_id,cd1_0.id,cd1_0.component_name,cd1_0.component_value,cd1_0.measured_date_time from clinicaldata cd1_0 where cd1_0.patient_id=?
2026-08-26 02:25:57 TRACE org.hibernate.orm.jdbc.bind - binding parameter (1:BIGINT) <- [10]
2026-08-26 02:25:57 DEBUG org.hibernate.SQL - select cd1_0.patient_id,cd1_0.id,cd1_0.component_name,cd1_0.component_value,cd1_0.measured_date_time from clinicaldata cd1_0 where cd1_0.patient_id=?
2026-08-26 02:25:57 TRACE org.hibernate.orm.jdbc.bind - binding parameter (1:BIGINT) <- [9]
2026-08-26 02:25:57 DEBUG org.hibernate.SQL - select cd1_0.patient_id,cd1_0.id,cd1_0.component_name,cd1_0.component_value,cd1_0.measured_date_time from clinicaldata cd1_0 where cd1_0.patient_id=?
2026-08-26 02:25:57 TRACE org.hibernate.orm.jdbc.bind - binding parameter (1:BIGINT) <- [8]
2026-08-26 02:25:57 DEBUG org.hibernate.SQL - select cd1_0.patient_id,cd1_0.id,cd1_0.component_name,cd1_0.component_value,cd1_0.measured_date_time from clinicaldata cd1_0 where cd1_0.patient_id=?
2026-08-26 02:25:57 TRACE org.hibernate.orm.jdbc.bind - binding parameter (1:BIGINT) <- [7]
2026-08-26 02:25:57 DEBUG org.hibernate.SQL - select cd1_0.patient_id,cd1_0.id,cd1_0.component_name,cd1_0.component_value,cd1_0.measured_date_time from clinicaldata cd1_0 where cd1_0.patient_id=?
2026-08-26 02:25:57 TRACE org.hibernate.orm.jdbc.bind - binding parameter (1:BIGINT) <- [6]
2026-08-26 02:25:57 DEBUG org.hibernate.SQL - select cd1_0.patient_id,cd1_0.id,cd1_0.component_name,cd1_0.component_value,cd1_0.measured_date_time from clinicaldata cd1_0 where cd1_0.patient_id=?
2026-08-26 02:25:57 TRACE org.hibernate.orm.jdbc.bind - binding parameter (1:BIGINT) <- [5]
2026-08-26 02:25:57 DEBUG org.hibernate.SQL - select cd1_0.patient_id,cd1_0.id,cd1_0.component_name,cd1_0.component_value,cd1_0.measured_date_time from clinicaldata cd1_0 where cd1_0.patient_id=?
2026-08-26 02:25:57 TRACE org.hibernate.orm.jdbc.bind - binding parameter (1:BIGINT) <- [4]
2026-08-26 02:25:57 DEBUG org.hibernate.SQL - select cd1_0.patient_id,cd1_0.id,cd1_0.component_name,cd1_0.component_value,cd1_0.measured_date_time from clinicaldata cd1_0 where cd1_0.patient_id=?
2026-08-26 02:25:57 TRACE org.hibernate.orm.jdbc.bind - binding parameter (1:BIGINT) <- [3]
2026-08-26 02:25:57 DEBUG org.hibernate.SQL - select cd1_0.patient_id,cd1_0.id,cd1_0.component_name,cd1_0.component_value,cd1_0.measured_date_time from clinicaldata cd1_0 where cd1_0.patient_id=?
2026-08-26 02:25:57 TRACE org.hibernate.orm.jdbc.bind - binding parameter (1:BIGINT) <- [2]
2026-08-26 02:25:57 DEBUG org.hibernate.SQL - select cd1_0.patient_id,cd1_0.id,cd1_0.component_name,cd1_0.component_value,cd1_0.measured_date_time from clinicaldata cd1_0 where cd1_0.patient_id=?
2026-08-26 02:25:57 TRACE org.hibernate.orm.jdbc.bind - binding parameter (1:BIGINT) <- [1]
2026-08-26 02:25:57 INFO  c.v.c.p.r.PatientController - Fetching all patients
2026-08-26 02:25:57 DEBUG org.hibernate.SQL - select p1_0.id,p1_0.age,p1_0.first_name,p1_0.last_name from patient p1_0
2026-08-26 02:25:57 DEBUG org.hibernate.SQL - select cd1_0.patient_id,cd1_0.id,cd1_0.component_name,cd1_0.component_value,cd1_0.measured_date_time from clinicaldata cd1_0 where cd1_0.patient_id=?
2026-08-26 02:25:57 TRACE org.hibernate.orm.jdbc.bind - binding parameter (1:BIGINT) <- [11]
2026-08-26 02:25:57 DEBUG org.hibernate.SQL - select cd1_0.patient_id,cd1_0.id,cd1_0.component_name,cd1_0.component_value,cd1_0.measured_date_time from clinicaldata cd1_0 where cd1_0.patient_id=?
2026-08-26 02:25:57 TRACE org.hibernate.orm.jdbc.bind - binding parameter (1:BIGINT) <- [10]
2026-08-26 02:25:57 DEBUG org.hibernate.SQL - select cd1_0.patient_id,cd1_0.id,cd1_0.component_name,cd1_0.component_value,cd1_0.measured_date_time from clinicaldata cd1_0 where cd1_0.patient_id=?
2026-08-26 02:25:57 TRACE org.hibernate.orm.jdbc.bind - binding parameter (1:BIGINT) <- [9]
2026-08-26 02:25:57 DEBUG org.hibernate.SQL - select cd1_0.patient_id,cd1_0.id,cd1_0.component_name,cd1_0.component_value,cd1_0.measured_date_time from clinicaldata cd1_0 where cd1_0.patient_id=?
2026-08-26 02:25:57 TRACE org.hibernate.orm.jdbc.bind - binding parameter (1:BIGINT) <- [8]
2026-08-26 02:25:57 DEBUG org.hibernate.SQL - select cd1_0.patient_id,cd1_0.id,cd1_0.component_name,cd1_0.component_value,cd1_0.measured_date_time from clinicaldata cd1_0 where cd1_0.patient_id=?
2026-08-26 02:25:57 TRACE org.hibernate.orm.jdbc.bind - binding parameter (1:BIGINT) <- [7]
2026-08-26 02:25:57 DEBUG org.hibernate.SQL - select cd1_0.patient_id,cd1_0.id,cd1_0.component_name,cd1_0.component_value,cd1_0.measured_date_time from clinicaldata cd1_0 where cd1_0.patient_id=?
2026-08-26 02:25:57 TRACE org.hibernate.orm.jdbc.bind - binding parameter (1:BIGINT) <- [6]
2026-08-26 02:25:57 DEBUG org.hibernate.SQL - select cd1_0.patient_id,cd1_0.id,cd1_0.component_name,cd1_0.component_value,cd1_0.measured_date_time from clinicaldata cd1_0 where cd1_0.patient_id=?
2026-08-26 02:25:57 TRACE org.hibernate.orm.jdbc.bind - binding parameter (1:BIGINT) <- [5]
2026-08-26 02:25:57 DEBUG org.hibernate.SQL - select cd1_0.patient_id,cd1_0.id,cd1_0.component_name,cd1_0.component_value,cd1_0.measured_date_time from clinicaldata cd1_0 where cd1_0.patient_id=?
2026-08-26 02:25:57 TRACE org.hibernate.orm.jdbc.bind - binding parameter (1:BIGINT) <- [4]
2026-08-26 02:25:57 DEBUG org.hibernate.SQL - select cd1_0.patient_id,cd1_0.id,cd1_0.component_name,cd1_0.component_value,cd1_0.measured_date_time from clinicaldata cd1_0 where cd1_0.patient_id=?
2026-08-26 02:25:57 TRACE org.hibernate.orm.jdbc.bind - binding parameter (1:BIGINT) <- [3]
2026-08-26 02:25:57 DEBUG org.hibernate.SQL - select cd1_0.patient_id,cd1_0.id,cd1_0.component_name,cd1_0.component_value,cd1_0.measured_date_time from clinicaldata cd1_0 where cd1_0.patient_id=?
2026-08-26 02:25:57 TRACE org.hibernate.orm.jdbc.bind - binding parameter (1:BIGINT) <- [2]
2026-08-26 02:25:57 DEBUG org.hibernate.SQL - select cd1_0.patient_id,cd1_0.id,cd1_0.component_name,cd1_0.component_value,cd1_0.measured_date_time from clinicaldata cd1_0 where cd1_0.patient_id=?
2026-08-26 02:25:57 TRACE org.hibernate.orm.jdbc.bind - binding parameter (1:BIGINT) <- [1]
2026-08-26 02:26:32 DEBUG org.hibernate.SQL - insert into patient (age,first_name,last_name) values (?,?,?)
2026-08-26 02:26:32 TRACE org.hibernate.orm.jdbc.bind - binding parameter (1:INTEGER) <- [28]
2026-08-26 02:26:32 TRACE org.hibernate.orm.jdbc.bind - binding parameter (2:VARCHAR) <- [null]
2026-08-26 02:26:32 TRACE org.hibernate.orm.jdbc.bind - binding parameter (3:VARCHAR) <- [null]
2026-08-26 02:26:32 WARN  org.hibernate.orm.jdbc.error - HHH000247: ErrorCode: 1048, SQLState: 23000
2026-08-26 02:26:32 WARN  org.hibernate.orm.jdbc.error - Column 'first_name' cannot be null
2026-08-26 02:26:32 WARN  o.s.w.s.m.m.a.ExceptionHandlerExceptionResolver - Resolved [org.springframework.dao.DataIntegrityViolationException: could not execute statement [Column 'first_name' cannot be null] [insert into patient (age,first_name,last_name) values (?,?,?)]; SQL [insert into patient (age,first_name,last_name) values (?,?,?)]; constraint [first_name]]
2026-08-26 02:27:04 INFO  c.v.c.p.r.PatientController - Fetching all patients
2026-08-26 02:27:04 DEBUG org.hibernate.SQL - select p1_0.id,p1_0.age,p1_0.first_name,p1_0.last_name from patient p1_0
2026-08-26 02:27:04 DEBUG org.hibernate.SQL - select cd1_0.patient_id,cd1_0.id,cd1_0.component_name,cd1_0.component_value,cd1_0.measured_date_time from clinicaldata cd1_0 where cd1_0.patient_id=?
2026-08-26 02:27:04 TRACE org.hibernate.orm.jdbc.bind - binding parameter (1:BIGINT) <- [11]
2026-08-26 02:27:04 DEBUG org.hibernate.SQL - select cd1_0.patient_id,cd1_0.id,cd1_0.component_name,cd1_0.component_value,cd1_0.measured_date_time from clinicaldata cd1_0 where cd1_0.patient_id=?
2026-08-26 02:27:04 TRACE org.hibernate.orm.jdbc.bind - binding parameter (1:BIGINT) <- [10]
2026-08-26 02:27:04 DEBUG org.hibernate.SQL - select cd1_0.patient_id,cd1_0.id,cd1_0.component_name,cd1_0.component_value,cd1_0.measured_date_time from clinicaldata cd1_0 where cd1_0.patient_id=?
2026-08-26 02:27:04 TRACE org.hibernate.orm.jdbc.bind - binding parameter (1:BIGINT) <- [9]
2026-08-26 02:27:04 DEBUG org.hibernate.SQL - select cd1_0.patient_id,cd1_0.id,cd1_0.component_name,cd1_0.component_value,cd1_0.measured_date_time from clinicaldata cd1_0 where cd1_0.patient_id=?
2026-08-26 02:27:04 TRACE org.hibernate.orm.jdbc.bind - binding parameter (1:BIGINT) <- [8]
2026-08-26 02:27:04 DEBUG org.hibernate.SQL - select cd1_0.patient_id,cd1_0.id,cd1_0.component_name,cd1_0.component_value,cd1_0.measured_date_time from clinicaldata cd1_0 where cd1_0.patient_id=?
2026-08-26 02:27:04 TRACE org.hibernate.orm.jdbc.bind - binding parameter (1:BIGINT) <- [7]
2026-08-26 02:27:04 DEBUG org.hibernate.SQL - select cd1_0.patient_id,cd1_0.id,cd1_0.component_name,cd1_0.component_value,cd1_0.measured_date_time from clinicaldata cd1_0 where cd1_0.patient_id=?
2026-08-26 02:27:04 TRACE org.hibernate.orm.jdbc.bind - binding parameter (1:BIGINT) <- [6]
2026-08-26 02:27:04 DEBUG org.hibernate.SQL - select cd1_0.patient_id,cd1_0.id,cd1_0.component_name,cd1_0.component_value,cd1_0.measured_date_time from clinicaldata cd1_0 where cd1_0.patient_id=?
2026-08-26 02:27:04 TRACE org.hibernate.orm.jdbc.bind - binding parameter (1:BIGINT) <- [5]
2026-08-26 02:27:05 DEBUG org.hibernate.SQL - select cd1_0.patient_id,cd1_0.id,cd1_0.component_name,cd1_0.component_value,cd1_0.measured_date_time from clinicaldata cd1_0 where cd1_0.patient_id=?
2026-08-26 02:27:05 TRACE org.hibernate.orm.jdbc.bind - binding parameter (1:BIGINT) <- [4]
2026-08-26 02:27:05 DEBUG org.hibernate.SQL - select cd1_0.patient_id,cd1_0.id,cd1_0.component_name,cd1_0.component_value,cd1_0.measured_date_time from clinicaldata cd1_0 where cd1_0.patient_id=?
2026-08-26 02:27:05 TRACE org.hibernate.orm.jdbc.bind - binding parameter (1:BIGINT) <- [3]
2026-08-26 02:27:05 DEBUG org.hibernate.SQL - select cd1_0.patient_id,cd1_0.id,cd1_0.component_name,cd1_0.component_value,cd1_0.measured_date_time from clinicaldata cd1_0 where cd1_0.patient_id=?
2026-08-26 02:27:05 TRACE org.hibernate.orm.jdbc.bind - binding parameter (1:BIGINT) <- [2]
2026-08-26 02:27:05 DEBUG org.hibernate.SQL - select cd1_0.patient_id,cd1_0.id,cd1_0.component_name,cd1_0.component_value,cd1_0.measured_date_time from clinicaldata cd1_0 where cd1_0.patient_id=?
2026-08-26 02:27:05 TRACE org.hibernate.orm.jdbc.bind - binding parameter (1:BIGINT) <- [1]
2026-08-26 02:27:05 INFO  c.v.c.p.r.PatientController - Fetching all patients
2026-08-26 02:27:05 DEBUG org.hibernate.SQL - select p1_0.id,p1_0.age,p1_0.first_name,p1_0.last_name from patient p1_0
2026-08-26 02:27:05 DEBUG org.hibernate.SQL - select cd1_0.patient_id,cd1_0.id,cd1_0.component_name,cd1_0.component_value,cd1_0.measured_date_time from clinicaldata cd1_0 where cd1_0.patient_id=?
2026-08-26 02:27:05 TRACE org.hibernate.orm.jdbc.bind - binding parameter (1:BIGINT) <- [11]
2026-08-26 02:27:05 DEBUG org.hibernate.SQL - select cd1_0.patient_id,cd1_0.id,cd1_0.component_name,cd1_0.component_value,cd1_0.measured_date_time from clinicaldata cd1_0 where cd1_0.patient_id=?
2026-08-26 02:27:05 TRACE org.hibernate.orm.jdbc.bind - binding parameter (1:BIGINT) <- [10]
2026-08-26 02:27:05 DEBUG org.hibernate.SQL - select cd1_0.patient_id,cd1_0.id,cd1_0.component_name,cd1_0.component_value,cd1_0.measured_date_time from clinicaldata cd1_0 where cd1_0.patient_id=?
2026-08-26 02:27:05 TRACE org.hibernate.orm.jdbc.bind - binding parameter (1:BIGINT) <- [9]
2026-08-26 02:27:05 DEBUG org.hibernate.SQL - select cd1_0.patient_id,cd1_0.id,cd1_0.component_name,cd1_0.component_value,cd1_0.measured_date_time from clinicaldata cd1_0 where cd1_0.patient_id=?
2026-08-26 02:27:05 TRACE org.hibernate.orm.jdbc.bind - binding parameter (1:BIGINT) <- [8]
2026-08-26 02:27:05 DEBUG org.hibernate.SQL - select cd1_0.patient_id,cd1_0.id,cd1_0.component_name,cd1_0.component_value,cd1_0.measured_date_time from clinicaldata cd1_0 where cd1_0.patient_id=?
2026-08-26 02:27:05 TRACE org.hibernate.orm.jdbc.bind - binding parameter (1:BIGINT) <- [7]
2026-08-26 02:27:05 DEBUG org.hibernate.SQL - select cd1_0.patient_id,cd1_0.id,cd1_0.component_name,cd1_0.component_value,cd1_0.measured_date_time from clinicaldata cd1_0 where cd1_0.patient_id=?
2026-08-26 02:27:05 TRACE org.hibernate.orm.jdbc.bind - binding parameter (1:BIGINT) <- [6]
2026-08-26 02:27:05 DEBUG org.hibernate.SQL - select cd1_0.patient_id,cd1_0.id,cd1_0.component_name,cd1_0.component_value,cd1_0.measured_date_time from clinicaldata cd1_0 where cd1_0.patient_id=?
2026-08-26 02:27:05 TRACE org.hibernate.orm.jdbc.bind - binding parameter (1:BIGINT) <- [5]
2026-08-26 02:27:05 DEBUG org.hibernate.SQL - select cd1_0.patient_id,cd1_0.id,cd1_0.component_name,cd1_0.component_value,cd1_0.measured_date_time from clinicaldata cd1_0 where cd1_0.patient_id=?
2026-08-26 02:27:05 TRACE org.hibernate.orm.jdbc.bind - binding parameter (1:BIGINT) <- [4]
2026-08-26 02:27:05 DEBUG org.hibernate.SQL - select cd1_0.patient_id,cd1_0.id,cd1_0.component_name,cd1_0.component_value,cd1_0.measured_date_time from clinicaldata cd1_0 where cd1_0.patient_id=?
2026-08-26 02:27:05 TRACE org.hibernate.orm.jdbc.bind - binding parameter (1:BIGINT) <- [3]
2026-08-26 02:27:05 DEBUG org.hibernate.SQL - select cd1_0.patient_id,cd1_0.id,cd1_0.component_name,cd1_0.component_value,cd1_0.measured_date_time from clinicaldata cd1_0 where cd1_0.patient_id=?
2026-08-26 02:27:05 TRACE org.hibernate.orm.jdbc.bind - binding parameter (1:BIGINT) <- [2]
2026-08-26 02:27:05 DEBUG org.hibernate.SQL - select cd1_0.patient_id,cd1_0.id,cd1_0.component_name,cd1_0.component_value,cd1_0.measured_date_time from clinicaldata cd1_0 where cd1_0.patient_id=?
2026-08-26 02:27:05 TRACE org.hibernate.orm.jdbc.bind - binding parameter (1:BIGINT) <- [1]
2026-08-26 02:27:13 DEBUG org.hibernate.SQL - insert into patient (age,first_name,last_name) values (?,?,?)
2026-08-26 02:27:13 TRACE org.hibernate.orm.jdbc.bind - binding parameter (1:INTEGER) <- [28]
2026-08-26 02:27:13 TRACE org.hibernate.orm.jdbc.bind - binding parameter (2:VARCHAR) <- [null]
2026-08-26 02:27:13 TRACE org.hibernate.orm.jdbc.bind - binding parameter (3:VARCHAR) <- [null]
2026-08-26 02:27:13 WARN  org.hibernate.orm.jdbc.error - HHH000247: ErrorCode: 1048, SQLState: 23000
2026-08-26 02:27:13 WARN  org.hibernate.orm.jdbc.error - Column 'first_name' cannot be null
2026-08-26 02:27:13 WARN  o.s.w.s.m.m.a.ExceptionHandlerExceptionResolver - Resolved [org.springframework.dao.DataIntegrityViolationException: could not execute statement [Column 'first_name' cannot be null] [insert into patient (age,first_name,last_name) values (?,?,?)]; SQL [insert into patient (age,first_name,last_name) values (?,?,?)]; constraint [first_name]]
2026-08-26 02:30:19 INFO  c.v.c.p.r.PatientController - Fetching all patients
2026-08-26 02:30:19 DEBUG org.hibernate.SQL - select p1_0.id,p1_0.age,p1_0.first_name,p1_0.last_name from patient p1_0
2026-08-26 02:30:19 DEBUG org.hibernate.SQL - select cd1_0.patient_id,cd1_0.id,cd1_0.component_name,cd1_0.component_value,cd1_0.measured_date_time from clinicaldata cd1_0 where cd1_0.patient_id=?
2026-08-26 02:30:19 TRACE org.hibernate.orm.jdbc.bind - binding parameter (1:BIGINT) <- [11]
2026-08-26 02:30:19 DEBUG org.hibernate.SQL - select cd1_0.patient_id,cd1_0.id,cd1_0.component_name,cd1_0.component_value,cd1_0.measured_date_time from clinicaldata cd1_0 where cd1_0.patient_id=?
2026-08-26 02:30:19 TRACE org.hibernate.orm.jdbc.bind - binding parameter (1:BIGINT) <- [10]
2026-08-26 02:30:19 DEBUG org.hibernate.SQL - select cd1_0.patient_id,cd1_0.id,cd1_0.component_name,cd1_0.component_value,cd1_0.measured_date_time from clinicaldata cd1_0 where cd1_0.patient_id=?
2026-08-26 02:30:19 TRACE org.hibernate.orm.jdbc.bind - binding parameter (1:BIGINT) <- [9]
2026-08-26 02:30:19 DEBUG org.hibernate.SQL - select cd1_0.patient_id,cd1_0.id,cd1_0.component_name,cd1_0.component_value,cd1_0.measured_date_time from clinicaldata cd1_0 where cd1_0.patient_id=?
2026-08-26 02:30:19 TRACE org.hibernate.orm.jdbc.bind - binding parameter (1:BIGINT) <- [8]
2026-08-26 02:30:19 DEBUG org.hibernate.SQL - select cd1_0.patient_id,cd1_0.id,cd1_0.component_name,cd1_0.component_value,cd1_0.measured_date_time from clinicaldata cd1_0 where cd1_0.patient_id=?
2026-08-26 02:30:19 TRACE org.hibernate.orm.jdbc.bind - binding parameter (1:BIGINT) <- [7]
2026-08-26 02:30:19 DEBUG org.hibernate.SQL - select cd1_0.patient_id,cd1_0.id,cd1_0.component_name,cd1_0.component_value,cd1_0.measured_date_time from clinicaldata cd1_0 where cd1_0.patient_id=?
2026-08-26 02:30:19 TRACE org.hibernate.orm.jdbc.bind - binding parameter (1:BIGINT) <- [6]
2026-08-26 02:30:19 DEBUG org.hibernate.SQL - select cd1_0.patient_id,cd1_0.id,cd1_0.component_name,cd1_0.component_value,cd1_0.measured_date_time from clinicaldata cd1_0 where cd1_0.patient_id=?
2026-08-26 02:30:19 TRACE org.hibernate.orm.jdbc.bind - binding parameter (1:BIGINT) <- [5]
2026-08-26 02:30:19 DEBUG org.hibernate.SQL - select cd1_0.patient_id,cd1_0.id,cd1_0.component_name,cd1_0.component_value,cd1_0.measured_date_time from clinicaldata cd1_0 where cd1_0.patient_id=?
2026-08-26 02:30:19 TRACE org.hibernate.orm.jdbc.bind - binding parameter (1:BIGINT) <- [4]
2026-08-26 02:30:19 DEBUG org.hibernate.SQL - select cd1_0.patient_id,cd1_0.id,cd1_0.component_name,cd1_0.component_value,cd1_0.measured_date_time from clinicaldata cd1_0 where cd1_0.patient_id=?
2026-08-26 02:30:19 TRACE org.hibernate.orm.jdbc.bind - binding parameter (1:BIGINT) <- [3]
2026-08-26 02:30:19 DEBUG org.hibernate.SQL - select cd1_0.patient_id,cd1_0.id,cd1_0.component_name,cd1_0.component_value,cd1_0.measured_date_time from clinicaldata cd1_0 where cd1_0.patient_id=?
2026-08-26 02:30:19 TRACE org.hibernate.orm.jdbc.bind - binding parameter (1:BIGINT) <- [2]
2026-08-26 02:30:19 DEBUG org.hibernate.SQL - select cd1_0.patient_id,cd1_0.id,cd1_0.component_name,cd1_0.component_value,cd1_0.measured_date_time from clinicaldata cd1_0 where cd1_0.patient_id=?
2026-08-26 02:30:19 TRACE org.hibernate.orm.jdbc.bind - binding parameter (1:BIGINT) <- [1]
2026-08-26 02:30:19 INFO  c.v.c.p.r.PatientController - Fetching all patients
2026-08-26 02:30:19 DEBUG org.hibernate.SQL - select p1_0.id,p1_0.age,p1_0.first_name,p1_0.last_name from patient p1_0
2026-08-26 02:30:19 DEBUG org.hibernate.SQL - select cd1_0.patient_id,cd1_0.id,cd1_0.component_name,cd1_0.component_value,cd1_0.measured_date_time from clinicaldata cd1_0 where cd1_0.patient_id=?
2026-08-26 02:30:19 TRACE org.hibernate.orm.jdbc.bind - binding parameter (1:BIGINT) <- [11]
2026-08-26 02:30:19 DEBUG org.hibernate.SQL - select cd1_0.patient_id,cd1_0.id,cd1_0.component_name,cd1_0.component_value,cd1_0.measured_date_time from clinicaldata cd1_0 where cd1_0.patient_id=?
2026-08-26 02:30:19 TRACE org.hibernate.orm.jdbc.bind - binding parameter (1:BIGINT) <- [10]
2026-08-26 02:30:19 DEBUG org.hibernate.SQL - select cd1_0.patient_id,cd1_0.id,cd1_0.component_name,cd1_0.component_value,cd1_0.measured_date_time from clinicaldata cd1_0 where cd1_0.patient_id=?
2026-08-26 02:30:19 TRACE org.hibernate.orm.jdbc.bind - binding parameter (1:BIGINT) <- [9]
2026-08-26 02:30:19 DEBUG org.hibernate.SQL - select cd1_0.patient_id,cd1_0.id,cd1_0.component_name,cd1_0.component_value,cd1_0.measured_date_time from clinicaldata cd1_0 where cd1_0.patient_id=?
2026-08-26 02:30:19 TRACE org.hibernate.orm.jdbc.bind - binding parameter (1:BIGINT) <- [8]
2026-08-26 02:30:19 DEBUG org.hibernate.SQL - select cd1_0.patient_id,cd1_0.id,cd1_0.component_name,cd1_0.component_value,cd1_0.measured_date_time from clinicaldata cd1_0 where cd1_0.patient_id=?
2026-08-26 02:30:19 TRACE org.hibernate.orm.jdbc.bind - binding parameter (1:BIGINT) <- [7]
2026-08-26 02:30:19 DEBUG org.hibernate.SQL - select cd1_0.patient_id,cd1_0.id,cd1_0.component_name,cd1_0.component_value,cd1_0.measured_date_time from clinicaldata cd1_0 where cd1_0.patient_id=?
2026-08-26 02:30:19 TRACE org.hibernate.orm.jdbc.bind - binding parameter (1:BIGINT) <- [6]
2026-08-26 02:30:19 DEBUG org.hibernate.SQL - select cd1_0.patient_id,cd1_0.id,cd1_0.component_name,cd1_0.component_value,cd1_0.measured_date_time from clinicaldata cd1_0 where cd1_0.patient_id=?
2026-08-26 02:30:19 TRACE org.hibernate.orm.jdbc.bind - binding parameter (1:BIGINT) <- [5]
2026-08-26 02:30:19 DEBUG org.hibernate.SQL - select cd1_0.patient_id,cd1_0.id,cd1_0.component_name,cd1_0.component_value,cd1_0.measured_date_time from clinicaldata cd1_0 where cd1_0.patient_id=?
2026-08-26 02:30:19 TRACE org.hibernate.orm.jdbc.bind - binding parameter (1:BIGINT) <- [4]
2026-08-26 02:30:19 DEBUG org.hibernate.SQL - select cd1_0.patient_id,cd1_0.id,cd1_0.component_name,cd1_0.component_value,cd1_0.measured_date_time from clinicaldata cd1_0 where cd1_0.patient_id=?
2026-08-26 02:30:19 TRACE org.hibernate.orm.jdbc.bind - binding parameter (1:BIGINT) <- [3]
2026-08-26 02:30:19 DEBUG org.hibernate.SQL - select cd1_0.patient_id,cd1_0.id,cd1_0.component_name,cd1_0.component_value,cd1_0.measured_date_time from clinicaldata cd1_0 where cd1_0.patient_id=?
2026-08-26 02:30:19 TRACE org.hibernate.orm.jdbc.bind - binding parameter (1:BIGINT) <- [2]
2026-08-26 02:30:20 DEBUG org.hibernate.SQL - select cd1_0.patient_id,cd1_0.id,cd1_0.component_name,cd1_0.component_value,cd1_0.measured_date_time from clinicaldata cd1_0 where cd1_0.patient_id=?
2026-08-26 02:30:20 TRACE org.hibernate.orm.jdbc.bind - binding parameter (1:BIGINT) <- [1]
2026-08-26 02:30:24 DEBUG org.hibernate.SQL - insert into patient (age,first_name,last_name) values (?,?,?)
2026-08-26 02:30:24 TRACE org.hibernate.orm.jdbc.bind - binding parameter (1:INTEGER) <- [28]
2026-08-26 02:30:24 TRACE org.hibernate.orm.jdbc.bind - binding parameter (2:VARCHAR) <- [null]
2026-08-26 02:30:24 TRACE org.hibernate.orm.jdbc.bind - binding parameter (3:VARCHAR) <- [null]
2026-08-26 02:30:24 WARN  org.hibernate.orm.jdbc.error - HHH000247: ErrorCode: 1048, SQLState: 23000
2026-08-26 02:30:24 WARN  org.hibernate.orm.jdbc.error - Column 'first_name' cannot be null
2026-08-26 02:30:24 WARN  o.s.w.s.m.m.a.ExceptionHandlerExceptionResolver - Resolved [org.springframework.dao.DataIntegrityViolationException: could not execute statement [Column 'first_name' cannot be null] [insert into patient (age,first_name,last_name) values (?,?,?)]; SQL [insert into patient (age,first_name,last_name) values (?,?,?)]; constraint [first_name]]
2026-08-26 02:30:53 INFO  c.v.c.p.PatientClinicalDataApiApplication - Starting PatientClinicalDataApiApplication using Java 17.0.8 with PID 10712 (D:\GitHub\Patient-clinical-data-api\target\classes started by DELL in D:\GitHub\Patient-clinical-data-api)
2026-08-26 02:30:53 DEBUG c.v.c.p.PatientClinicalDataApiApplication - Running with Spring Boot v4.2.0-SNAPSHOT, Spring v7.1.0-M1
2026-08-26 02:30:53 INFO  c.v.c.p.PatientClinicalDataApiApplication - No active profile set, falling back to 1 default profile: "default"
2026-08-26 02:30:53 INFO  o.s.b.d.e.DevToolsPropertyDefaultsPostProcessor - Devtools property defaults active! Set 'spring.devtools.add-properties' to 'false' to disable
2026-08-26 02:30:53 INFO  o.s.b.d.e.DevToolsPropertyDefaultsPostProcessor - For additional web related logging consider setting the 'logging.level.web' property to 'DEBUG'
2026-08-26 02:30:54 INFO  o.s.d.r.c.RepositoryConfigurationDelegate - Bootstrapping Spring Data JPA repositories in DEFAULT mode.
2026-08-26 02:30:54 INFO  o.s.d.r.c.RepositoryConfigurationDelegate - Finished Spring Data repository scanning in 59 ms. Found 2 JPA repository interfaces.
2026-08-26 02:30:55 INFO  o.s.boot.tomcat.TomcatWebServer - Tomcat initialized with port 8080 (http)
2026-08-26 02:30:55 INFO  o.a.catalina.core.StandardService - Starting service [Tomcat]
2026-08-26 02:30:55 INFO  o.a.catalina.core.StandardEngine - Starting Servlet engine: [Apache Tomcat/11.0.24]
2026-08-26 02:30:55 INFO  o.s.b.w.c.s.WebApplicationContextInitializer - Root WebApplicationContext: initialization completed in 2189 ms
2026-08-26 02:30:56 INFO  com.zaxxer.hikari.HikariDataSource - HikariPool-1 - Starting...
2026-08-26 02:30:56 INFO  com.zaxxer.hikari.pool.HikariPool - HikariPool-1 - Added connection com.mysql.cj.jdbc.ConnectionImpl@60fe49b9
2026-08-26 02:30:56 INFO  com.zaxxer.hikari.HikariDataSource - HikariPool-1 - Start completed.
2026-08-26 02:30:56 INFO  org.hibernate.orm.jpa - HHH008540: Processing PersistenceUnitInfo [name: default]
2026-08-26 02:30:56 INFO  org.hibernate.orm.core - HHH000001: Hibernate ORM core version 7.4.5.Final
2026-08-26 02:30:57 INFO  o.s.o.j.p.SpringPersistenceUnitInfo - No LoadTimeWeaver setup: ignoring JPA class transformer
2026-08-26 02:30:57 INFO  o.hibernate.orm.connections.pooling - HHH10001005: Database info:
	Database JDBC URL [jdbc:mysql://localhost:3306/clinicals?useSSL=false&serverTimezone=UTC]
	Database driver: MySQL Connector/J
	Database dialect: MySQLDialect
	Database version: 8.0.27
	Default catalog/schema: clinicals/undefined
	Autocommit mode: undefined/unknown
	Isolation level: REPEATABLE_READ [default REPEATABLE_READ]
	JDBC fetch size: none
	Pool: DataSourceConnectionProvider
	Minimum pool size: undefined/unknown
	Maximum pool size: undefined/unknown
2026-08-26 02:30:58 INFO  org.hibernate.orm.core - HHH000489: No JTA platform available (set 'hibernate.transaction.jta.platform' to enable JTA platform integration)
2026-08-26 02:30:58 INFO  o.s.o.j.LocalContainerEntityManagerFactoryBean - Initialized JPA EntityManagerFactory for persistence unit 'default'
2026-08-26 02:30:58 INFO  o.s.d.j.r.q.QueryEnhancerFactories - Hibernate is in classpath; If applicable, HQL parser will be used.
2026-08-26 02:30:58 WARN  o.s.b.j.a.JpaBaseConfiguration$JpaWebConfiguration - spring.jpa.open-in-view is enabled by default. Therefore, database queries may be performed during view rendering. Explicitly configure spring.jpa.open-in-view to disable this warning
2026-08-26 02:30:59 INFO  o.s.b.a.e.web.EndpointLinksResolver - Exposing 1 endpoint beneath base path '/actuator'
2026-08-26 02:30:59 INFO  o.s.boot.tomcat.TomcatWebServer - Tomcat started on port 8080 (http) with context path '/patient-services'
2026-08-26 02:30:59 INFO  c.v.c.p.PatientClinicalDataApiApplication - Started PatientClinicalDataApiApplication in 6.557 seconds (process running for 7.021)
2026-08-26 02:30:59 INFO  o.a.c.c.C.[.[.[/patient-services] - Initializing Spring DispatcherServlet 'dispatcherServlet'
2026-08-26 02:30:59 INFO  o.s.web.servlet.DispatcherServlet - Initializing Servlet 'dispatcherServlet'
2026-08-26 02:30:59 INFO  o.s.web.servlet.DispatcherServlet - Completed initialization in 3 ms
2026-08-26 02:31:35 DEBUG org.hibernate.SQL - insert into patient (age,first_name,last_name) values (?,?,?)
2026-08-26 02:31:35 TRACE org.hibernate.orm.jdbc.bind - binding parameter (1:INTEGER) <- [28]
2026-08-26 02:31:35 TRACE org.hibernate.orm.jdbc.bind - binding parameter (2:VARCHAR) <- [null]
2026-08-26 02:31:35 TRACE org.hibernate.orm.jdbc.bind - binding parameter (3:VARCHAR) <- [null]
2026-08-26 02:31:35 WARN  org.hibernate.orm.jdbc.error - HHH000247: ErrorCode: 1048, SQLState: 23000
2026-08-26 02:31:35 WARN  org.hibernate.orm.jdbc.error - Column 'first_name' cannot be null
2026-08-26 02:31:35 WARN  o.s.w.s.m.m.a.ExceptionHandlerExceptionResolver - Resolved [org.springframework.dao.DataIntegrityViolationException: could not execute statement [Column 'first_name' cannot be null] [insert into patient (age,first_name,last_name) values (?,?,?)]; SQL [insert into patient (age,first_name,last_name) values (?,?,?)]; constraint [first_name]]
2026-08-26 02:32:45 INFO  c.v.c.p.r.PatientController - Fetching all patients
2026-08-26 02:32:45 DEBUG org.hibernate.SQL - select p1_0.id,p1_0.age,p1_0.first_name,p1_0.last_name from patient p1_0
2026-08-26 02:32:45 DEBUG org.hibernate.SQL - select cd1_0.patient_id,cd1_0.id,cd1_0.component_name,cd1_0.component_value,cd1_0.measured_date_time from clinicaldata cd1_0 where cd1_0.patient_id=?
2026-08-26 02:32:45 TRACE org.hibernate.orm.jdbc.bind - binding parameter (1:BIGINT) <- [11]
2026-08-26 02:32:45 DEBUG org.hibernate.SQL - select cd1_0.patient_id,cd1_0.id,cd1_0.component_name,cd1_0.component_value,cd1_0.measured_date_time from clinicaldata cd1_0 where cd1_0.patient_id=?
2026-08-26 02:32:45 TRACE org.hibernate.orm.jdbc.bind - binding parameter (1:BIGINT) <- [10]
2026-08-26 02:32:45 DEBUG org.hibernate.SQL - select cd1_0.patient_id,cd1_0.id,cd1_0.component_name,cd1_0.component_value,cd1_0.measured_date_time from clinicaldata cd1_0 where cd1_0.patient_id=?
2026-08-26 02:32:45 TRACE org.hibernate.orm.jdbc.bind - binding parameter (1:BIGINT) <- [9]
2026-08-26 02:32:45 DEBUG org.hibernate.SQL - select cd1_0.patient_id,cd1_0.id,cd1_0.component_name,cd1_0.component_value,cd1_0.measured_date_time from clinicaldata cd1_0 where cd1_0.patient_id=?
2026-08-26 02:32:45 TRACE org.hibernate.orm.jdbc.bind - binding parameter (1:BIGINT) <- [8]
2026-08-26 02:32:45 DEBUG org.hibernate.SQL - select cd1_0.patient_id,cd1_0.id,cd1_0.component_name,cd1_0.component_value,cd1_0.measured_date_time from clinicaldata cd1_0 where cd1_0.patient_id=?
2026-08-26 02:32:45 TRACE org.hibernate.orm.jdbc.bind - binding parameter (1:BIGINT) <- [7]
2026-08-26 02:32:45 DEBUG org.hibernate.SQL - select cd1_0.patient_id,cd1_0.id,cd1_0.component_name,cd1_0.component_value,cd1_0.measured_date_time from clinicaldata cd1_0 where cd1_0.patient_id=?
2026-08-26 02:32:45 TRACE org.hibernate.orm.jdbc.bind - binding parameter (1:BIGINT) <- [6]
2026-08-26 02:32:45 DEBUG org.hibernate.SQL - select cd1_0.patient_id,cd1_0.id,cd1_0.component_name,cd1_0.component_value,cd1_0.measured_date_time from clinicaldata cd1_0 where cd1_0.patient_id=?
2026-08-26 02:32:45 TRACE org.hibernate.orm.jdbc.bind - binding parameter (1:BIGINT) <- [5]
2026-08-26 02:32:45 DEBUG org.hibernate.SQL - select cd1_0.patient_id,cd1_0.id,cd1_0.component_name,cd1_0.component_value,cd1_0.measured_date_time from clinicaldata cd1_0 where cd1_0.patient_id=?
2026-08-26 02:32:45 TRACE org.hibernate.orm.jdbc.bind - binding parameter (1:BIGINT) <- [4]
2026-08-26 02:32:45 DEBUG org.hibernate.SQL - select cd1_0.patient_id,cd1_0.id,cd1_0.component_name,cd1_0.component_value,cd1_0.measured_date_time from clinicaldata cd1_0 where cd1_0.patient_id=?
2026-08-26 02:32:45 TRACE org.hibernate.orm.jdbc.bind - binding parameter (1:BIGINT) <- [3]
2026-08-26 02:32:45 DEBUG org.hibernate.SQL - select cd1_0.patient_id,cd1_0.id,cd1_0.component_name,cd1_0.component_value,cd1_0.measured_date_time from clinicaldata cd1_0 where cd1_0.patient_id=?
2026-08-26 02:32:45 TRACE org.hibernate.orm.jdbc.bind - binding parameter (1:BIGINT) <- [2]
2026-08-26 02:32:45 DEBUG org.hibernate.SQL - select cd1_0.patient_id,cd1_0.id,cd1_0.component_name,cd1_0.component_value,cd1_0.measured_date_time from clinicaldata cd1_0 where cd1_0.patient_id=?
2026-08-26 02:32:45 TRACE org.hibernate.orm.jdbc.bind - binding parameter (1:BIGINT) <- [1]
2026-08-26 02:32:45 INFO  c.v.c.p.r.PatientController - Fetching all patients
2026-08-26 02:32:45 DEBUG org.hibernate.SQL - select p1_0.id,p1_0.age,p1_0.first_name,p1_0.last_name from patient p1_0
2026-08-26 02:32:45 DEBUG org.hibernate.SQL - select cd1_0.patient_id,cd1_0.id,cd1_0.component_name,cd1_0.component_value,cd1_0.measured_date_time from clinicaldata cd1_0 where cd1_0.patient_id=?
2026-08-26 02:32:45 TRACE org.hibernate.orm.jdbc.bind - binding parameter (1:BIGINT) <- [11]
2026-08-26 02:32:45 DEBUG org.hibernate.SQL - select cd1_0.patient_id,cd1_0.id,cd1_0.component_name,cd1_0.component_value,cd1_0.measured_date_time from clinicaldata cd1_0 where cd1_0.patient_id=?
2026-08-26 02:32:45 TRACE org.hibernate.orm.jdbc.bind - binding parameter (1:BIGINT) <- [10]
2026-08-26 02:32:45 DEBUG org.hibernate.SQL - select cd1_0.patient_id,cd1_0.id,cd1_0.component_name,cd1_0.component_value,cd1_0.measured_date_time from clinicaldata cd1_0 where cd1_0.patient_id=?
2026-08-26 02:32:45 TRACE org.hibernate.orm.jdbc.bind - binding parameter (1:BIGINT) <- [9]
2026-08-26 02:32:45 DEBUG org.hibernate.SQL - select cd1_0.patient_id,cd1_0.id,cd1_0.component_name,cd1_0.component_value,cd1_0.measured_date_time from clinicaldata cd1_0 where cd1_0.patient_id=?
2026-08-26 02:32:45 TRACE org.hibernate.orm.jdbc.bind - binding parameter (1:BIGINT) <- [8]
2026-08-26 02:32:45 DEBUG org.hibernate.SQL - select cd1_0.patient_id,cd1_0.id,cd1_0.component_name,cd1_0.component_value,cd1_0.measured_date_time from clinicaldata cd1_0 where cd1_0.patient_id=?
2026-08-26 02:32:45 TRACE org.hibernate.orm.jdbc.bind - binding parameter (1:BIGINT) <- [7]
2026-08-26 02:32:45 DEBUG org.hibernate.SQL - select cd1_0.patient_id,cd1_0.id,cd1_0.component_name,cd1_0.component_value,cd1_0.measured_date_time from clinicaldata cd1_0 where cd1_0.patient_id=?
2026-08-26 02:32:45 TRACE org.hibernate.orm.jdbc.bind - binding parameter (1:BIGINT) <- [6]
2026-08-26 02:32:45 DEBUG org.hibernate.SQL - select cd1_0.patient_id,cd1_0.id,cd1_0.component_name,cd1_0.component_value,cd1_0.measured_date_time from clinicaldata cd1_0 where cd1_0.patient_id=?
2026-08-26 02:32:45 TRACE org.hibernate.orm.jdbc.bind - binding parameter (1:BIGINT) <- [5]
2026-08-26 02:32:45 DEBUG org.hibernate.SQL - select cd1_0.patient_id,cd1_0.id,cd1_0.component_name,cd1_0.component_value,cd1_0.measured_date_time from clinicaldata cd1_0 where cd1_0.patient_id=?
2026-08-26 02:32:45 TRACE org.hibernate.orm.jdbc.bind - binding parameter (1:BIGINT) <- [4]
2026-08-26 02:32:45 DEBUG org.hibernate.SQL - select cd1_0.patient_id,cd1_0.id,cd1_0.component_name,cd1_0.component_value,cd1_0.measured_date_time from clinicaldata cd1_0 where cd1_0.patient_id=?
2026-08-26 02:32:45 TRACE org.hibernate.orm.jdbc.bind - binding parameter (1:BIGINT) <- [3]
2026-08-26 02:32:45 DEBUG org.hibernate.SQL - select cd1_0.patient_id,cd1_0.id,cd1_0.component_name,cd1_0.component_value,cd1_0.measured_date_time from clinicaldata cd1_0 where cd1_0.patient_id=?
2026-08-26 02:32:45 TRACE org.hibernate.orm.jdbc.bind - binding parameter (1:BIGINT) <- [2]
2026-08-26 02:32:45 DEBUG org.hibernate.SQL - select cd1_0.patient_id,cd1_0.id,cd1_0.component_name,cd1_0.component_value,cd1_0.measured_date_time from clinicaldata cd1_0 where cd1_0.patient_id=?
2026-08-26 02:32:45 TRACE org.hibernate.orm.jdbc.bind - binding parameter (1:BIGINT) <- [1]
2026-08-26 02:32:51 DEBUG org.hibernate.SQL - insert into patient (age,first_name,last_name) values (?,?,?)
2026-08-26 02:32:51 TRACE org.hibernate.orm.jdbc.bind - binding parameter (1:INTEGER) <- [28]
2026-08-26 02:32:51 TRACE org.hibernate.orm.jdbc.bind - binding parameter (2:VARCHAR) <- [null]
2026-08-26 02:32:51 TRACE org.hibernate.orm.jdbc.bind - binding parameter (3:VARCHAR) <- [null]
2026-08-26 02:32:51 WARN  org.hibernate.orm.jdbc.error - HHH000247: ErrorCode: 1048, SQLState: 23000
2026-08-26 02:32:51 WARN  org.hibernate.orm.jdbc.error - Column 'first_name' cannot be null
2026-08-26 02:32:51 WARN  o.s.w.s.m.m.a.ExceptionHandlerExceptionResolver - Resolved [org.springframework.dao.DataIntegrityViolationException: could not execute statement [Column 'first_name' cannot be null] [insert into patient (age,first_name,last_name) values (?,?,?)]; SQL [insert into patient (age,first_name,last_name) values (?,?,?)]; constraint [first_name]]
2026-08-26 02:33:09 DEBUG org.hibernate.SQL - insert into patient (age,first_name,last_name) values (?,?,?)
2026-08-26 02:33:09 TRACE org.hibernate.orm.jdbc.bind - binding parameter (1:INTEGER) <- [28]
2026-08-26 02:33:09 TRACE org.hibernate.orm.jdbc.bind - binding parameter (2:VARCHAR) <- [null]
2026-08-26 02:33:09 TRACE org.hibernate.orm.jdbc.bind - binding parameter (3:VARCHAR) <- [null]
2026-08-26 02:33:09 WARN  org.hibernate.orm.jdbc.error - HHH000247: ErrorCode: 1048, SQLState: 23000
2026-08-26 02:33:09 WARN  org.hibernate.orm.jdbc.error - Column 'first_name' cannot be null
2026-08-26 02:33:09 WARN  o.s.w.s.m.m.a.ExceptionHandlerExceptionResolver - Resolved [org.springframework.dao.DataIntegrityViolationException: could not execute statement [Column 'first_name' cannot be null] [insert into patient (age,first_name,last_name) values (?,?,?)]; SQL [insert into patient (age,first_name,last_name) values (?,?,?)]; constraint [first_name]]
2026-08-26 02:35:59 DEBUG org.hibernate.SQL - insert into patient (age,first_name,last_name) values (?,?,?)
2026-08-26 02:35:59 TRACE org.hibernate.orm.jdbc.bind - binding parameter (1:INTEGER) <- [28]
2026-08-26 02:35:59 TRACE org.hibernate.orm.jdbc.bind - binding parameter (2:VARCHAR) <- [null]
2026-08-26 02:35:59 TRACE org.hibernate.orm.jdbc.bind - binding parameter (3:VARCHAR) <- [null]
2026-08-26 02:35:59 WARN  org.hibernate.orm.jdbc.error - HHH000247: ErrorCode: 1048, SQLState: 23000
2026-08-26 02:35:59 WARN  org.hibernate.orm.jdbc.error - Column 'first_name' cannot be null
2026-08-26 02:35:59 WARN  o.s.w.s.m.m.a.ExceptionHandlerExceptionResolver - Resolved [org.springframework.dao.DataIntegrityViolationException: could not execute statement [Column 'first_name' cannot be null] [insert into patient (age,first_name,last_name) values (?,?,?)]; SQL [insert into patient (age,first_name,last_name) values (?,?,?)]; constraint [first_name]]
2026-08-26 02:40:26 INFO  c.v.c.p.PatientClinicalDataApiApplication - Starting PatientClinicalDataApiApplication using Java 17.0.8 with PID 24016 (D:\GitHub\Patient-clinical-data-api\target\classes started by DELL in D:\GitHub\Patient-clinical-data-api)
2026-08-26 02:40:26 DEBUG c.v.c.p.PatientClinicalDataApiApplication - Running with Spring Boot v4.2.0-SNAPSHOT, Spring v7.1.0-M1
2026-08-26 02:40:26 INFO  c.v.c.p.PatientClinicalDataApiApplication - No active profile set, falling back to 1 default profile: "default"
2026-08-26 02:40:27 INFO  o.s.b.d.e.DevToolsPropertyDefaultsPostProcessor - Devtools property defaults active! Set 'spring.devtools.add-properties' to 'false' to disable
2026-08-26 02:40:27 INFO  o.s.b.d.e.DevToolsPropertyDefaultsPostProcessor - For additional web related logging consider setting the 'logging.level.web' property to 'DEBUG'
2026-08-26 02:40:29 INFO  o.s.d.r.c.RepositoryConfigurationDelegate - Bootstrapping Spring Data JPA repositories in DEFAULT mode.
2026-08-26 02:40:29 INFO  o.s.d.r.c.RepositoryConfigurationDelegate - Finished Spring Data repository scanning in 103 ms. Found 2 JPA repository interfaces.
2026-08-26 02:40:30 INFO  o.s.boot.tomcat.TomcatWebServer - Tomcat initialized with port 8080 (http)
2026-08-26 02:40:30 INFO  o.a.catalina.core.StandardService - Starting service [Tomcat]
2026-08-26 02:40:30 INFO  o.a.catalina.core.StandardEngine - Starting Servlet engine: [Apache Tomcat/11.0.24]
2026-08-26 02:40:30 INFO  o.s.b.w.c.s.WebApplicationContextInitializer - Root WebApplicationContext: initialization completed in 3681 ms
2026-08-26 02:40:31 INFO  com.zaxxer.hikari.HikariDataSource - HikariPool-1 - Starting...
2026-08-26 02:40:31 INFO  com.zaxxer.hikari.pool.HikariPool - HikariPool-1 - Added connection com.mysql.cj.jdbc.ConnectionImpl@50f2758c
2026-08-26 02:40:31 INFO  com.zaxxer.hikari.HikariDataSource - HikariPool-1 - Start completed.
2026-08-26 02:40:31 INFO  org.hibernate.orm.jpa - HHH008540: Processing PersistenceUnitInfo [name: default]
2026-08-26 02:40:31 INFO  org.hibernate.orm.core - HHH000001: Hibernate ORM core version 7.4.5.Final
2026-08-26 02:40:32 INFO  o.s.o.j.p.SpringPersistenceUnitInfo - No LoadTimeWeaver setup: ignoring JPA class transformer
2026-08-26 02:40:32 INFO  o.hibernate.orm.connections.pooling - HHH10001005: Database info:
	Database JDBC URL [jdbc:mysql://localhost:3306/clinicals?useSSL=false&serverTimezone=UTC]
	Database driver: MySQL Connector/J
	Database dialect: MySQLDialect
	Database version: 8.0.27
	Default catalog/schema: clinicals/undefined
	Autocommit mode: undefined/unknown
	Isolation level: REPEATABLE_READ [default REPEATABLE_READ]
	JDBC fetch size: none
	Pool: DataSourceConnectionProvider
	Minimum pool size: undefined/unknown
	Maximum pool size: undefined/unknown
2026-08-26 02:40:33 INFO  org.hibernate.orm.core - HHH000489: No JTA platform available (set 'hibernate.transaction.jta.platform' to enable JTA platform integration)
2026-08-26 02:40:33 INFO  o.s.o.j.LocalContainerEntityManagerFactoryBean - Initialized JPA EntityManagerFactory for persistence unit 'default'
2026-08-26 02:40:33 INFO  o.s.d.j.r.q.QueryEnhancerFactories - Hibernate is in classpath; If applicable, HQL parser will be used.
2026-08-26 02:40:34 WARN  o.s.b.j.a.JpaBaseConfiguration$JpaWebConfiguration - spring.jpa.open-in-view is enabled by default. Therefore, database queries may be performed during view rendering. Explicitly configure spring.jpa.open-in-view to disable this warning
2026-08-26 02:40:35 INFO  o.s.b.a.e.web.EndpointLinksResolver - Exposing 1 endpoint beneath base path '/actuator'
2026-08-26 02:40:35 INFO  o.s.boot.tomcat.TomcatWebServer - Tomcat started on port 8080 (http) with context path '/patient-services'
2026-08-26 02:40:35 INFO  c.v.c.p.PatientClinicalDataApiApplication - Started PatientClinicalDataApiApplication in 9.046 seconds (process running for 9.485)
2026-08-26 02:40:35 INFO  o.a.c.c.C.[.[.[/patient-services] - Initializing Spring DispatcherServlet 'dispatcherServlet'
2026-08-26 02:40:35 INFO  o.s.web.servlet.DispatcherServlet - Initializing Servlet 'dispatcherServlet'
2026-08-26 02:40:35 INFO  o.s.web.servlet.DispatcherServlet - Completed initialization in 3 ms
2026-08-26 02:43:57 WARN  o.s.w.s.m.m.a.ExceptionHandlerExceptionResolver - Resolved [org.springframework.web.servlet.resource.NoResourceFoundException: No static resource api/patients for request '/patient-services/api/patients'.]
2026-08-26 02:44:35 INFO  c.v.c.p.PatientClinicalDataApiApplication - Starting PatientClinicalDataApiApplication using Java 17.0.8 with PID 12728 (D:\GitHub\Patient-clinical-data-api\target\classes started by DELL in D:\GitHub\Patient-clinical-data-api)
2026-08-26 02:44:35 DEBUG c.v.c.p.PatientClinicalDataApiApplication - Running with Spring Boot v4.2.0-SNAPSHOT, Spring v7.1.0-M1
2026-08-26 02:44:35 INFO  c.v.c.p.PatientClinicalDataApiApplication - No active profile set, falling back to 1 default profile: "default"
2026-08-26 02:44:35 INFO  o.s.b.d.e.DevToolsPropertyDefaultsPostProcessor - Devtools property defaults active! Set 'spring.devtools.add-properties' to 'false' to disable
2026-08-26 02:44:35 INFO  o.s.b.d.e.DevToolsPropertyDefaultsPostProcessor - For additional web related logging consider setting the 'logging.level.web' property to 'DEBUG'
2026-08-26 02:44:36 INFO  o.s.d.r.c.RepositoryConfigurationDelegate - Bootstrapping Spring Data JPA repositories in DEFAULT mode.
2026-08-26 02:44:36 INFO  o.s.d.r.c.RepositoryConfigurationDelegate - Finished Spring Data repository scanning in 140 ms. Found 2 JPA repository interfaces.
2026-08-26 02:44:40 INFO  o.s.boot.tomcat.TomcatWebServer - Tomcat initialized with port 8080 (http)
2026-08-26 02:44:40 INFO  o.a.catalina.core.StandardService - Starting service [Tomcat]
2026-08-26 02:44:40 INFO  o.a.catalina.core.StandardEngine - Starting Servlet engine: [Apache Tomcat/11.0.24]
2026-08-26 02:44:40 INFO  o.s.b.w.c.s.WebApplicationContextInitializer - Root WebApplicationContext: initialization completed in 5131 ms
2026-08-26 02:44:41 INFO  com.zaxxer.hikari.HikariDataSource - HikariPool-1 - Starting...
2026-08-26 02:44:42 INFO  com.zaxxer.hikari.pool.HikariPool - HikariPool-1 - Added connection com.mysql.cj.jdbc.ConnectionImpl@5b78af29
2026-08-26 02:44:42 INFO  com.zaxxer.hikari.HikariDataSource - HikariPool-1 - Start completed.
2026-08-26 02:44:42 INFO  org.hibernate.orm.jpa - HHH008540: Processing PersistenceUnitInfo [name: default]
2026-08-26 02:44:42 INFO  org.hibernate.orm.core - HHH000001: Hibernate ORM core version 7.4.5.Final
2026-08-26 02:44:43 INFO  o.s.o.j.p.SpringPersistenceUnitInfo - No LoadTimeWeaver setup: ignoring JPA class transformer
2026-08-26 02:44:43 INFO  o.hibernate.orm.connections.pooling - HHH10001005: Database info:
	Database JDBC URL [jdbc:mysql://localhost:3306/clinicals?useSSL=false&serverTimezone=UTC]
	Database driver: MySQL Connector/J
	Database dialect: MySQLDialect
	Database version: 8.0.27
	Default catalog/schema: clinicals/undefined
	Autocommit mode: undefined/unknown
	Isolation level: REPEATABLE_READ [default REPEATABLE_READ]
	JDBC fetch size: none
	Pool: DataSourceConnectionProvider
	Minimum pool size: undefined/unknown
	Maximum pool size: undefined/unknown
2026-08-26 02:44:45 INFO  org.hibernate.orm.core - HHH000489: No JTA platform available (set 'hibernate.transaction.jta.platform' to enable JTA platform integration)
2026-08-26 02:44:45 INFO  o.s.o.j.LocalContainerEntityManagerFactoryBean - Initialized JPA EntityManagerFactory for persistence unit 'default'
2026-08-26 02:44:46 INFO  o.s.d.j.r.q.QueryEnhancerFactories - Hibernate is in classpath; If applicable, HQL parser will be used.
2026-08-26 02:44:46 WARN  o.s.b.j.a.JpaBaseConfiguration$JpaWebConfiguration - spring.jpa.open-in-view is enabled by default. Therefore, database queries may be performed during view rendering. Explicitly configure spring.jpa.open-in-view to disable this warning
2026-08-26 02:44:47 INFO  o.s.b.a.e.web.EndpointLinksResolver - Exposing 1 endpoint beneath base path '/actuator'
2026-08-26 02:44:47 INFO  o.s.boot.tomcat.TomcatWebServer - Tomcat started on port 8080 (http) with context path '/patient-services'
2026-08-26 02:44:47 INFO  c.v.c.p.PatientClinicalDataApiApplication - Started PatientClinicalDataApiApplication in 13.128 seconds (process running for 13.659)
2026-08-26 02:44:50 INFO  o.a.c.c.C.[.[.[/patient-services] - Initializing Spring DispatcherServlet 'dispatcherServlet'
2026-08-26 02:44:50 INFO  o.s.web.servlet.DispatcherServlet - Initializing Servlet 'dispatcherServlet'
2026-08-26 02:44:50 INFO  o.s.web.servlet.DispatcherServlet - Completed initialization in 3 ms
2026-08-26 02:45:00 DEBUG org.hibernate.SQL - insert into patient (age,first_name,last_name) values (?,?,?)
2026-08-26 02:45:00 TRACE org.hibernate.orm.jdbc.bind - binding parameter (1:INTEGER) <- [28]
2026-08-26 02:45:00 TRACE org.hibernate.orm.jdbc.bind - binding parameter (2:VARCHAR) <- [null]
2026-08-26 02:45:00 TRACE org.hibernate.orm.jdbc.bind - binding parameter (3:VARCHAR) <- [null]
2026-08-26 02:45:00 WARN  org.hibernate.orm.jdbc.error - HHH000247: ErrorCode: 1048, SQLState: 23000
2026-08-26 02:45:00 WARN  org.hibernate.orm.jdbc.error - Column 'first_name' cannot be null
2026-08-26 02:45:00 WARN  o.s.w.s.m.m.a.ExceptionHandlerExceptionResolver - Resolved [org.springframework.dao.DataIntegrityViolationException: could not execute statement [Column 'first_name' cannot be null] [insert into patient (age,first_name,last_name) values (?,?,?)]; SQL [insert into patient (age,first_name,last_name) values (?,?,?)]; constraint [first_name]]
2026-08-26 02:45:13 INFO  o.s.boot.tomcat.GracefulShutdown - Commencing graceful shutdown. Waiting for active requests to complete
2026-08-26 02:45:14 INFO  o.s.boot.tomcat.GracefulShutdown - Graceful shutdown complete
2026-08-26 02:45:14 INFO  o.s.o.j.LocalContainerEntityManagerFactoryBean - Closing JPA EntityManagerFactory for persistence unit 'default'
2026-08-26 02:45:14 INFO  com.zaxxer.hikari.HikariDataSource - HikariPool-1 - Shutdown initiated...
2026-08-26 02:45:14 INFO  com.zaxxer.hikari.HikariDataSource - HikariPool-1 - Shutdown completed.
2026-08-26 02:45:23 INFO  c.v.c.p.PatientClinicalDataApiApplication - Starting PatientClinicalDataApiApplication using Java 17.0.8 with PID 20064 (D:\GitHub\Patient-clinical-data-api\target\classes started by DELL in D:\GitHub\Patient-clinical-data-api)
2026-08-26 02:45:23 DEBUG c.v.c.p.PatientClinicalDataApiApplication - Running with Spring Boot v4.2.0-SNAPSHOT, Spring v7.1.0-M1
2026-08-26 02:45:23 INFO  c.v.c.p.PatientClinicalDataApiApplication - No active profile set, falling back to 1 default profile: "default"
2026-08-26 02:45:23 INFO  o.s.b.d.e.DevToolsPropertyDefaultsPostProcessor - Devtools property defaults active! Set 'spring.devtools.add-properties' to 'false' to disable
2026-08-26 02:45:23 INFO  o.s.b.d.e.DevToolsPropertyDefaultsPostProcessor - For additional web related logging consider setting the 'logging.level.web' property to 'DEBUG'
2026-08-26 02:45:25 INFO  o.s.d.r.c.RepositoryConfigurationDelegate - Bootstrapping Spring Data JPA repositories in DEFAULT mode.
2026-08-26 02:45:25 INFO  o.s.d.r.c.RepositoryConfigurationDelegate - Finished Spring Data repository scanning in 58 ms. Found 2 JPA repository interfaces.
2026-08-26 02:45:27 INFO  o.s.boot.tomcat.TomcatWebServer - Tomcat initialized with port 8080 (http)
2026-08-26 02:45:27 INFO  o.a.catalina.core.StandardService - Starting service [Tomcat]
2026-08-26 02:45:27 INFO  o.a.catalina.core.StandardEngine - Starting Servlet engine: [Apache Tomcat/11.0.24]
2026-08-26 02:45:27 INFO  o.s.b.w.c.s.WebApplicationContextInitializer - Root WebApplicationContext: initialization completed in 3444 ms
2026-08-26 02:45:27 INFO  com.zaxxer.hikari.HikariDataSource - HikariPool-1 - Starting...
2026-08-26 02:45:28 INFO  com.zaxxer.hikari.pool.HikariPool - HikariPool-1 - Added connection com.mysql.cj.jdbc.ConnectionImpl@499d8292
2026-08-26 02:45:28 INFO  com.zaxxer.hikari.HikariDataSource - HikariPool-1 - Start completed.
2026-08-26 02:45:28 INFO  org.hibernate.orm.jpa - HHH008540: Processing PersistenceUnitInfo [name: default]
2026-08-26 02:45:28 INFO  org.hibernate.orm.core - HHH000001: Hibernate ORM core version 7.4.5.Final
2026-08-26 02:45:28 INFO  o.s.o.j.p.SpringPersistenceUnitInfo - No LoadTimeWeaver setup: ignoring JPA class transformer
2026-08-26 02:45:29 INFO  o.hibernate.orm.connections.pooling - HHH10001005: Database info:
	Database JDBC URL [jdbc:mysql://localhost:3306/clinicals?useSSL=false&serverTimezone=UTC]
	Database driver: MySQL Connector/J
	Database dialect: MySQLDialect
	Database version: 8.0.27
	Default catalog/schema: clinicals/undefined
	Autocommit mode: undefined/unknown
	Isolation level: REPEATABLE_READ [default REPEATABLE_READ]
	JDBC fetch size: none
	Pool: DataSourceConnectionProvider
	Minimum pool size: undefined/unknown
	Maximum pool size: undefined/unknown
2026-08-26 02:45:30 INFO  org.hibernate.orm.core - HHH000489: No JTA platform available (set 'hibernate.transaction.jta.platform' to enable JTA platform integration)
2026-08-26 02:45:30 INFO  o.s.o.j.LocalContainerEntityManagerFactoryBean - Initialized JPA EntityManagerFactory for persistence unit 'default'
2026-08-26 02:45:30 INFO  o.s.d.j.r.q.QueryEnhancerFactories - Hibernate is in classpath; If applicable, HQL parser will be used.
2026-08-26 02:45:30 WARN  o.s.b.j.a.JpaBaseConfiguration$JpaWebConfiguration - spring.jpa.open-in-view is enabled by default. Therefore, database queries may be performed during view rendering. Explicitly configure spring.jpa.open-in-view to disable this warning
2026-08-26 02:45:31 INFO  o.s.b.a.e.web.EndpointLinksResolver - Exposing 1 endpoint beneath base path '/actuator'
2026-08-26 02:45:31 INFO  o.s.boot.tomcat.TomcatWebServer - Tomcat started on port 8080 (http) with context path '/patient-services'
2026-08-26 02:45:31 INFO  c.v.c.p.PatientClinicalDataApiApplication - Started PatientClinicalDataApiApplication in 8.728 seconds (process running for 9.162)
2026-08-26 02:45:32 INFO  o.a.c.c.C.[.[.[/patient-services] - Initializing Spring DispatcherServlet 'dispatcherServlet'
2026-08-26 02:45:32 INFO  o.s.web.servlet.DispatcherServlet - Initializing Servlet 'dispatcherServlet'
2026-08-26 02:45:32 INFO  o.s.web.servlet.DispatcherServlet - Completed initialization in 2 ms
2026-08-26 02:47:18 INFO  c.v.c.p.PatientClinicalDataApiApplication - Starting PatientClinicalDataApiApplication using Java 17.0.8 with PID 15280 (D:\GitHub\Patient-clinical-data-api\target\classes started by DELL in D:\GitHub\Patient-clinical-data-api)
2026-08-26 02:47:18 DEBUG c.v.c.p.PatientClinicalDataApiApplication - Running with Spring Boot v4.2.0-SNAPSHOT, Spring v7.1.0-M1
2026-08-26 02:47:18 INFO  c.v.c.p.PatientClinicalDataApiApplication - No active profile set, falling back to 1 default profile: "default"
2026-08-26 02:47:18 INFO  o.s.b.d.e.DevToolsPropertyDefaultsPostProcessor - Devtools property defaults active! Set 'spring.devtools.add-properties' to 'false' to disable
2026-08-26 02:47:18 INFO  o.s.b.d.e.DevToolsPropertyDefaultsPostProcessor - For additional web related logging consider setting the 'logging.level.web' property to 'DEBUG'
2026-08-26 02:47:20 INFO  o.s.d.r.c.RepositoryConfigurationDelegate - Bootstrapping Spring Data JPA repositories in DEFAULT mode.
2026-08-26 02:47:20 INFO  o.s.d.r.c.RepositoryConfigurationDelegate - Finished Spring Data repository scanning in 83 ms. Found 2 JPA repository interfaces.
2026-08-26 02:47:21 INFO  o.s.boot.tomcat.TomcatWebServer - Tomcat initialized with port 8080 (http)
2026-08-26 02:47:21 INFO  o.a.catalina.core.StandardService - Starting service [Tomcat]
2026-08-26 02:47:21 INFO  o.a.catalina.core.StandardEngine - Starting Servlet engine: [Apache Tomcat/11.0.24]
2026-08-26 02:47:21 INFO  o.s.b.w.c.s.WebApplicationContextInitializer - Root WebApplicationContext: initialization completed in 3406 ms
2026-08-26 02:47:22 INFO  com.zaxxer.hikari.HikariDataSource - HikariPool-1 - Starting...
2026-08-26 02:47:22 INFO  com.zaxxer.hikari.pool.HikariPool - HikariPool-1 - Added connection com.mysql.cj.jdbc.ConnectionImpl@62c80473
2026-08-26 02:47:22 INFO  com.zaxxer.hikari.HikariDataSource - HikariPool-1 - Start completed.
2026-08-26 02:47:22 INFO  org.hibernate.orm.jpa - HHH008540: Processing PersistenceUnitInfo [name: default]
2026-08-26 02:47:23 INFO  org.hibernate.orm.core - HHH000001: Hibernate ORM core version 7.4.5.Final
2026-08-26 02:47:23 INFO  o.s.o.j.p.SpringPersistenceUnitInfo - No LoadTimeWeaver setup: ignoring JPA class transformer
2026-08-26 02:47:24 INFO  o.hibernate.orm.connections.pooling - HHH10001005: Database info:
	Database JDBC URL [jdbc:mysql://localhost:3306/clinicals?useSSL=false&serverTimezone=UTC]
	Database driver: MySQL Connector/J
	Database dialect: MySQLDialect
	Database version: 8.0.27
	Default catalog/schema: clinicals/undefined
	Autocommit mode: undefined/unknown
	Isolation level: REPEATABLE_READ [default REPEATABLE_READ]
	JDBC fetch size: none
	Pool: DataSourceConnectionProvider
	Minimum pool size: undefined/unknown
	Maximum pool size: undefined/unknown
2026-08-26 02:47:25 INFO  org.hibernate.orm.core - HHH000489: No JTA platform available (set 'hibernate.transaction.jta.platform' to enable JTA platform integration)
2026-08-26 02:47:25 INFO  o.s.o.j.LocalContainerEntityManagerFactoryBean - Initialized JPA EntityManagerFactory for persistence unit 'default'
2026-08-26 02:47:25 INFO  o.s.d.j.r.q.QueryEnhancerFactories - Hibernate is in classpath; If applicable, HQL parser will be used.
2026-08-26 02:47:26 WARN  o.s.b.j.a.JpaBaseConfiguration$JpaWebConfiguration - spring.jpa.open-in-view is enabled by default. Therefore, database queries may be performed during view rendering. Explicitly configure spring.jpa.open-in-view to disable this warning
2026-08-26 02:47:27 INFO  o.s.b.a.e.web.EndpointLinksResolver - Exposing 1 endpoint beneath base path '/actuator'
2026-08-26 02:47:27 INFO  o.s.boot.tomcat.TomcatWebServer - Tomcat started on port 8080 (http) with context path '/patient-services'
2026-08-26 02:47:27 INFO  c.v.c.p.PatientClinicalDataApiApplication - Started PatientClinicalDataApiApplication in 10.052 seconds (process running for 10.641)
2026-08-26 02:47:30 INFO  o.a.c.c.C.[.[.[/patient-services] - Initializing Spring DispatcherServlet 'dispatcherServlet'
2026-08-26 02:47:30 INFO  o.s.web.servlet.DispatcherServlet - Initializing Servlet 'dispatcherServlet'
2026-08-26 02:47:30 INFO  o.s.web.servlet.DispatcherServlet - Completed initialization in 2 ms
2026-08-26 02:49:58 INFO  c.v.c.p.r.PatientController - Fetching all patients
2026-08-26 02:50:00 DEBUG org.hibernate.SQL - select p1_0.id,p1_0.age,p1_0.first_name,p1_0.last_name from patient p1_0
2026-08-26 02:50:00 DEBUG org.hibernate.SQL - select cd1_0.patient_id,cd1_0.id,cd1_0.component_name,cd1_0.component_value,cd1_0.measured_date_time from clinicaldata cd1_0 where cd1_0.patient_id=?
2026-08-26 02:50:00 TRACE org.hibernate.orm.jdbc.bind - binding parameter (1:BIGINT) <- [11]
2026-08-26 02:50:00 DEBUG org.hibernate.SQL - select cd1_0.patient_id,cd1_0.id,cd1_0.component_name,cd1_0.component_value,cd1_0.measured_date_time from clinicaldata cd1_0 where cd1_0.patient_id=?
2026-08-26 02:50:00 TRACE org.hibernate.orm.jdbc.bind - binding parameter (1:BIGINT) <- [10]
2026-08-26 02:50:00 DEBUG org.hibernate.SQL - select cd1_0.patient_id,cd1_0.id,cd1_0.component_name,cd1_0.component_value,cd1_0.measured_date_time from clinicaldata cd1_0 where cd1_0.patient_id=?
2026-08-26 02:50:00 TRACE org.hibernate.orm.jdbc.bind - binding parameter (1:BIGINT) <- [9]
2026-08-26 02:50:00 DEBUG org.hibernate.SQL - select cd1_0.patient_id,cd1_0.id,cd1_0.component_name,cd1_0.component_value,cd1_0.measured_date_time from clinicaldata cd1_0 where cd1_0.patient_id=?
2026-08-26 02:50:00 TRACE org.hibernate.orm.jdbc.bind - binding parameter (1:BIGINT) <- [8]
2026-08-26 02:50:00 DEBUG org.hibernate.SQL - select cd1_0.patient_id,cd1_0.id,cd1_0.component_name,cd1_0.component_value,cd1_0.measured_date_time from clinicaldata cd1_0 where cd1_0.patient_id=?
2026-08-26 02:50:00 TRACE org.hibernate.orm.jdbc.bind - binding parameter (1:BIGINT) <- [7]
2026-08-26 02:50:00 DEBUG org.hibernate.SQL - select cd1_0.patient_id,cd1_0.id,cd1_0.component_name,cd1_0.component_value,cd1_0.measured_date_time from clinicaldata cd1_0 where cd1_0.patient_id=?
2026-08-26 02:50:00 TRACE org.hibernate.orm.jdbc.bind - binding parameter (1:BIGINT) <- [6]
2026-08-26 02:50:00 DEBUG org.hibernate.SQL - select cd1_0.patient_id,cd1_0.id,cd1_0.component_name,cd1_0.component_value,cd1_0.measured_date_time from clinicaldata cd1_0 where cd1_0.patient_id=?
2026-08-26 02:50:00 TRACE org.hibernate.orm.jdbc.bind - binding parameter (1:BIGINT) <- [5]
2026-08-26 02:50:00 DEBUG org.hibernate.SQL - select cd1_0.patient_id,cd1_0.id,cd1_0.component_name,cd1_0.component_value,cd1_0.measured_date_time from clinicaldata cd1_0 where cd1_0.patient_id=?
2026-08-26 02:50:00 TRACE org.hibernate.orm.jdbc.bind - binding parameter (1:BIGINT) <- [4]
2026-08-26 02:50:00 DEBUG org.hibernate.SQL - select cd1_0.patient_id,cd1_0.id,cd1_0.component_name,cd1_0.component_value,cd1_0.measured_date_time from clinicaldata cd1_0 where cd1_0.patient_id=?
2026-08-26 02:50:00 TRACE org.hibernate.orm.jdbc.bind - binding parameter (1:BIGINT) <- [3]
2026-08-26 02:50:00 DEBUG org.hibernate.SQL - select cd1_0.patient_id,cd1_0.id,cd1_0.component_name,cd1_0.component_value,cd1_0.measured_date_time from clinicaldata cd1_0 where cd1_0.patient_id=?
2026-08-26 02:50:00 TRACE org.hibernate.orm.jdbc.bind - binding parameter (1:BIGINT) <- [2]
2026-08-26 02:50:00 DEBUG org.hibernate.SQL - select cd1_0.patient_id,cd1_0.id,cd1_0.component_name,cd1_0.component_value,cd1_0.measured_date_time from clinicaldata cd1_0 where cd1_0.patient_id=?
2026-08-26 02:50:00 TRACE org.hibernate.orm.jdbc.bind - binding parameter (1:BIGINT) <- [1]
2026-08-26 02:50:00 INFO  c.v.c.p.r.PatientController - Fetching all patients
2026-08-26 02:50:00 DEBUG org.hibernate.SQL - select p1_0.id,p1_0.age,p1_0.first_name,p1_0.last_name from patient p1_0
2026-08-26 02:50:00 DEBUG org.hibernate.SQL - select cd1_0.patient_id,cd1_0.id,cd1_0.component_name,cd1_0.component_value,cd1_0.measured_date_time from clinicaldata cd1_0 where cd1_0.patient_id=?
2026-08-26 02:50:00 TRACE org.hibernate.orm.jdbc.bind - binding parameter (1:BIGINT) <- [11]
2026-08-26 02:50:00 DEBUG org.hibernate.SQL - select cd1_0.patient_id,cd1_0.id,cd1_0.component_name,cd1_0.component_value,cd1_0.measured_date_time from clinicaldata cd1_0 where cd1_0.patient_id=?
2026-08-26 02:50:00 TRACE org.hibernate.orm.jdbc.bind - binding parameter (1:BIGINT) <- [10]
2026-08-26 02:50:00 DEBUG org.hibernate.SQL - select cd1_0.patient_id,cd1_0.id,cd1_0.component_name,cd1_0.component_value,cd1_0.measured_date_time from clinicaldata cd1_0 where cd1_0.patient_id=?
2026-08-26 02:50:00 TRACE org.hibernate.orm.jdbc.bind - binding parameter (1:BIGINT) <- [9]
2026-08-26 02:50:00 DEBUG org.hibernate.SQL - select cd1_0.patient_id,cd1_0.id,cd1_0.component_name,cd1_0.component_value,cd1_0.measured_date_time from clinicaldata cd1_0 where cd1_0.patient_id=?
2026-08-26 02:50:00 TRACE org.hibernate.orm.jdbc.bind - binding parameter (1:BIGINT) <- [8]
2026-08-26 02:50:00 DEBUG org.hibernate.SQL - select cd1_0.patient_id,cd1_0.id,cd1_0.component_name,cd1_0.component_value,cd1_0.measured_date_time from clinicaldata cd1_0 where cd1_0.patient_id=?
2026-08-26 02:50:00 TRACE org.hibernate.orm.jdbc.bind - binding parameter (1:BIGINT) <- [7]
2026-08-26 02:50:00 DEBUG org.hibernate.SQL - select cd1_0.patient_id,cd1_0.id,cd1_0.component_name,cd1_0.component_value,cd1_0.measured_date_time from clinicaldata cd1_0 where cd1_0.patient_id=?
2026-08-26 02:50:00 TRACE org.hibernate.orm.jdbc.bind - binding parameter (1:BIGINT) <- [6]
2026-08-26 02:50:00 DEBUG org.hibernate.SQL - select cd1_0.patient_id,cd1_0.id,cd1_0.component_name,cd1_0.component_value,cd1_0.measured_date_time from clinicaldata cd1_0 where cd1_0.patient_id=?
2026-08-26 02:50:00 TRACE org.hibernate.orm.jdbc.bind - binding parameter (1:BIGINT) <- [5]
2026-08-26 02:50:00 DEBUG org.hibernate.SQL - select cd1_0.patient_id,cd1_0.id,cd1_0.component_name,cd1_0.component_value,cd1_0.measured_date_time from clinicaldata cd1_0 where cd1_0.patient_id=?
2026-08-26 02:50:00 TRACE org.hibernate.orm.jdbc.bind - binding parameter (1:BIGINT) <- [4]
2026-08-26 02:50:00 DEBUG org.hibernate.SQL - select cd1_0.patient_id,cd1_0.id,cd1_0.component_name,cd1_0.component_value,cd1_0.measured_date_time from clinicaldata cd1_0 where cd1_0.patient_id=?
2026-08-26 02:50:00 TRACE org.hibernate.orm.jdbc.bind - binding parameter (1:BIGINT) <- [3]
2026-08-26 02:50:00 DEBUG org.hibernate.SQL - select cd1_0.patient_id,cd1_0.id,cd1_0.component_name,cd1_0.component_value,cd1_0.measured_date_time from clinicaldata cd1_0 where cd1_0.patient_id=?
2026-08-26 02:50:00 TRACE org.hibernate.orm.jdbc.bind - binding parameter (1:BIGINT) <- [2]
2026-08-26 02:50:00 DEBUG org.hibernate.SQL - select cd1_0.patient_id,cd1_0.id,cd1_0.component_name,cd1_0.component_value,cd1_0.measured_date_time from clinicaldata cd1_0 where cd1_0.patient_id=?
2026-08-26 02:50:00 TRACE org.hibernate.orm.jdbc.bind - binding parameter (1:BIGINT) <- [1]
2026-08-26 02:50:05 DEBUG org.hibernate.SQL - insert into patient (age,first_name,last_name) values (?,?,?)
2026-08-26 02:50:05 TRACE org.hibernate.orm.jdbc.bind - binding parameter (1:INTEGER) <- [28]
2026-08-26 02:50:05 TRACE org.hibernate.orm.jdbc.bind - binding parameter (2:VARCHAR) <- [null]
2026-08-26 02:50:05 TRACE org.hibernate.orm.jdbc.bind - binding parameter (3:VARCHAR) <- [null]
2026-08-26 02:50:05 WARN  org.hibernate.orm.jdbc.error - HHH000247: ErrorCode: 1048, SQLState: 23000
2026-08-26 02:50:05 WARN  org.hibernate.orm.jdbc.error - Column 'first_name' cannot be null
2026-08-26 02:50:05 WARN  o.s.w.s.m.m.a.ExceptionHandlerExceptionResolver - Resolved [org.springframework.dao.DataIntegrityViolationException: could not execute statement [Column 'first_name' cannot be null] [insert into patient (age,first_name,last_name) values (?,?,?)]; SQL [insert into patient (age,first_name,last_name) values (?,?,?)]; constraint [first_name]]
2026-08-26 02:56:46 INFO  c.v.c.p.PatientClinicalDataApiApplication - Starting PatientClinicalDataApiApplication using Java 17.0.8 with PID 18240 (D:\GitHub\Patient-clinical-data-api\target\classes started by DELL in D:\GitHub\Patient-clinical-data-api)
2026-08-26 02:56:46 DEBUG c.v.c.p.PatientClinicalDataApiApplication - Running with Spring Boot v4.2.0-SNAPSHOT, Spring v7.1.0-M1
2026-08-26 02:56:46 INFO  c.v.c.p.PatientClinicalDataApiApplication - No active profile set, falling back to 1 default profile: "default"
2026-08-26 02:56:46 INFO  o.s.b.d.e.DevToolsPropertyDefaultsPostProcessor - Devtools property defaults active! Set 'spring.devtools.add-properties' to 'false' to disable
2026-08-26 02:56:46 INFO  o.s.b.d.e.DevToolsPropertyDefaultsPostProcessor - For additional web related logging consider setting the 'logging.level.web' property to 'DEBUG'
2026-08-26 02:56:47 INFO  o.s.d.r.c.RepositoryConfigurationDelegate - Bootstrapping Spring Data JPA repositories in DEFAULT mode.
2026-08-26 02:56:47 INFO  o.s.d.r.c.RepositoryConfigurationDelegate - Finished Spring Data repository scanning in 69 ms. Found 2 JPA repository interfaces.
2026-08-26 02:56:48 INFO  o.s.boot.tomcat.TomcatWebServer - Tomcat initialized with port 8080 (http)
2026-08-26 02:56:48 INFO  o.a.catalina.core.StandardService - Starting service [Tomcat]
2026-08-26 02:56:48 INFO  o.a.catalina.core.StandardEngine - Starting Servlet engine: [Apache Tomcat/11.0.24]
2026-08-26 02:56:48 INFO  o.s.b.w.c.s.WebApplicationContextInitializer - Root WebApplicationContext: initialization completed in 2242 ms
2026-08-26 02:56:49 INFO  com.zaxxer.hikari.HikariDataSource - HikariPool-1 - Starting...
2026-08-26 02:56:49 INFO  com.zaxxer.hikari.pool.HikariPool - HikariPool-1 - Added connection com.mysql.cj.jdbc.ConnectionImpl@662c405c
2026-08-26 02:56:49 INFO  com.zaxxer.hikari.HikariDataSource - HikariPool-1 - Start completed.
2026-08-26 02:56:49 INFO  org.hibernate.orm.jpa - HHH008540: Processing PersistenceUnitInfo [name: default]
2026-08-26 02:56:49 INFO  org.hibernate.orm.core - HHH000001: Hibernate ORM core version 7.4.5.Final
2026-08-26 02:56:50 INFO  o.s.o.j.p.SpringPersistenceUnitInfo - No LoadTimeWeaver setup: ignoring JPA class transformer
2026-08-26 02:56:50 INFO  o.hibernate.orm.connections.pooling - HHH10001005: Database info:
	Database JDBC URL [jdbc:mysql://localhost:3306/clinicals?useSSL=false&serverTimezone=UTC]
	Database driver: MySQL Connector/J
	Database dialect: MySQLDialect
	Database version: 8.0.27
	Default catalog/schema: clinicals/undefined
	Autocommit mode: undefined/unknown
	Isolation level: REPEATABLE_READ [default REPEATABLE_READ]
	JDBC fetch size: none
	Pool: DataSourceConnectionProvider
	Minimum pool size: undefined/unknown
	Maximum pool size: undefined/unknown
2026-08-26 02:56:51 INFO  org.hibernate.orm.core - HHH000489: No JTA platform available (set 'hibernate.transaction.jta.platform' to enable JTA platform integration)
2026-08-26 02:56:51 INFO  o.s.o.j.LocalContainerEntityManagerFactoryBean - Initialized JPA EntityManagerFactory for persistence unit 'default'
2026-08-26 02:56:51 INFO  o.s.d.j.r.q.QueryEnhancerFactories - Hibernate is in classpath; If applicable, HQL parser will be used.
2026-08-26 02:56:52 WARN  o.s.b.j.a.JpaBaseConfiguration$JpaWebConfiguration - spring.jpa.open-in-view is enabled by default. Therefore, database queries may be performed during view rendering. Explicitly configure spring.jpa.open-in-view to disable this warning
2026-08-26 02:56:53 INFO  o.s.b.a.e.web.EndpointLinksResolver - Exposing 1 endpoint beneath base path '/actuator'
2026-08-26 02:56:53 INFO  o.s.boot.tomcat.TomcatWebServer - Tomcat started on port 8080 (http) with context path '/patient-services'
2026-08-26 02:56:53 INFO  c.v.c.p.PatientClinicalDataApiApplication - Started PatientClinicalDataApiApplication in 7.637 seconds (process running for 8.228)
2026-08-26 02:56:55 INFO  o.a.c.c.C.[.[.[/patient-services] - Initializing Spring DispatcherServlet 'dispatcherServlet'
2026-08-26 02:56:55 INFO  o.s.web.servlet.DispatcherServlet - Initializing Servlet 'dispatcherServlet'
2026-08-26 02:56:55 INFO  o.s.web.servlet.DispatcherServlet - Completed initialization in 1 ms
2026-08-26 02:57:20 INFO  c.v.c.p.r.PatientController - Fetching all patients
2026-08-26 02:57:20 DEBUG org.hibernate.SQL - select p1_0.id,p1_0.age,p1_0.first_name,p1_0.last_name from patient p1_0
2026-08-26 02:57:20 DEBUG org.hibernate.SQL - select cd1_0.patient_id,cd1_0.id,cd1_0.component_name,cd1_0.component_value,cd1_0.measured_date_time from clinicaldata cd1_0 where cd1_0.patient_id=?
2026-08-26 02:57:20 TRACE org.hibernate.orm.jdbc.bind - binding parameter (1:BIGINT) <- [11]
2026-08-26 02:57:20 DEBUG org.hibernate.SQL - select cd1_0.patient_id,cd1_0.id,cd1_0.component_name,cd1_0.component_value,cd1_0.measured_date_time from clinicaldata cd1_0 where cd1_0.patient_id=?
2026-08-26 02:57:20 TRACE org.hibernate.orm.jdbc.bind - binding parameter (1:BIGINT) <- [10]
2026-08-26 02:57:20 DEBUG org.hibernate.SQL - select cd1_0.patient_id,cd1_0.id,cd1_0.component_name,cd1_0.component_value,cd1_0.measured_date_time from clinicaldata cd1_0 where cd1_0.patient_id=?
2026-08-26 02:57:20 TRACE org.hibernate.orm.jdbc.bind - binding parameter (1:BIGINT) <- [9]
2026-08-26 02:57:20 DEBUG org.hibernate.SQL - select cd1_0.patient_id,cd1_0.id,cd1_0.component_name,cd1_0.component_value,cd1_0.measured_date_time from clinicaldata cd1_0 where cd1_0.patient_id=?
2026-08-26 02:57:20 TRACE org.hibernate.orm.jdbc.bind - binding parameter (1:BIGINT) <- [8]
2026-08-26 02:57:20 DEBUG org.hibernate.SQL - select cd1_0.patient_id,cd1_0.id,cd1_0.component_name,cd1_0.component_value,cd1_0.measured_date_time from clinicaldata cd1_0 where cd1_0.patient_id=?
2026-08-26 02:57:20 TRACE org.hibernate.orm.jdbc.bind - binding parameter (1:BIGINT) <- [7]
2026-08-26 02:57:20 DEBUG org.hibernate.SQL - select cd1_0.patient_id,cd1_0.id,cd1_0.component_name,cd1_0.component_value,cd1_0.measured_date_time from clinicaldata cd1_0 where cd1_0.patient_id=?
2026-08-26 02:57:20 TRACE org.hibernate.orm.jdbc.bind - binding parameter (1:BIGINT) <- [6]
2026-08-26 02:57:20 DEBUG org.hibernate.SQL - select cd1_0.patient_id,cd1_0.id,cd1_0.component_name,cd1_0.component_value,cd1_0.measured_date_time from clinicaldata cd1_0 where cd1_0.patient_id=?
2026-08-26 02:57:20 TRACE org.hibernate.orm.jdbc.bind - binding parameter (1:BIGINT) <- [5]
2026-08-26 02:57:20 DEBUG org.hibernate.SQL - select cd1_0.patient_id,cd1_0.id,cd1_0.component_name,cd1_0.component_value,cd1_0.measured_date_time from clinicaldata cd1_0 where cd1_0.patient_id=?
2026-08-26 02:57:20 TRACE org.hibernate.orm.jdbc.bind - binding parameter (1:BIGINT) <- [4]
2026-08-26 02:57:20 DEBUG org.hibernate.SQL - select cd1_0.patient_id,cd1_0.id,cd1_0.component_name,cd1_0.component_value,cd1_0.measured_date_time from clinicaldata cd1_0 where cd1_0.patient_id=?
2026-08-26 02:57:20 TRACE org.hibernate.orm.jdbc.bind - binding parameter (1:BIGINT) <- [3]
2026-08-26 02:57:20 DEBUG org.hibernate.SQL - select cd1_0.patient_id,cd1_0.id,cd1_0.component_name,cd1_0.component_value,cd1_0.measured_date_time from clinicaldata cd1_0 where cd1_0.patient_id=?
2026-08-26 02:57:20 TRACE org.hibernate.orm.jdbc.bind - binding parameter (1:BIGINT) <- [2]
2026-08-26 02:57:20 DEBUG org.hibernate.SQL - select cd1_0.patient_id,cd1_0.id,cd1_0.component_name,cd1_0.component_value,cd1_0.measured_date_time from clinicaldata cd1_0 where cd1_0.patient_id=?
2026-08-26 02:57:20 TRACE org.hibernate.orm.jdbc.bind - binding parameter (1:BIGINT) <- [1]
2026-08-26 02:57:20 INFO  c.v.c.p.r.PatientController - Fetching all patients
2026-08-26 02:57:20 DEBUG org.hibernate.SQL - select p1_0.id,p1_0.age,p1_0.first_name,p1_0.last_name from patient p1_0
2026-08-26 02:57:20 DEBUG org.hibernate.SQL - select cd1_0.patient_id,cd1_0.id,cd1_0.component_name,cd1_0.component_value,cd1_0.measured_date_time from clinicaldata cd1_0 where cd1_0.patient_id=?
2026-08-26 02:57:20 TRACE org.hibernate.orm.jdbc.bind - binding parameter (1:BIGINT) <- [11]
2026-08-26 02:57:20 DEBUG org.hibernate.SQL - select cd1_0.patient_id,cd1_0.id,cd1_0.component_name,cd1_0.component_value,cd1_0.measured_date_time from clinicaldata cd1_0 where cd1_0.patient_id=?
2026-08-26 02:57:20 TRACE org.hibernate.orm.jdbc.bind - binding parameter (1:BIGINT) <- [10]
2026-08-26 02:57:20 DEBUG org.hibernate.SQL - select cd1_0.patient_id,cd1_0.id,cd1_0.component_name,cd1_0.component_value,cd1_0.measured_date_time from clinicaldata cd1_0 where cd1_0.patient_id=?
2026-08-26 02:57:20 TRACE org.hibernate.orm.jdbc.bind - binding parameter (1:BIGINT) <- [9]
2026-08-26 02:57:20 DEBUG org.hibernate.SQL - select cd1_0.patient_id,cd1_0.id,cd1_0.component_name,cd1_0.component_value,cd1_0.measured_date_time from clinicaldata cd1_0 where cd1_0.patient_id=?
2026-08-26 02:57:20 TRACE org.hibernate.orm.jdbc.bind - binding parameter (1:BIGINT) <- [8]
2026-08-26 02:57:20 DEBUG org.hibernate.SQL - select cd1_0.patient_id,cd1_0.id,cd1_0.component_name,cd1_0.component_value,cd1_0.measured_date_time from clinicaldata cd1_0 where cd1_0.patient_id=?
2026-08-26 02:57:20 TRACE org.hibernate.orm.jdbc.bind - binding parameter (1:BIGINT) <- [7]
2026-08-26 02:57:20 DEBUG org.hibernate.SQL - select cd1_0.patient_id,cd1_0.id,cd1_0.component_name,cd1_0.component_value,cd1_0.measured_date_time from clinicaldata cd1_0 where cd1_0.patient_id=?
2026-08-26 02:57:20 TRACE org.hibernate.orm.jdbc.bind - binding parameter (1:BIGINT) <- [6]
2026-08-26 02:57:20 DEBUG org.hibernate.SQL - select cd1_0.patient_id,cd1_0.id,cd1_0.component_name,cd1_0.component_value,cd1_0.measured_date_time from clinicaldata cd1_0 where cd1_0.patient_id=?
2026-08-26 02:57:20 TRACE org.hibernate.orm.jdbc.bind - binding parameter (1:BIGINT) <- [5]
2026-08-26 02:57:20 DEBUG org.hibernate.SQL - select cd1_0.patient_id,cd1_0.id,cd1_0.component_name,cd1_0.component_value,cd1_0.measured_date_time from clinicaldata cd1_0 where cd1_0.patient_id=?
2026-08-26 02:57:20 TRACE org.hibernate.orm.jdbc.bind - binding parameter (1:BIGINT) <- [4]
2026-08-26 02:57:20 DEBUG org.hibernate.SQL - select cd1_0.patient_id,cd1_0.id,cd1_0.component_name,cd1_0.component_value,cd1_0.measured_date_time from clinicaldata cd1_0 where cd1_0.patient_id=?
2026-08-26 02:57:20 TRACE org.hibernate.orm.jdbc.bind - binding parameter (1:BIGINT) <- [3]
2026-08-26 02:57:20 DEBUG org.hibernate.SQL - select cd1_0.patient_id,cd1_0.id,cd1_0.component_name,cd1_0.component_value,cd1_0.measured_date_time from clinicaldata cd1_0 where cd1_0.patient_id=?
2026-08-26 02:57:20 TRACE org.hibernate.orm.jdbc.bind - binding parameter (1:BIGINT) <- [2]
2026-08-26 02:57:20 DEBUG org.hibernate.SQL - select cd1_0.patient_id,cd1_0.id,cd1_0.component_name,cd1_0.component_value,cd1_0.measured_date_time from clinicaldata cd1_0 where cd1_0.patient_id=?
2026-08-26 02:57:20 TRACE org.hibernate.orm.jdbc.bind - binding parameter (1:BIGINT) <- [1]
2026-08-26 02:59:25 INFO  c.v.c.p.r.PatientController - Fetching all patients
2026-08-26 02:59:25 DEBUG org.hibernate.SQL - select p1_0.id,p1_0.age,p1_0.first_name,p1_0.last_name from patient p1_0
2026-08-26 02:59:25 DEBUG org.hibernate.SQL - select cd1_0.patient_id,cd1_0.id,cd1_0.component_name,cd1_0.component_value,cd1_0.measured_date_time from clinicaldata cd1_0 where cd1_0.patient_id=?
2026-08-26 02:59:25 TRACE org.hibernate.orm.jdbc.bind - binding parameter (1:BIGINT) <- [11]
2026-08-26 02:59:25 DEBUG org.hibernate.SQL - select cd1_0.patient_id,cd1_0.id,cd1_0.component_name,cd1_0.component_value,cd1_0.measured_date_time from clinicaldata cd1_0 where cd1_0.patient_id=?
2026-08-26 02:59:25 TRACE org.hibernate.orm.jdbc.bind - binding parameter (1:BIGINT) <- [10]
2026-08-26 02:59:25 DEBUG org.hibernate.SQL - select cd1_0.patient_id,cd1_0.id,cd1_0.component_name,cd1_0.component_value,cd1_0.measured_date_time from clinicaldata cd1_0 where cd1_0.patient_id=?
2026-08-26 02:59:25 TRACE org.hibernate.orm.jdbc.bind - binding parameter (1:BIGINT) <- [9]
2026-08-26 02:59:25 DEBUG org.hibernate.SQL - select cd1_0.patient_id,cd1_0.id,cd1_0.component_name,cd1_0.component_value,cd1_0.measured_date_time from clinicaldata cd1_0 where cd1_0.patient_id=?
2026-08-26 02:59:25 TRACE org.hibernate.orm.jdbc.bind - binding parameter (1:BIGINT) <- [8]
2026-08-26 02:59:25 DEBUG org.hibernate.SQL - select cd1_0.patient_id,cd1_0.id,cd1_0.component_name,cd1_0.component_value,cd1_0.measured_date_time from clinicaldata cd1_0 where cd1_0.patient_id=?
2026-08-26 02:59:25 TRACE org.hibernate.orm.jdbc.bind - binding parameter (1:BIGINT) <- [7]
2026-08-26 02:59:25 DEBUG org.hibernate.SQL - select cd1_0.patient_id,cd1_0.id,cd1_0.component_name,cd1_0.component_value,cd1_0.measured_date_time from clinicaldata cd1_0 where cd1_0.patient_id=?
2026-08-26 02:59:25 TRACE org.hibernate.orm.jdbc.bind - binding parameter (1:BIGINT) <- [6]
2026-08-26 02:59:25 DEBUG org.hibernate.SQL - select cd1_0.patient_id,cd1_0.id,cd1_0.component_name,cd1_0.component_value,cd1_0.measured_date_time from clinicaldata cd1_0 where cd1_0.patient_id=?
2026-08-26 02:59:25 TRACE org.hibernate.orm.jdbc.bind - binding parameter (1:BIGINT) <- [5]
2026-08-26 02:59:25 DEBUG org.hibernate.SQL - select cd1_0.patient_id,cd1_0.id,cd1_0.component_name,cd1_0.component_value,cd1_0.measured_date_time from clinicaldata cd1_0 where cd1_0.patient_id=?
2026-08-26 02:59:25 TRACE org.hibernate.orm.jdbc.bind - binding parameter (1:BIGINT) <- [4]
2026-08-26 02:59:25 DEBUG org.hibernate.SQL - select cd1_0.patient_id,cd1_0.id,cd1_0.component_name,cd1_0.component_value,cd1_0.measured_date_time from clinicaldata cd1_0 where cd1_0.patient_id=?
2026-08-26 02:59:25 TRACE org.hibernate.orm.jdbc.bind - binding parameter (1:BIGINT) <- [3]
2026-08-26 02:59:25 DEBUG org.hibernate.SQL - select cd1_0.patient_id,cd1_0.id,cd1_0.component_name,cd1_0.component_value,cd1_0.measured_date_time from clinicaldata cd1_0 where cd1_0.patient_id=?
2026-08-26 02:59:25 TRACE org.hibernate.orm.jdbc.bind - binding parameter (1:BIGINT) <- [2]
2026-08-26 02:59:25 DEBUG org.hibernate.SQL - select cd1_0.patient_id,cd1_0.id,cd1_0.component_name,cd1_0.component_value,cd1_0.measured_date_time from clinicaldata cd1_0 where cd1_0.patient_id=?
2026-08-26 02:59:25 TRACE org.hibernate.orm.jdbc.bind - binding parameter (1:BIGINT) <- [1]
2026-08-26 02:59:25 INFO  c.v.c.p.r.PatientController - Fetching all patients
2026-08-26 02:59:25 DEBUG org.hibernate.SQL - select p1_0.id,p1_0.age,p1_0.first_name,p1_0.last_name from patient p1_0
2026-08-26 02:59:25 DEBUG org.hibernate.SQL - select cd1_0.patient_id,cd1_0.id,cd1_0.component_name,cd1_0.component_value,cd1_0.measured_date_time from clinicaldata cd1_0 where cd1_0.patient_id=?
2026-08-26 02:59:25 TRACE org.hibernate.orm.jdbc.bind - binding parameter (1:BIGINT) <- [11]
2026-08-26 02:59:25 DEBUG org.hibernate.SQL - select cd1_0.patient_id,cd1_0.id,cd1_0.component_name,cd1_0.component_value,cd1_0.measured_date_time from clinicaldata cd1_0 where cd1_0.patient_id=?
2026-08-26 02:59:25 TRACE org.hibernate.orm.jdbc.bind - binding parameter (1:BIGINT) <- [10]
2026-08-26 02:59:25 DEBUG org.hibernate.SQL - select cd1_0.patient_id,cd1_0.id,cd1_0.component_name,cd1_0.component_value,cd1_0.measured_date_time from clinicaldata cd1_0 where cd1_0.patient_id=?
2026-08-26 02:59:25 TRACE org.hibernate.orm.jdbc.bind - binding parameter (1:BIGINT) <- [9]
2026-08-26 02:59:25 DEBUG org.hibernate.SQL - select cd1_0.patient_id,cd1_0.id,cd1_0.component_name,cd1_0.component_value,cd1_0.measured_date_time from clinicaldata cd1_0 where cd1_0.patient_id=?
2026-08-26 02:59:25 TRACE org.hibernate.orm.jdbc.bind - binding parameter (1:BIGINT) <- [8]
2026-08-26 02:59:25 DEBUG org.hibernate.SQL - select cd1_0.patient_id,cd1_0.id,cd1_0.component_name,cd1_0.component_value,cd1_0.measured_date_time from clinicaldata cd1_0 where cd1_0.patient_id=?
2026-08-26 02:59:25 TRACE org.hibernate.orm.jdbc.bind - binding parameter (1:BIGINT) <- [7]
2026-08-26 02:59:25 DEBUG org.hibernate.SQL - select cd1_0.patient_id,cd1_0.id,cd1_0.component_name,cd1_0.component_value,cd1_0.measured_date_time from clinicaldata cd1_0 where cd1_0.patient_id=?
2026-08-26 02:59:25 TRACE org.hibernate.orm.jdbc.bind - binding parameter (1:BIGINT) <- [6]
2026-08-26 02:59:25 DEBUG org.hibernate.SQL - select cd1_0.patient_id,cd1_0.id,cd1_0.component_name,cd1_0.component_value,cd1_0.measured_date_time from clinicaldata cd1_0 where cd1_0.patient_id=?
2026-08-26 02:59:25 TRACE org.hibernate.orm.jdbc.bind - binding parameter (1:BIGINT) <- [5]
2026-08-26 02:59:25 DEBUG org.hibernate.SQL - select cd1_0.patient_id,cd1_0.id,cd1_0.component_name,cd1_0.component_value,cd1_0.measured_date_time from clinicaldata cd1_0 where cd1_0.patient_id=?
2026-08-26 02:59:25 TRACE org.hibernate.orm.jdbc.bind - binding parameter (1:BIGINT) <- [4]
2026-08-26 02:59:25 DEBUG org.hibernate.SQL - select cd1_0.patient_id,cd1_0.id,cd1_0.component_name,cd1_0.component_value,cd1_0.measured_date_time from clinicaldata cd1_0 where cd1_0.patient_id=?
2026-08-26 02:59:25 TRACE org.hibernate.orm.jdbc.bind - binding parameter (1:BIGINT) <- [3]
2026-08-26 02:59:25 DEBUG org.hibernate.SQL - select cd1_0.patient_id,cd1_0.id,cd1_0.component_name,cd1_0.component_value,cd1_0.measured_date_time from clinicaldata cd1_0 where cd1_0.patient_id=?
2026-08-26 02:59:25 TRACE org.hibernate.orm.jdbc.bind - binding parameter (1:BIGINT) <- [2]
2026-08-26 02:59:25 DEBUG org.hibernate.SQL - select cd1_0.patient_id,cd1_0.id,cd1_0.component_name,cd1_0.component_value,cd1_0.measured_date_time from clinicaldata cd1_0 where cd1_0.patient_id=?
2026-08-26 02:59:25 TRACE org.hibernate.orm.jdbc.bind - binding parameter (1:BIGINT) <- [1]
2026-08-26 03:00:41 INFO  c.v.c.p.PatientClinicalDataApiApplication - Starting PatientClinicalDataApiApplication using Java 17.0.8 with PID 24356 (D:\GitHub\Patient-clinical-data-api\target\classes started by DELL in D:\GitHub\Patient-clinical-data-api)
2026-08-26 03:00:41 DEBUG c.v.c.p.PatientClinicalDataApiApplication - Running with Spring Boot v4.2.0-SNAPSHOT, Spring v7.1.0-M1
2026-08-26 03:00:41 INFO  c.v.c.p.PatientClinicalDataApiApplication - No active profile set, falling back to 1 default profile: "default"
2026-08-26 03:00:42 INFO  o.s.b.d.e.DevToolsPropertyDefaultsPostProcessor - Devtools property defaults active! Set 'spring.devtools.add-properties' to 'false' to disable
2026-08-26 03:00:42 INFO  o.s.b.d.e.DevToolsPropertyDefaultsPostProcessor - For additional web related logging consider setting the 'logging.level.web' property to 'DEBUG'
2026-08-26 03:00:43 INFO  o.s.d.r.c.RepositoryConfigurationDelegate - Bootstrapping Spring Data JPA repositories in DEFAULT mode.
2026-08-26 03:00:43 INFO  o.s.d.r.c.RepositoryConfigurationDelegate - Finished Spring Data repository scanning in 57 ms. Found 2 JPA repository interfaces.
2026-08-26 03:00:44 INFO  o.s.boot.tomcat.TomcatWebServer - Tomcat initialized with port 8080 (http)
2026-08-26 03:00:44 INFO  o.a.catalina.core.StandardService - Starting service [Tomcat]
2026-08-26 03:00:44 INFO  o.a.catalina.core.StandardEngine - Starting Servlet engine: [Apache Tomcat/11.0.24]
2026-08-26 03:00:44 INFO  o.s.b.w.c.s.WebApplicationContextInitializer - Root WebApplicationContext: initialization completed in 2484 ms
2026-08-26 03:00:45 INFO  com.zaxxer.hikari.HikariDataSource - HikariPool-1 - Starting...
2026-08-26 03:00:45 INFO  com.zaxxer.hikari.pool.HikariPool - HikariPool-1 - Added connection com.mysql.cj.jdbc.ConnectionImpl@1ce20997
2026-08-26 03:00:45 INFO  com.zaxxer.hikari.HikariDataSource - HikariPool-1 - Start completed.
2026-08-26 03:00:45 INFO  org.hibernate.orm.jpa - HHH008540: Processing PersistenceUnitInfo [name: default]
2026-08-26 03:00:45 INFO  org.hibernate.orm.core - HHH000001: Hibernate ORM core version 7.4.5.Final
2026-08-26 03:00:46 INFO  o.s.o.j.p.SpringPersistenceUnitInfo - No LoadTimeWeaver setup: ignoring JPA class transformer
2026-08-26 03:00:46 INFO  o.hibernate.orm.connections.pooling - HHH10001005: Database info:
	Database JDBC URL [jdbc:mysql://localhost:3306/clinicals?useSSL=false&serverTimezone=UTC]
	Database driver: MySQL Connector/J
	Database dialect: MySQLDialect
	Database version: 8.0.27
	Default catalog/schema: clinicals/undefined
	Autocommit mode: undefined/unknown
	Isolation level: REPEATABLE_READ [default REPEATABLE_READ]
	JDBC fetch size: none
	Pool: DataSourceConnectionProvider
	Minimum pool size: undefined/unknown
	Maximum pool size: undefined/unknown
2026-08-26 03:00:48 INFO  org.hibernate.orm.core - HHH000489: No JTA platform available (set 'hibernate.transaction.jta.platform' to enable JTA platform integration)
2026-08-26 03:00:48 INFO  o.s.o.j.LocalContainerEntityManagerFactoryBean - Initialized JPA EntityManagerFactory for persistence unit 'default'
2026-08-26 03:00:48 INFO  o.s.d.j.r.q.QueryEnhancerFactories - Hibernate is in classpath; If applicable, HQL parser will be used.
2026-08-26 03:00:48 WARN  o.s.b.j.a.JpaBaseConfiguration$JpaWebConfiguration - spring.jpa.open-in-view is enabled by default. Therefore, database queries may be performed during view rendering. Explicitly configure spring.jpa.open-in-view to disable this warning
2026-08-26 03:00:49 INFO  o.s.b.a.e.web.EndpointLinksResolver - Exposing 1 endpoint beneath base path '/actuator'
2026-08-26 03:00:50 INFO  o.s.boot.tomcat.TomcatWebServer - Tomcat started on port 8080 (http) with context path '/patient-services'
2026-08-26 03:00:50 INFO  c.v.c.p.PatientClinicalDataApiApplication - Started PatientClinicalDataApiApplication in 8.696 seconds (process running for 9.165)
2026-08-26 03:00:50 INFO  o.a.c.c.C.[.[.[/patient-services] - Initializing Spring DispatcherServlet 'dispatcherServlet'
2026-08-26 03:00:50 INFO  o.s.web.servlet.DispatcherServlet - Initializing Servlet 'dispatcherServlet'
2026-08-26 03:00:50 INFO  o.s.web.servlet.DispatcherServlet - Completed initialization in 3 ms
2026-08-26 03:01:27 WARN  o.s.w.s.m.m.a.ExceptionHandlerExceptionResolver - Resolved [org.springframework.web.servlet.resource.NoResourceFoundException: No static resource patients for request '/patient-services/patients'.]
2026-08-26 03:01:34 WARN  o.s.w.s.m.m.a.ExceptionHandlerExceptionResolver - Resolved [org.springframework.web.servlet.resource.NoResourceFoundException: No static resource patients for request '/patient-services/patients'.]
2026-08-26 03:01:55 INFO  c.v.c.p.r.PatientController - Fetching all patients
2026-08-26 03:01:56 DEBUG org.hibernate.SQL - select p1_0.id,p1_0.age,p1_0.first_name,p1_0.last_name from patient p1_0
2026-08-26 03:01:56 DEBUG org.hibernate.SQL - select cd1_0.patient_id,cd1_0.id,cd1_0.component_name,cd1_0.component_value,cd1_0.measured_date_time from clinicaldata cd1_0 where cd1_0.patient_id=?
2026-08-26 03:01:56 TRACE org.hibernate.orm.jdbc.bind - binding parameter (1:BIGINT) <- [11]
2026-08-26 03:01:56 DEBUG org.hibernate.SQL - select cd1_0.patient_id,cd1_0.id,cd1_0.component_name,cd1_0.component_value,cd1_0.measured_date_time from clinicaldata cd1_0 where cd1_0.patient_id=?
2026-08-26 03:01:56 TRACE org.hibernate.orm.jdbc.bind - binding parameter (1:BIGINT) <- [10]
2026-08-26 03:01:56 DEBUG org.hibernate.SQL - select cd1_0.patient_id,cd1_0.id,cd1_0.component_name,cd1_0.component_value,cd1_0.measured_date_time from clinicaldata cd1_0 where cd1_0.patient_id=?
2026-08-26 03:01:56 TRACE org.hibernate.orm.jdbc.bind - binding parameter (1:BIGINT) <- [9]
2026-08-26 03:01:56 DEBUG org.hibernate.SQL - select cd1_0.patient_id,cd1_0.id,cd1_0.component_name,cd1_0.component_value,cd1_0.measured_date_time from clinicaldata cd1_0 where cd1_0.patient_id=?
2026-08-26 03:01:56 TRACE org.hibernate.orm.jdbc.bind - binding parameter (1:BIGINT) <- [8]
2026-08-26 03:01:56 DEBUG org.hibernate.SQL - select cd1_0.patient_id,cd1_0.id,cd1_0.component_name,cd1_0.component_value,cd1_0.measured_date_time from clinicaldata cd1_0 where cd1_0.patient_id=?
2026-08-26 03:01:56 TRACE org.hibernate.orm.jdbc.bind - binding parameter (1:BIGINT) <- [7]
2026-08-26 03:01:56 DEBUG org.hibernate.SQL - select cd1_0.patient_id,cd1_0.id,cd1_0.component_name,cd1_0.component_value,cd1_0.measured_date_time from clinicaldata cd1_0 where cd1_0.patient_id=?
2026-08-26 03:01:56 TRACE org.hibernate.orm.jdbc.bind - binding parameter (1:BIGINT) <- [6]
2026-08-26 03:01:56 DEBUG org.hibernate.SQL - select cd1_0.patient_id,cd1_0.id,cd1_0.component_name,cd1_0.component_value,cd1_0.measured_date_time from clinicaldata cd1_0 where cd1_0.patient_id=?
2026-08-26 03:01:56 TRACE org.hibernate.orm.jdbc.bind - binding parameter (1:BIGINT) <- [5]
2026-08-26 03:01:56 DEBUG org.hibernate.SQL - select cd1_0.patient_id,cd1_0.id,cd1_0.component_name,cd1_0.component_value,cd1_0.measured_date_time from clinicaldata cd1_0 where cd1_0.patient_id=?
2026-08-26 03:01:56 TRACE org.hibernate.orm.jdbc.bind - binding parameter (1:BIGINT) <- [4]
2026-08-26 03:01:56 DEBUG org.hibernate.SQL - select cd1_0.patient_id,cd1_0.id,cd1_0.component_name,cd1_0.component_value,cd1_0.measured_date_time from clinicaldata cd1_0 where cd1_0.patient_id=?
2026-08-26 03:01:56 TRACE org.hibernate.orm.jdbc.bind - binding parameter (1:BIGINT) <- [3]
2026-08-26 03:01:56 DEBUG org.hibernate.SQL - select cd1_0.patient_id,cd1_0.id,cd1_0.component_name,cd1_0.component_value,cd1_0.measured_date_time from clinicaldata cd1_0 where cd1_0.patient_id=?
2026-08-26 03:01:56 TRACE org.hibernate.orm.jdbc.bind - binding parameter (1:BIGINT) <- [2]
2026-08-26 03:01:56 DEBUG org.hibernate.SQL - select cd1_0.patient_id,cd1_0.id,cd1_0.component_name,cd1_0.component_value,cd1_0.measured_date_time from clinicaldata cd1_0 where cd1_0.patient_id=?
2026-08-26 03:01:56 TRACE org.hibernate.orm.jdbc.bind - binding parameter (1:BIGINT) <- [1]
2026-08-26 03:03:09 DEBUG org.hibernate.SQL - insert into patient (age,first_name,last_name) values (?,?,?)
2026-08-26 03:03:09 TRACE org.hibernate.orm.jdbc.bind - binding parameter (1:INTEGER) <- [44]
2026-08-26 03:03:09 TRACE org.hibernate.orm.jdbc.bind - binding parameter (2:VARCHAR) <- [Rocky]
2026-08-26 03:03:09 TRACE org.hibernate.orm.jdbc.bind - binding parameter (3:VARCHAR) <- [boy]
2026-08-26 03:04:37 INFO  c.v.c.p.r.PatientController - Fetching all patients
2026-08-26 03:04:37 DEBUG org.hibernate.SQL - select p1_0.id,p1_0.age,p1_0.first_name,p1_0.last_name from patient p1_0
2026-08-26 03:04:37 DEBUG org.hibernate.SQL - select cd1_0.patient_id,cd1_0.id,cd1_0.component_name,cd1_0.component_value,cd1_0.measured_date_time from clinicaldata cd1_0 where cd1_0.patient_id=?
2026-08-26 03:04:37 TRACE org.hibernate.orm.jdbc.bind - binding parameter (1:BIGINT) <- [12]
2026-08-26 03:04:37 DEBUG org.hibernate.SQL - select cd1_0.patient_id,cd1_0.id,cd1_0.component_name,cd1_0.component_value,cd1_0.measured_date_time from clinicaldata cd1_0 where cd1_0.patient_id=?
2026-08-26 03:04:37 TRACE org.hibernate.orm.jdbc.bind - binding parameter (1:BIGINT) <- [11]
2026-08-26 03:04:37 DEBUG org.hibernate.SQL - select cd1_0.patient_id,cd1_0.id,cd1_0.component_name,cd1_0.component_value,cd1_0.measured_date_time from clinicaldata cd1_0 where cd1_0.patient_id=?
2026-08-26 03:04:37 TRACE org.hibernate.orm.jdbc.bind - binding parameter (1:BIGINT) <- [10]
2026-08-26 03:04:37 DEBUG org.hibernate.SQL - select cd1_0.patient_id,cd1_0.id,cd1_0.component_name,cd1_0.component_value,cd1_0.measured_date_time from clinicaldata cd1_0 where cd1_0.patient_id=?
2026-08-26 03:04:37 TRACE org.hibernate.orm.jdbc.bind - binding parameter (1:BIGINT) <- [9]
2026-08-26 03:04:37 DEBUG org.hibernate.SQL - select cd1_0.patient_id,cd1_0.id,cd1_0.component_name,cd1_0.component_value,cd1_0.measured_date_time from clinicaldata cd1_0 where cd1_0.patient_id=?
2026-08-26 03:04:37 TRACE org.hibernate.orm.jdbc.bind - binding parameter (1:BIGINT) <- [8]
2026-08-26 03:04:37 DEBUG org.hibernate.SQL - select cd1_0.patient_id,cd1_0.id,cd1_0.component_name,cd1_0.component_value,cd1_0.measured_date_time from clinicaldata cd1_0 where cd1_0.patient_id=?
2026-08-26 03:04:37 TRACE org.hibernate.orm.jdbc.bind - binding parameter (1:BIGINT) <- [7]
2026-08-26 03:04:37 DEBUG org.hibernate.SQL - select cd1_0.patient_id,cd1_0.id,cd1_0.component_name,cd1_0.component_value,cd1_0.measured_date_time from clinicaldata cd1_0 where cd1_0.patient_id=?
2026-08-26 03:04:37 TRACE org.hibernate.orm.jdbc.bind - binding parameter (1:BIGINT) <- [6]
2026-08-26 03:04:37 DEBUG org.hibernate.SQL - select cd1_0.patient_id,cd1_0.id,cd1_0.component_name,cd1_0.component_value,cd1_0.measured_date_time from clinicaldata cd1_0 where cd1_0.patient_id=?
2026-08-26 03:04:37 TRACE org.hibernate.orm.jdbc.bind - binding parameter (1:BIGINT) <- [5]
2026-08-26 03:04:37 DEBUG org.hibernate.SQL - select cd1_0.patient_id,cd1_0.id,cd1_0.component_name,cd1_0.component_value,cd1_0.measured_date_time from clinicaldata cd1_0 where cd1_0.patient_id=?
2026-08-26 03:04:37 TRACE org.hibernate.orm.jdbc.bind - binding parameter (1:BIGINT) <- [4]
2026-08-26 03:04:37 DEBUG org.hibernate.SQL - select cd1_0.patient_id,cd1_0.id,cd1_0.component_name,cd1_0.component_value,cd1_0.measured_date_time from clinicaldata cd1_0 where cd1_0.patient_id=?
2026-08-26 03:04:37 TRACE org.hibernate.orm.jdbc.bind - binding parameter (1:BIGINT) <- [3]
2026-08-26 03:04:37 DEBUG org.hibernate.SQL - select cd1_0.patient_id,cd1_0.id,cd1_0.component_name,cd1_0.component_value,cd1_0.measured_date_time from clinicaldata cd1_0 where cd1_0.patient_id=?
2026-08-26 03:04:37 TRACE org.hibernate.orm.jdbc.bind - binding parameter (1:BIGINT) <- [2]
2026-08-26 03:04:37 DEBUG org.hibernate.SQL - select cd1_0.patient_id,cd1_0.id,cd1_0.component_name,cd1_0.component_value,cd1_0.measured_date_time from clinicaldata cd1_0 where cd1_0.patient_id=?
2026-08-26 03:04:37 TRACE org.hibernate.orm.jdbc.bind - binding parameter (1:BIGINT) <- [1]
2026-08-26 03:04:37 INFO  c.v.c.p.r.PatientController - Fetching all patients
2026-08-26 03:04:37 DEBUG org.hibernate.SQL - select p1_0.id,p1_0.age,p1_0.first_name,p1_0.last_name from patient p1_0
2026-08-26 03:04:37 DEBUG org.hibernate.SQL - select cd1_0.patient_id,cd1_0.id,cd1_0.component_name,cd1_0.component_value,cd1_0.measured_date_time from clinicaldata cd1_0 where cd1_0.patient_id=?
2026-08-26 03:04:37 TRACE org.hibernate.orm.jdbc.bind - binding parameter (1:BIGINT) <- [12]
2026-08-26 03:04:37 DEBUG org.hibernate.SQL - select cd1_0.patient_id,cd1_0.id,cd1_0.component_name,cd1_0.component_value,cd1_0.measured_date_time from clinicaldata cd1_0 where cd1_0.patient_id=?
2026-08-26 03:04:37 TRACE org.hibernate.orm.jdbc.bind - binding parameter (1:BIGINT) <- [11]
2026-08-26 03:04:37 DEBUG org.hibernate.SQL - select cd1_0.patient_id,cd1_0.id,cd1_0.component_name,cd1_0.component_value,cd1_0.measured_date_time from clinicaldata cd1_0 where cd1_0.patient_id=?
2026-08-26 03:04:37 TRACE org.hibernate.orm.jdbc.bind - binding parameter (1:BIGINT) <- [10]
2026-08-26 03:04:37 DEBUG org.hibernate.SQL - select cd1_0.patient_id,cd1_0.id,cd1_0.component_name,cd1_0.component_value,cd1_0.measured_date_time from clinicaldata cd1_0 where cd1_0.patient_id=?
2026-08-26 03:04:37 TRACE org.hibernate.orm.jdbc.bind - binding parameter (1:BIGINT) <- [9]
2026-08-26 03:04:37 DEBUG org.hibernate.SQL - select cd1_0.patient_id,cd1_0.id,cd1_0.component_name,cd1_0.component_value,cd1_0.measured_date_time from clinicaldata cd1_0 where cd1_0.patient_id=?
2026-08-26 03:04:37 TRACE org.hibernate.orm.jdbc.bind - binding parameter (1:BIGINT) <- [8]
2026-08-26 03:04:37 DEBUG org.hibernate.SQL - select cd1_0.patient_id,cd1_0.id,cd1_0.component_name,cd1_0.component_value,cd1_0.measured_date_time from clinicaldata cd1_0 where cd1_0.patient_id=?
2026-08-26 03:04:37 TRACE org.hibernate.orm.jdbc.bind - binding parameter (1:BIGINT) <- [7]
2026-08-26 03:04:37 DEBUG org.hibernate.SQL - select cd1_0.patient_id,cd1_0.id,cd1_0.component_name,cd1_0.component_value,cd1_0.measured_date_time from clinicaldata cd1_0 where cd1_0.patient_id=?
2026-08-26 03:04:37 TRACE org.hibernate.orm.jdbc.bind - binding parameter (1:BIGINT) <- [6]
2026-08-26 03:04:37 DEBUG org.hibernate.SQL - select cd1_0.patient_id,cd1_0.id,cd1_0.component_name,cd1_0.component_value,cd1_0.measured_date_time from clinicaldata cd1_0 where cd1_0.patient_id=?
2026-08-26 03:04:37 TRACE org.hibernate.orm.jdbc.bind - binding parameter (1:BIGINT) <- [5]
2026-08-26 03:04:37 DEBUG org.hibernate.SQL - select cd1_0.patient_id,cd1_0.id,cd1_0.component_name,cd1_0.component_value,cd1_0.measured_date_time from clinicaldata cd1_0 where cd1_0.patient_id=?
2026-08-26 03:04:37 TRACE org.hibernate.orm.jdbc.bind - binding parameter (1:BIGINT) <- [4]
2026-08-26 03:04:37 DEBUG org.hibernate.SQL - select cd1_0.patient_id,cd1_0.id,cd1_0.component_name,cd1_0.component_value,cd1_0.measured_date_time from clinicaldata cd1_0 where cd1_0.patient_id=?
2026-08-26 03:04:37 TRACE org.hibernate.orm.jdbc.bind - binding parameter (1:BIGINT) <- [3]
2026-08-26 03:04:37 DEBUG org.hibernate.SQL - select cd1_0.patient_id,cd1_0.id,cd1_0.component_name,cd1_0.component_value,cd1_0.measured_date_time from clinicaldata cd1_0 where cd1_0.patient_id=?
2026-08-26 03:04:37 TRACE org.hibernate.orm.jdbc.bind - binding parameter (1:BIGINT) <- [2]
2026-08-26 03:04:37 DEBUG org.hibernate.SQL - select cd1_0.patient_id,cd1_0.id,cd1_0.component_name,cd1_0.component_value,cd1_0.measured_date_time from clinicaldata cd1_0 where cd1_0.patient_id=?
2026-08-26 03:04:37 TRACE org.hibernate.orm.jdbc.bind - binding parameter (1:BIGINT) <- [1]
2026-08-26 03:04:41 INFO  c.v.c.p.r.PatientController - Fetching all patients
2026-08-26 03:04:41 DEBUG org.hibernate.SQL - select p1_0.id,p1_0.age,p1_0.first_name,p1_0.last_name from patient p1_0
2026-08-26 03:04:41 DEBUG org.hibernate.SQL - select cd1_0.patient_id,cd1_0.id,cd1_0.component_name,cd1_0.component_value,cd1_0.measured_date_time from clinicaldata cd1_0 where cd1_0.patient_id=?
2026-08-26 03:04:41 TRACE org.hibernate.orm.jdbc.bind - binding parameter (1:BIGINT) <- [12]
2026-08-26 03:04:41 DEBUG org.hibernate.SQL - select cd1_0.patient_id,cd1_0.id,cd1_0.component_name,cd1_0.component_value,cd1_0.measured_date_time from clinicaldata cd1_0 where cd1_0.patient_id=?
2026-08-26 03:04:41 TRACE org.hibernate.orm.jdbc.bind - binding parameter (1:BIGINT) <- [11]
2026-08-26 03:04:41 DEBUG org.hibernate.SQL - select cd1_0.patient_id,cd1_0.id,cd1_0.component_name,cd1_0.component_value,cd1_0.measured_date_time from clinicaldata cd1_0 where cd1_0.patient_id=?
2026-08-26 03:04:41 TRACE org.hibernate.orm.jdbc.bind - binding parameter (1:BIGINT) <- [10]
2026-08-26 03:04:41 DEBUG org.hibernate.SQL - select cd1_0.patient_id,cd1_0.id,cd1_0.component_name,cd1_0.component_value,cd1_0.measured_date_time from clinicaldata cd1_0 where cd1_0.patient_id=?
2026-08-26 03:04:41 TRACE org.hibernate.orm.jdbc.bind - binding parameter (1:BIGINT) <- [9]
2026-08-26 03:04:41 DEBUG org.hibernate.SQL - select cd1_0.patient_id,cd1_0.id,cd1_0.component_name,cd1_0.component_value,cd1_0.measured_date_time from clinicaldata cd1_0 where cd1_0.patient_id=?
2026-08-26 03:04:41 TRACE org.hibernate.orm.jdbc.bind - binding parameter (1:BIGINT) <- [8]
2026-08-26 03:04:41 DEBUG org.hibernate.SQL - select cd1_0.patient_id,cd1_0.id,cd1_0.component_name,cd1_0.component_value,cd1_0.measured_date_time from clinicaldata cd1_0 where cd1_0.patient_id=?
2026-08-26 03:04:41 TRACE org.hibernate.orm.jdbc.bind - binding parameter (1:BIGINT) <- [7]
2026-08-26 03:04:41 DEBUG org.hibernate.SQL - select cd1_0.patient_id,cd1_0.id,cd1_0.component_name,cd1_0.component_value,cd1_0.measured_date_time from clinicaldata cd1_0 where cd1_0.patient_id=?
2026-08-26 03:04:41 TRACE org.hibernate.orm.jdbc.bind - binding parameter (1:BIGINT) <- [6]
2026-08-26 03:04:41 DEBUG org.hibernate.SQL - select cd1_0.patient_id,cd1_0.id,cd1_0.component_name,cd1_0.component_value,cd1_0.measured_date_time from clinicaldata cd1_0 where cd1_0.patient_id=?
2026-08-26 03:04:41 TRACE org.hibernate.orm.jdbc.bind - binding parameter (1:BIGINT) <- [5]
2026-08-26 03:04:41 DEBUG org.hibernate.SQL - select cd1_0.patient_id,cd1_0.id,cd1_0.component_name,cd1_0.component_value,cd1_0.measured_date_time from clinicaldata cd1_0 where cd1_0.patient_id=?
2026-08-26 03:04:41 TRACE org.hibernate.orm.jdbc.bind - binding parameter (1:BIGINT) <- [4]
2026-08-26 03:04:41 DEBUG org.hibernate.SQL - select cd1_0.patient_id,cd1_0.id,cd1_0.component_name,cd1_0.component_value,cd1_0.measured_date_time from clinicaldata cd1_0 where cd1_0.patient_id=?
2026-08-26 03:04:41 TRACE org.hibernate.orm.jdbc.bind - binding parameter (1:BIGINT) <- [3]
2026-08-26 03:04:41 DEBUG org.hibernate.SQL - select cd1_0.patient_id,cd1_0.id,cd1_0.component_name,cd1_0.component_value,cd1_0.measured_date_time from clinicaldata cd1_0 where cd1_0.patient_id=?
2026-08-26 03:04:41 TRACE org.hibernate.orm.jdbc.bind - binding parameter (1:BIGINT) <- [2]
2026-08-26 03:04:41 DEBUG org.hibernate.SQL - select cd1_0.patient_id,cd1_0.id,cd1_0.component_name,cd1_0.component_value,cd1_0.measured_date_time from clinicaldata cd1_0 where cd1_0.patient_id=?
2026-08-26 03:04:41 TRACE org.hibernate.orm.jdbc.bind - binding parameter (1:BIGINT) <- [1]
2026-08-26 03:04:41 INFO  c.v.c.p.r.PatientController - Fetching all patients
2026-08-26 03:04:41 DEBUG org.hibernate.SQL - select p1_0.id,p1_0.age,p1_0.first_name,p1_0.last_name from patient p1_0
2026-08-26 03:04:41 DEBUG org.hibernate.SQL - select cd1_0.patient_id,cd1_0.id,cd1_0.component_name,cd1_0.component_value,cd1_0.measured_date_time from clinicaldata cd1_0 where cd1_0.patient_id=?
2026-08-26 03:04:41 TRACE org.hibernate.orm.jdbc.bind - binding parameter (1:BIGINT) <- [12]
2026-08-26 03:04:41 DEBUG org.hibernate.SQL - select cd1_0.patient_id,cd1_0.id,cd1_0.component_name,cd1_0.component_value,cd1_0.measured_date_time from clinicaldata cd1_0 where cd1_0.patient_id=?
2026-08-26 03:04:41 TRACE org.hibernate.orm.jdbc.bind - binding parameter (1:BIGINT) <- [11]
2026-08-26 03:04:41 DEBUG org.hibernate.SQL - select cd1_0.patient_id,cd1_0.id,cd1_0.component_name,cd1_0.component_value,cd1_0.measured_date_time from clinicaldata cd1_0 where cd1_0.patient_id=?
2026-08-26 03:04:41 TRACE org.hibernate.orm.jdbc.bind - binding parameter (1:BIGINT) <- [10]
2026-08-26 03:04:41 DEBUG org.hibernate.SQL - select cd1_0.patient_id,cd1_0.id,cd1_0.component_name,cd1_0.component_value,cd1_0.measured_date_time from clinicaldata cd1_0 where cd1_0.patient_id=?
2026-08-26 03:04:41 TRACE org.hibernate.orm.jdbc.bind - binding parameter (1:BIGINT) <- [9]
2026-08-26 03:04:41 DEBUG org.hibernate.SQL - select cd1_0.patient_id,cd1_0.id,cd1_0.component_name,cd1_0.component_value,cd1_0.measured_date_time from clinicaldata cd1_0 where cd1_0.patient_id=?
2026-08-26 03:04:41 TRACE org.hibernate.orm.jdbc.bind - binding parameter (1:BIGINT) <- [8]
2026-08-26 03:04:41 DEBUG org.hibernate.SQL - select cd1_0.patient_id,cd1_0.id,cd1_0.component_name,cd1_0.component_value,cd1_0.measured_date_time from clinicaldata cd1_0 where cd1_0.patient_id=?
2026-08-26 03:04:41 TRACE org.hibernate.orm.jdbc.bind - binding parameter (1:BIGINT) <- [7]
2026-08-26 03:04:41 DEBUG org.hibernate.SQL - select cd1_0.patient_id,cd1_0.id,cd1_0.component_name,cd1_0.component_value,cd1_0.measured_date_time from clinicaldata cd1_0 where cd1_0.patient_id=?
2026-08-26 03:04:41 TRACE org.hibernate.orm.jdbc.bind - binding parameter (1:BIGINT) <- [6]
2026-08-26 03:04:41 DEBUG org.hibernate.SQL - select cd1_0.patient_id,cd1_0.id,cd1_0.component_name,cd1_0.component_value,cd1_0.measured_date_time from clinicaldata cd1_0 where cd1_0.patient_id=?
2026-08-26 03:04:41 TRACE org.hibernate.orm.jdbc.bind - binding parameter (1:BIGINT) <- [5]
2026-08-26 03:04:41 DEBUG org.hibernate.SQL - select cd1_0.patient_id,cd1_0.id,cd1_0.component_name,cd1_0.component_value,cd1_0.measured_date_time from clinicaldata cd1_0 where cd1_0.patient_id=?
2026-08-26 03:04:41 TRACE org.hibernate.orm.jdbc.bind - binding parameter (1:BIGINT) <- [4]
2026-08-26 03:04:41 DEBUG org.hibernate.SQL - select cd1_0.patient_id,cd1_0.id,cd1_0.component_name,cd1_0.component_value,cd1_0.measured_date_time from clinicaldata cd1_0 where cd1_0.patient_id=?
2026-08-26 03:04:41 TRACE org.hibernate.orm.jdbc.bind - binding parameter (1:BIGINT) <- [3]
2026-08-26 03:04:41 DEBUG org.hibernate.SQL - select cd1_0.patient_id,cd1_0.id,cd1_0.component_name,cd1_0.component_value,cd1_0.measured_date_time from clinicaldata cd1_0 where cd1_0.patient_id=?
2026-08-26 03:04:41 TRACE org.hibernate.orm.jdbc.bind - binding parameter (1:BIGINT) <- [2]
2026-08-26 03:04:41 DEBUG org.hibernate.SQL - select cd1_0.patient_id,cd1_0.id,cd1_0.component_name,cd1_0.component_value,cd1_0.measured_date_time from clinicaldata cd1_0 where cd1_0.patient_id=?
2026-08-26 03:04:41 TRACE org.hibernate.orm.jdbc.bind - binding parameter (1:BIGINT) <- [1]
2026-08-26 03:09:05 INFO  c.v.c.p.r.PatientController - Fetching all patients
2026-08-26 03:09:05 DEBUG org.hibernate.SQL - select p1_0.id,p1_0.age,p1_0.first_name,p1_0.last_name from patient p1_0
2026-08-26 03:09:05 DEBUG org.hibernate.SQL - select cd1_0.patient_id,cd1_0.id,cd1_0.component_name,cd1_0.component_value,cd1_0.measured_date_time from clinicaldata cd1_0 where cd1_0.patient_id=?
2026-08-26 03:09:05 TRACE org.hibernate.orm.jdbc.bind - binding parameter (1:BIGINT) <- [12]
2026-08-26 03:09:05 DEBUG org.hibernate.SQL - select cd1_0.patient_id,cd1_0.id,cd1_0.component_name,cd1_0.component_value,cd1_0.measured_date_time from clinicaldata cd1_0 where cd1_0.patient_id=?
2026-08-26 03:09:05 TRACE org.hibernate.orm.jdbc.bind - binding parameter (1:BIGINT) <- [11]
2026-08-26 03:09:05 DEBUG org.hibernate.SQL - select cd1_0.patient_id,cd1_0.id,cd1_0.component_name,cd1_0.component_value,cd1_0.measured_date_time from clinicaldata cd1_0 where cd1_0.patient_id=?
2026-08-26 03:09:05 TRACE org.hibernate.orm.jdbc.bind - binding parameter (1:BIGINT) <- [10]
2026-08-26 03:09:05 DEBUG org.hibernate.SQL - select cd1_0.patient_id,cd1_0.id,cd1_0.component_name,cd1_0.component_value,cd1_0.measured_date_time from clinicaldata cd1_0 where cd1_0.patient_id=?
2026-08-26 03:09:05 TRACE org.hibernate.orm.jdbc.bind - binding parameter (1:BIGINT) <- [9]
2026-08-26 03:09:05 DEBUG org.hibernate.SQL - select cd1_0.patient_id,cd1_0.id,cd1_0.component_name,cd1_0.component_value,cd1_0.measured_date_time from clinicaldata cd1_0 where cd1_0.patient_id=?
2026-08-26 03:09:05 TRACE org.hibernate.orm.jdbc.bind - binding parameter (1:BIGINT) <- [8]
2026-08-26 03:09:05 DEBUG org.hibernate.SQL - select cd1_0.patient_id,cd1_0.id,cd1_0.component_name,cd1_0.component_value,cd1_0.measured_date_time from clinicaldata cd1_0 where cd1_0.patient_id=?
2026-08-26 03:09:05 TRACE org.hibernate.orm.jdbc.bind - binding parameter (1:BIGINT) <- [7]
2026-08-26 03:09:05 DEBUG org.hibernate.SQL - select cd1_0.patient_id,cd1_0.id,cd1_0.component_name,cd1_0.component_value,cd1_0.measured_date_time from clinicaldata cd1_0 where cd1_0.patient_id=?
2026-08-26 03:09:05 TRACE org.hibernate.orm.jdbc.bind - binding parameter (1:BIGINT) <- [6]
2026-08-26 03:09:05 DEBUG org.hibernate.SQL - select cd1_0.patient_id,cd1_0.id,cd1_0.component_name,cd1_0.component_value,cd1_0.measured_date_time from clinicaldata cd1_0 where cd1_0.patient_id=?
2026-08-26 03:09:05 TRACE org.hibernate.orm.jdbc.bind - binding parameter (1:BIGINT) <- [5]
2026-08-26 03:09:05 DEBUG org.hibernate.SQL - select cd1_0.patient_id,cd1_0.id,cd1_0.component_name,cd1_0.component_value,cd1_0.measured_date_time from clinicaldata cd1_0 where cd1_0.patient_id=?
2026-08-26 03:09:05 TRACE org.hibernate.orm.jdbc.bind - binding parameter (1:BIGINT) <- [4]
2026-08-26 03:09:05 DEBUG org.hibernate.SQL - select cd1_0.patient_id,cd1_0.id,cd1_0.component_name,cd1_0.component_value,cd1_0.measured_date_time from clinicaldata cd1_0 where cd1_0.patient_id=?
2026-08-26 03:09:05 TRACE org.hibernate.orm.jdbc.bind - binding parameter (1:BIGINT) <- [3]
2026-08-26 03:09:05 DEBUG org.hibernate.SQL - select cd1_0.patient_id,cd1_0.id,cd1_0.component_name,cd1_0.component_value,cd1_0.measured_date_time from clinicaldata cd1_0 where cd1_0.patient_id=?
2026-08-26 03:09:05 TRACE org.hibernate.orm.jdbc.bind - binding parameter (1:BIGINT) <- [2]
2026-08-26 03:09:05 DEBUG org.hibernate.SQL - select cd1_0.patient_id,cd1_0.id,cd1_0.component_name,cd1_0.component_value,cd1_0.measured_date_time from clinicaldata cd1_0 where cd1_0.patient_id=?
2026-08-26 03:09:05 TRACE org.hibernate.orm.jdbc.bind - binding parameter (1:BIGINT) <- [1]
2026-08-26 03:09:05 INFO  c.v.c.p.r.PatientController - Fetching all patients
2026-08-26 03:09:05 DEBUG org.hibernate.SQL - select p1_0.id,p1_0.age,p1_0.first_name,p1_0.last_name from patient p1_0
2026-08-26 03:09:05 DEBUG org.hibernate.SQL - select cd1_0.patient_id,cd1_0.id,cd1_0.component_name,cd1_0.component_value,cd1_0.measured_date_time from clinicaldata cd1_0 where cd1_0.patient_id=?
2026-08-26 03:09:05 TRACE org.hibernate.orm.jdbc.bind - binding parameter (1:BIGINT) <- [12]
2026-08-26 03:09:05 DEBUG org.hibernate.SQL - select cd1_0.patient_id,cd1_0.id,cd1_0.component_name,cd1_0.component_value,cd1_0.measured_date_time from clinicaldata cd1_0 where cd1_0.patient_id=?
2026-08-26 03:09:05 TRACE org.hibernate.orm.jdbc.bind - binding parameter (1:BIGINT) <- [11]
2026-08-26 03:09:05 DEBUG org.hibernate.SQL - select cd1_0.patient_id,cd1_0.id,cd1_0.component_name,cd1_0.component_value,cd1_0.measured_date_time from clinicaldata cd1_0 where cd1_0.patient_id=?
2026-08-26 03:09:05 TRACE org.hibernate.orm.jdbc.bind - binding parameter (1:BIGINT) <- [10]
2026-08-26 03:09:05 DEBUG org.hibernate.SQL - select cd1_0.patient_id,cd1_0.id,cd1_0.component_name,cd1_0.component_value,cd1_0.measured_date_time from clinicaldata cd1_0 where cd1_0.patient_id=?
2026-08-26 03:09:05 TRACE org.hibernate.orm.jdbc.bind - binding parameter (1:BIGINT) <- [9]
2026-08-26 03:09:05 DEBUG org.hibernate.SQL - select cd1_0.patient_id,cd1_0.id,cd1_0.component_name,cd1_0.component_value,cd1_0.measured_date_time from clinicaldata cd1_0 where cd1_0.patient_id=?
2026-08-26 03:09:05 TRACE org.hibernate.orm.jdbc.bind - binding parameter (1:BIGINT) <- [8]
2026-08-26 03:09:05 DEBUG org.hibernate.SQL - select cd1_0.patient_id,cd1_0.id,cd1_0.component_name,cd1_0.component_value,cd1_0.measured_date_time from clinicaldata cd1_0 where cd1_0.patient_id=?
2026-08-26 03:09:05 TRACE org.hibernate.orm.jdbc.bind - binding parameter (1:BIGINT) <- [7]
2026-08-26 03:09:05 DEBUG org.hibernate.SQL - select cd1_0.patient_id,cd1_0.id,cd1_0.component_name,cd1_0.component_value,cd1_0.measured_date_time from clinicaldata cd1_0 where cd1_0.patient_id=?
2026-08-26 03:09:05 TRACE org.hibernate.orm.jdbc.bind - binding parameter (1:BIGINT) <- [6]
2026-08-26 03:09:05 DEBUG org.hibernate.SQL - select cd1_0.patient_id,cd1_0.id,cd1_0.component_name,cd1_0.component_value,cd1_0.measured_date_time from clinicaldata cd1_0 where cd1_0.patient_id=?
2026-08-26 03:09:05 TRACE org.hibernate.orm.jdbc.bind - binding parameter (1:BIGINT) <- [5]
2026-08-26 03:09:05 DEBUG org.hibernate.SQL - select cd1_0.patient_id,cd1_0.id,cd1_0.component_name,cd1_0.component_value,cd1_0.measured_date_time from clinicaldata cd1_0 where cd1_0.patient_id=?
2026-08-26 03:09:05 TRACE org.hibernate.orm.jdbc.bind - binding parameter (1:BIGINT) <- [4]
2026-08-26 03:09:05 DEBUG org.hibernate.SQL - select cd1_0.patient_id,cd1_0.id,cd1_0.component_name,cd1_0.component_value,cd1_0.measured_date_time from clinicaldata cd1_0 where cd1_0.patient_id=?
2026-08-26 03:09:05 TRACE org.hibernate.orm.jdbc.bind - binding parameter (1:BIGINT) <- [3]
2026-08-26 03:09:05 DEBUG org.hibernate.SQL - select cd1_0.patient_id,cd1_0.id,cd1_0.component_name,cd1_0.component_value,cd1_0.measured_date_time from clinicaldata cd1_0 where cd1_0.patient_id=?
2026-08-26 03:09:05 TRACE org.hibernate.orm.jdbc.bind - binding parameter (1:BIGINT) <- [2]
2026-08-26 03:09:05 DEBUG org.hibernate.SQL - select cd1_0.patient_id,cd1_0.id,cd1_0.component_name,cd1_0.component_value,cd1_0.measured_date_time from clinicaldata cd1_0 where cd1_0.patient_id=?
2026-08-26 03:09:05 TRACE org.hibernate.orm.jdbc.bind - binding parameter (1:BIGINT) <- [1]
2026-08-26 03:09:24 INFO  c.v.c.p.r.PatientController - Fetching all patients
2026-08-26 03:09:24 DEBUG org.hibernate.SQL - select p1_0.id,p1_0.age,p1_0.first_name,p1_0.last_name from patient p1_0
2026-08-26 03:09:24 DEBUG org.hibernate.SQL - select cd1_0.patient_id,cd1_0.id,cd1_0.component_name,cd1_0.component_value,cd1_0.measured_date_time from clinicaldata cd1_0 where cd1_0.patient_id=?
2026-08-26 03:09:24 TRACE org.hibernate.orm.jdbc.bind - binding parameter (1:BIGINT) <- [12]
2026-08-26 03:09:24 DEBUG org.hibernate.SQL - select cd1_0.patient_id,cd1_0.id,cd1_0.component_name,cd1_0.component_value,cd1_0.measured_date_time from clinicaldata cd1_0 where cd1_0.patient_id=?
2026-08-26 03:09:24 TRACE org.hibernate.orm.jdbc.bind - binding parameter (1:BIGINT) <- [11]
2026-08-26 03:09:24 DEBUG org.hibernate.SQL - select cd1_0.patient_id,cd1_0.id,cd1_0.component_name,cd1_0.component_value,cd1_0.measured_date_time from clinicaldata cd1_0 where cd1_0.patient_id=?
2026-08-26 03:09:24 TRACE org.hibernate.orm.jdbc.bind - binding parameter (1:BIGINT) <- [10]
2026-08-26 03:09:24 DEBUG org.hibernate.SQL - select cd1_0.patient_id,cd1_0.id,cd1_0.component_name,cd1_0.component_value,cd1_0.measured_date_time from clinicaldata cd1_0 where cd1_0.patient_id=?
2026-08-26 03:09:24 TRACE org.hibernate.orm.jdbc.bind - binding parameter (1:BIGINT) <- [9]
2026-08-26 03:09:24 DEBUG org.hibernate.SQL - select cd1_0.patient_id,cd1_0.id,cd1_0.component_name,cd1_0.component_value,cd1_0.measured_date_time from clinicaldata cd1_0 where cd1_0.patient_id=?
2026-08-26 03:09:24 TRACE org.hibernate.orm.jdbc.bind - binding parameter (1:BIGINT) <- [8]
2026-08-26 03:09:25 DEBUG org.hibernate.SQL - select cd1_0.patient_id,cd1_0.id,cd1_0.component_name,cd1_0.component_value,cd1_0.measured_date_time from clinicaldata cd1_0 where cd1_0.patient_id=?
2026-08-26 03:09:25 TRACE org.hibernate.orm.jdbc.bind - binding parameter (1:BIGINT) <- [7]
2026-08-26 03:09:25 DEBUG org.hibernate.SQL - select cd1_0.patient_id,cd1_0.id,cd1_0.component_name,cd1_0.component_value,cd1_0.measured_date_time from clinicaldata cd1_0 where cd1_0.patient_id=?
2026-08-26 03:09:25 TRACE org.hibernate.orm.jdbc.bind - binding parameter (1:BIGINT) <- [6]
2026-08-26 03:09:25 DEBUG org.hibernate.SQL - select cd1_0.patient_id,cd1_0.id,cd1_0.component_name,cd1_0.component_value,cd1_0.measured_date_time from clinicaldata cd1_0 where cd1_0.patient_id=?
2026-08-26 03:09:25 TRACE org.hibernate.orm.jdbc.bind - binding parameter (1:BIGINT) <- [5]
2026-08-26 03:09:25 DEBUG org.hibernate.SQL - select cd1_0.patient_id,cd1_0.id,cd1_0.component_name,cd1_0.component_value,cd1_0.measured_date_time from clinicaldata cd1_0 where cd1_0.patient_id=?
2026-08-26 03:09:25 TRACE org.hibernate.orm.jdbc.bind - binding parameter (1:BIGINT) <- [4]
2026-08-26 03:09:25 DEBUG org.hibernate.SQL - select cd1_0.patient_id,cd1_0.id,cd1_0.component_name,cd1_0.component_value,cd1_0.measured_date_time from clinicaldata cd1_0 where cd1_0.patient_id=?
2026-08-26 03:09:25 TRACE org.hibernate.orm.jdbc.bind - binding parameter (1:BIGINT) <- [3]
2026-08-26 03:09:25 DEBUG org.hibernate.SQL - select cd1_0.patient_id,cd1_0.id,cd1_0.component_name,cd1_0.component_value,cd1_0.measured_date_time from clinicaldata cd1_0 where cd1_0.patient_id=?
2026-08-26 03:09:25 TRACE org.hibernate.orm.jdbc.bind - binding parameter (1:BIGINT) <- [2]
2026-08-26 03:09:25 DEBUG org.hibernate.SQL - select cd1_0.patient_id,cd1_0.id,cd1_0.component_name,cd1_0.component_value,cd1_0.measured_date_time from clinicaldata cd1_0 where cd1_0.patient_id=?
2026-08-26 03:09:25 TRACE org.hibernate.orm.jdbc.bind - binding parameter (1:BIGINT) <- [1]
2026-08-26 03:09:25 INFO  c.v.c.p.r.PatientController - Fetching all patients
2026-08-26 03:09:25 DEBUG org.hibernate.SQL - select p1_0.id,p1_0.age,p1_0.first_name,p1_0.last_name from patient p1_0
2026-08-26 03:09:25 DEBUG org.hibernate.SQL - select cd1_0.patient_id,cd1_0.id,cd1_0.component_name,cd1_0.component_value,cd1_0.measured_date_time from clinicaldata cd1_0 where cd1_0.patient_id=?
2026-08-26 03:09:25 TRACE org.hibernate.orm.jdbc.bind - binding parameter (1:BIGINT) <- [12]
2026-08-26 03:09:25 DEBUG org.hibernate.SQL - select cd1_0.patient_id,cd1_0.id,cd1_0.component_name,cd1_0.component_value,cd1_0.measured_date_time from clinicaldata cd1_0 where cd1_0.patient_id=?
2026-08-26 03:09:25 TRACE org.hibernate.orm.jdbc.bind - binding parameter (1:BIGINT) <- [11]
2026-08-26 03:09:25 DEBUG org.hibernate.SQL - select cd1_0.patient_id,cd1_0.id,cd1_0.component_name,cd1_0.component_value,cd1_0.measured_date_time from clinicaldata cd1_0 where cd1_0.patient_id=?
2026-08-26 03:09:25 TRACE org.hibernate.orm.jdbc.bind - binding parameter (1:BIGINT) <- [10]
2026-08-26 03:09:25 DEBUG org.hibernate.SQL - select cd1_0.patient_id,cd1_0.id,cd1_0.component_name,cd1_0.component_value,cd1_0.measured_date_time from clinicaldata cd1_0 where cd1_0.patient_id=?
2026-08-26 03:09:25 TRACE org.hibernate.orm.jdbc.bind - binding parameter (1:BIGINT) <- [9]
2026-08-26 03:09:25 DEBUG org.hibernate.SQL - select cd1_0.patient_id,cd1_0.id,cd1_0.component_name,cd1_0.component_value,cd1_0.measured_date_time from clinicaldata cd1_0 where cd1_0.patient_id=?
2026-08-26 03:09:25 TRACE org.hibernate.orm.jdbc.bind - binding parameter (1:BIGINT) <- [8]
2026-08-26 03:09:25 DEBUG org.hibernate.SQL - select cd1_0.patient_id,cd1_0.id,cd1_0.component_name,cd1_0.component_value,cd1_0.measured_date_time from clinicaldata cd1_0 where cd1_0.patient_id=?
2026-08-26 03:09:25 TRACE org.hibernate.orm.jdbc.bind - binding parameter (1:BIGINT) <- [7]
2026-08-26 03:09:25 DEBUG org.hibernate.SQL - select cd1_0.patient_id,cd1_0.id,cd1_0.component_name,cd1_0.component_value,cd1_0.measured_date_time from clinicaldata cd1_0 where cd1_0.patient_id=?
2026-08-26 03:09:25 TRACE org.hibernate.orm.jdbc.bind - binding parameter (1:BIGINT) <- [6]
2026-08-26 03:09:25 DEBUG org.hibernate.SQL - select cd1_0.patient_id,cd1_0.id,cd1_0.component_name,cd1_0.component_value,cd1_0.measured_date_time from clinicaldata cd1_0 where cd1_0.patient_id=?
2026-08-26 03:09:25 TRACE org.hibernate.orm.jdbc.bind - binding parameter (1:BIGINT) <- [5]
2026-08-26 03:09:25 DEBUG org.hibernate.SQL - select cd1_0.patient_id,cd1_0.id,cd1_0.component_name,cd1_0.component_value,cd1_0.measured_date_time from clinicaldata cd1_0 where cd1_0.patient_id=?
2026-08-26 03:09:25 TRACE org.hibernate.orm.jdbc.bind - binding parameter (1:BIGINT) <- [4]
2026-08-26 03:09:25 DEBUG org.hibernate.SQL - select cd1_0.patient_id,cd1_0.id,cd1_0.component_name,cd1_0.component_value,cd1_0.measured_date_time from clinicaldata cd1_0 where cd1_0.patient_id=?
2026-08-26 03:09:25 TRACE org.hibernate.orm.jdbc.bind - binding parameter (1:BIGINT) <- [3]
2026-08-26 03:09:25 DEBUG org.hibernate.SQL - select cd1_0.patient_id,cd1_0.id,cd1_0.component_name,cd1_0.component_value,cd1_0.measured_date_time from clinicaldata cd1_0 where cd1_0.patient_id=?
2026-08-26 03:09:25 TRACE org.hibernate.orm.jdbc.bind - binding parameter (1:BIGINT) <- [2]
2026-08-26 03:09:25 DEBUG org.hibernate.SQL - select cd1_0.patient_id,cd1_0.id,cd1_0.component_name,cd1_0.component_value,cd1_0.measured_date_time from clinicaldata cd1_0 where cd1_0.patient_id=?
2026-08-26 03:09:25 TRACE org.hibernate.orm.jdbc.bind - binding parameter (1:BIGINT) <- [1]
2026-08-26 03:09:47 INFO  c.v.c.p.PatientClinicalDataApiApplication - Starting PatientClinicalDataApiApplication using Java 17.0.8 with PID 1600 (D:\GitHub\Patient-clinical-data-api\target\classes started by DELL in D:\GitHub\Patient-clinical-data-api)
2026-08-26 03:09:47 DEBUG c.v.c.p.PatientClinicalDataApiApplication - Running with Spring Boot v4.2.0-SNAPSHOT, Spring v7.1.0-M1
2026-08-26 03:09:47 INFO  c.v.c.p.PatientClinicalDataApiApplication - No active profile set, falling back to 1 default profile: "default"
2026-08-26 03:09:47 INFO  o.s.b.d.e.DevToolsPropertyDefaultsPostProcessor - Devtools property defaults active! Set 'spring.devtools.add-properties' to 'false' to disable
2026-08-26 03:09:47 INFO  o.s.b.d.e.DevToolsPropertyDefaultsPostProcessor - For additional web related logging consider setting the 'logging.level.web' property to 'DEBUG'
2026-08-26 03:09:49 INFO  o.s.d.r.c.RepositoryConfigurationDelegate - Bootstrapping Spring Data JPA repositories in DEFAULT mode.
2026-08-26 03:09:49 INFO  o.s.d.r.c.RepositoryConfigurationDelegate - Finished Spring Data repository scanning in 64 ms. Found 2 JPA repository interfaces.
2026-08-26 03:09:50 INFO  o.s.boot.tomcat.TomcatWebServer - Tomcat initialized with port 8080 (http)
2026-08-26 03:09:50 INFO  o.a.catalina.core.StandardService - Starting service [Tomcat]
2026-08-26 03:09:50 INFO  o.a.catalina.core.StandardEngine - Starting Servlet engine: [Apache Tomcat/11.0.24]
2026-08-26 03:09:50 INFO  o.s.b.w.c.s.WebApplicationContextInitializer - Root WebApplicationContext: initialization completed in 2384 ms
2026-08-26 03:09:51 INFO  com.zaxxer.hikari.HikariDataSource - HikariPool-1 - Starting...
2026-08-26 03:09:51 INFO  com.zaxxer.hikari.pool.HikariPool - HikariPool-1 - Added connection com.mysql.cj.jdbc.ConnectionImpl@5c75f78e
2026-08-26 03:09:51 INFO  com.zaxxer.hikari.HikariDataSource - HikariPool-1 - Start completed.
2026-08-26 03:09:51 INFO  org.hibernate.orm.jpa - HHH008540: Processing PersistenceUnitInfo [name: default]
2026-08-26 03:09:51 INFO  org.hibernate.orm.core - HHH000001: Hibernate ORM core version 7.4.5.Final
2026-08-26 03:09:52 INFO  o.s.o.j.p.SpringPersistenceUnitInfo - No LoadTimeWeaver setup: ignoring JPA class transformer
2026-08-26 03:09:52 INFO  o.hibernate.orm.connections.pooling - HHH10001005: Database info:
	Database JDBC URL [jdbc:mysql://localhost:3306/clinicals?useSSL=false&serverTimezone=UTC]
	Database driver: MySQL Connector/J
	Database dialect: MySQLDialect
	Database version: 8.0.27
	Default catalog/schema: clinicals/undefined
	Autocommit mode: undefined/unknown
	Isolation level: REPEATABLE_READ [default REPEATABLE_READ]
	JDBC fetch size: none
	Pool: DataSourceConnectionProvider
	Minimum pool size: undefined/unknown
	Maximum pool size: undefined/unknown
2026-08-26 03:09:53 INFO  org.hibernate.orm.core - HHH000489: No JTA platform available (set 'hibernate.transaction.jta.platform' to enable JTA platform integration)
2026-08-26 03:09:53 INFO  o.s.o.j.LocalContainerEntityManagerFactoryBean - Initialized JPA EntityManagerFactory for persistence unit 'default'
2026-08-26 03:09:53 INFO  o.s.d.j.r.q.QueryEnhancerFactories - Hibernate is in classpath; If applicable, HQL parser will be used.
2026-08-26 03:09:53 WARN  o.s.b.j.a.JpaBaseConfiguration$JpaWebConfiguration - spring.jpa.open-in-view is enabled by default. Therefore, database queries may be performed during view rendering. Explicitly configure spring.jpa.open-in-view to disable this warning
2026-08-26 03:09:54 INFO  o.s.b.a.e.web.EndpointLinksResolver - Exposing 1 endpoint beneath base path '/actuator'
2026-08-26 03:09:54 INFO  o.s.boot.tomcat.TomcatWebServer - Tomcat started on port 8080 (http) with context path '/patient-services'
2026-08-26 03:09:54 INFO  c.v.c.p.PatientClinicalDataApiApplication - Started PatientClinicalDataApiApplication in 7.972 seconds (process running for 8.569)
2026-08-26 03:09:56 INFO  o.a.c.c.C.[.[.[/patient-services] - Initializing Spring DispatcherServlet 'dispatcherServlet'
2026-08-26 03:09:56 INFO  o.s.web.servlet.DispatcherServlet - Initializing Servlet 'dispatcherServlet'
2026-08-26 03:09:56 INFO  o.s.web.servlet.DispatcherServlet - Completed initialization in 3 ms
2026-08-26 03:11:43 INFO  c.v.c.p.r.PatientController - Fetching all patients
2026-08-26 03:11:43 DEBUG org.hibernate.SQL - select p1_0.id,p1_0.age,p1_0.first_name,p1_0.last_name from patient p1_0
2026-08-26 03:11:43 DEBUG org.hibernate.SQL - select cd1_0.patient_id,cd1_0.id,cd1_0.component_name,cd1_0.component_value,cd1_0.measured_date_time from clinicaldata cd1_0 where cd1_0.patient_id=?
2026-08-26 03:11:43 TRACE org.hibernate.orm.jdbc.bind - binding parameter (1:BIGINT) <- [12]
2026-08-26 03:11:43 DEBUG org.hibernate.SQL - select cd1_0.patient_id,cd1_0.id,cd1_0.component_name,cd1_0.component_value,cd1_0.measured_date_time from clinicaldata cd1_0 where cd1_0.patient_id=?
2026-08-26 03:11:43 TRACE org.hibernate.orm.jdbc.bind - binding parameter (1:BIGINT) <- [11]
2026-08-26 03:11:43 DEBUG org.hibernate.SQL - select cd1_0.patient_id,cd1_0.id,cd1_0.component_name,cd1_0.component_value,cd1_0.measured_date_time from clinicaldata cd1_0 where cd1_0.patient_id=?
2026-08-26 03:11:43 TRACE org.hibernate.orm.jdbc.bind - binding parameter (1:BIGINT) <- [10]
2026-08-26 03:11:43 DEBUG org.hibernate.SQL - select cd1_0.patient_id,cd1_0.id,cd1_0.component_name,cd1_0.component_value,cd1_0.measured_date_time from clinicaldata cd1_0 where cd1_0.patient_id=?
2026-08-26 03:11:43 TRACE org.hibernate.orm.jdbc.bind - binding parameter (1:BIGINT) <- [9]
2026-08-26 03:11:43 DEBUG org.hibernate.SQL - select cd1_0.patient_id,cd1_0.id,cd1_0.component_name,cd1_0.component_value,cd1_0.measured_date_time from clinicaldata cd1_0 where cd1_0.patient_id=?
2026-08-26 03:11:43 TRACE org.hibernate.orm.jdbc.bind - binding parameter (1:BIGINT) <- [8]
2026-08-26 03:11:43 DEBUG org.hibernate.SQL - select cd1_0.patient_id,cd1_0.id,cd1_0.component_name,cd1_0.component_value,cd1_0.measured_date_time from clinicaldata cd1_0 where cd1_0.patient_id=?
2026-08-26 03:11:43 TRACE org.hibernate.orm.jdbc.bind - binding parameter (1:BIGINT) <- [7]
2026-08-26 03:11:43 DEBUG org.hibernate.SQL - select cd1_0.patient_id,cd1_0.id,cd1_0.component_name,cd1_0.component_value,cd1_0.measured_date_time from clinicaldata cd1_0 where cd1_0.patient_id=?
2026-08-26 03:11:43 TRACE org.hibernate.orm.jdbc.bind - binding parameter (1:BIGINT) <- [6]
2026-08-26 03:11:43 DEBUG org.hibernate.SQL - select cd1_0.patient_id,cd1_0.id,cd1_0.component_name,cd1_0.component_value,cd1_0.measured_date_time from clinicaldata cd1_0 where cd1_0.patient_id=?
2026-08-26 03:11:43 TRACE org.hibernate.orm.jdbc.bind - binding parameter (1:BIGINT) <- [5]
2026-08-26 03:11:43 DEBUG org.hibernate.SQL - select cd1_0.patient_id,cd1_0.id,cd1_0.component_name,cd1_0.component_value,cd1_0.measured_date_time from clinicaldata cd1_0 where cd1_0.patient_id=?
2026-08-26 03:11:43 TRACE org.hibernate.orm.jdbc.bind - binding parameter (1:BIGINT) <- [4]
2026-08-26 03:11:43 DEBUG org.hibernate.SQL - select cd1_0.patient_id,cd1_0.id,cd1_0.component_name,cd1_0.component_value,cd1_0.measured_date_time from clinicaldata cd1_0 where cd1_0.patient_id=?
2026-08-26 03:11:43 TRACE org.hibernate.orm.jdbc.bind - binding parameter (1:BIGINT) <- [3]
2026-08-26 03:11:43 DEBUG org.hibernate.SQL - select cd1_0.patient_id,cd1_0.id,cd1_0.component_name,cd1_0.component_value,cd1_0.measured_date_time from clinicaldata cd1_0 where cd1_0.patient_id=?
2026-08-26 03:11:43 TRACE org.hibernate.orm.jdbc.bind - binding parameter (1:BIGINT) <- [2]
2026-08-26 03:11:43 DEBUG org.hibernate.SQL - select cd1_0.patient_id,cd1_0.id,cd1_0.component_name,cd1_0.component_value,cd1_0.measured_date_time from clinicaldata cd1_0 where cd1_0.patient_id=?
2026-08-26 03:11:43 TRACE org.hibernate.orm.jdbc.bind - binding parameter (1:BIGINT) <- [1]
2026-08-26 03:11:43 INFO  c.v.c.p.r.PatientController - Fetching all patients
2026-08-26 03:11:43 DEBUG org.hibernate.SQL - select p1_0.id,p1_0.age,p1_0.first_name,p1_0.last_name from patient p1_0
2026-08-26 03:11:43 DEBUG org.hibernate.SQL - select cd1_0.patient_id,cd1_0.id,cd1_0.component_name,cd1_0.component_value,cd1_0.measured_date_time from clinicaldata cd1_0 where cd1_0.patient_id=?
2026-08-26 03:11:43 TRACE org.hibernate.orm.jdbc.bind - binding parameter (1:BIGINT) <- [12]
2026-08-26 03:11:43 DEBUG org.hibernate.SQL - select cd1_0.patient_id,cd1_0.id,cd1_0.component_name,cd1_0.component_value,cd1_0.measured_date_time from clinicaldata cd1_0 where cd1_0.patient_id=?
2026-08-26 03:11:43 TRACE org.hibernate.orm.jdbc.bind - binding parameter (1:BIGINT) <- [11]
2026-08-26 03:11:43 DEBUG org.hibernate.SQL - select cd1_0.patient_id,cd1_0.id,cd1_0.component_name,cd1_0.component_value,cd1_0.measured_date_time from clinicaldata cd1_0 where cd1_0.patient_id=?
2026-08-26 03:11:43 TRACE org.hibernate.orm.jdbc.bind - binding parameter (1:BIGINT) <- [10]
2026-08-26 03:11:43 DEBUG org.hibernate.SQL - select cd1_0.patient_id,cd1_0.id,cd1_0.component_name,cd1_0.component_value,cd1_0.measured_date_time from clinicaldata cd1_0 where cd1_0.patient_id=?
2026-08-26 03:11:43 TRACE org.hibernate.orm.jdbc.bind - binding parameter (1:BIGINT) <- [9]
2026-08-26 03:11:43 DEBUG org.hibernate.SQL - select cd1_0.patient_id,cd1_0.id,cd1_0.component_name,cd1_0.component_value,cd1_0.measured_date_time from clinicaldata cd1_0 where cd1_0.patient_id=?
2026-08-26 03:11:43 TRACE org.hibernate.orm.jdbc.bind - binding parameter (1:BIGINT) <- [8]
2026-08-26 03:11:43 DEBUG org.hibernate.SQL - select cd1_0.patient_id,cd1_0.id,cd1_0.component_name,cd1_0.component_value,cd1_0.measured_date_time from clinicaldata cd1_0 where cd1_0.patient_id=?
2026-08-26 03:11:43 TRACE org.hibernate.orm.jdbc.bind - binding parameter (1:BIGINT) <- [7]
2026-08-26 03:11:43 DEBUG org.hibernate.SQL - select cd1_0.patient_id,cd1_0.id,cd1_0.component_name,cd1_0.component_value,cd1_0.measured_date_time from clinicaldata cd1_0 where cd1_0.patient_id=?
2026-08-26 03:11:43 TRACE org.hibernate.orm.jdbc.bind - binding parameter (1:BIGINT) <- [6]
2026-08-26 03:11:43 DEBUG org.hibernate.SQL - select cd1_0.patient_id,cd1_0.id,cd1_0.component_name,cd1_0.component_value,cd1_0.measured_date_time from clinicaldata cd1_0 where cd1_0.patient_id=?
2026-08-26 03:11:43 TRACE org.hibernate.orm.jdbc.bind - binding parameter (1:BIGINT) <- [5]
2026-08-26 03:11:43 DEBUG org.hibernate.SQL - select cd1_0.patient_id,cd1_0.id,cd1_0.component_name,cd1_0.component_value,cd1_0.measured_date_time from clinicaldata cd1_0 where cd1_0.patient_id=?
2026-08-26 03:11:43 TRACE org.hibernate.orm.jdbc.bind - binding parameter (1:BIGINT) <- [4]
2026-08-26 03:11:43 DEBUG org.hibernate.SQL - select cd1_0.patient_id,cd1_0.id,cd1_0.component_name,cd1_0.component_value,cd1_0.measured_date_time from clinicaldata cd1_0 where cd1_0.patient_id=?
2026-08-26 03:11:43 TRACE org.hibernate.orm.jdbc.bind - binding parameter (1:BIGINT) <- [3]
2026-08-26 03:11:43 DEBUG org.hibernate.SQL - select cd1_0.patient_id,cd1_0.id,cd1_0.component_name,cd1_0.component_value,cd1_0.measured_date_time from clinicaldata cd1_0 where cd1_0.patient_id=?
2026-08-26 03:11:43 TRACE org.hibernate.orm.jdbc.bind - binding parameter (1:BIGINT) <- [2]
2026-08-26 03:11:43 DEBUG org.hibernate.SQL - select cd1_0.patient_id,cd1_0.id,cd1_0.component_name,cd1_0.component_value,cd1_0.measured_date_time from clinicaldata cd1_0 where cd1_0.patient_id=?
2026-08-26 03:11:43 TRACE org.hibernate.orm.jdbc.bind - binding parameter (1:BIGINT) <- [1]
2026-08-26 03:12:57 INFO  c.v.c.p.r.PatientController - Fetching all patients
2026-08-26 03:12:57 DEBUG org.hibernate.SQL - select p1_0.id,p1_0.age,p1_0.first_name,p1_0.last_name from patient p1_0
2026-08-26 03:12:57 DEBUG org.hibernate.SQL - select cd1_0.patient_id,cd1_0.id,cd1_0.component_name,cd1_0.component_value,cd1_0.measured_date_time from clinicaldata cd1_0 where cd1_0.patient_id=?
2026-08-26 03:12:57 TRACE org.hibernate.orm.jdbc.bind - binding parameter (1:BIGINT) <- [12]
2026-08-26 03:12:57 DEBUG org.hibernate.SQL - select cd1_0.patient_id,cd1_0.id,cd1_0.component_name,cd1_0.component_value,cd1_0.measured_date_time from clinicaldata cd1_0 where cd1_0.patient_id=?
2026-08-26 03:12:57 TRACE org.hibernate.orm.jdbc.bind - binding parameter (1:BIGINT) <- [11]
2026-08-26 03:12:57 DEBUG org.hibernate.SQL - select cd1_0.patient_id,cd1_0.id,cd1_0.component_name,cd1_0.component_value,cd1_0.measured_date_time from clinicaldata cd1_0 where cd1_0.patient_id=?
2026-08-26 03:12:57 TRACE org.hibernate.orm.jdbc.bind - binding parameter (1:BIGINT) <- [10]
2026-08-26 03:12:57 DEBUG org.hibernate.SQL - select cd1_0.patient_id,cd1_0.id,cd1_0.component_name,cd1_0.component_value,cd1_0.measured_date_time from clinicaldata cd1_0 where cd1_0.patient_id=?
2026-08-26 03:12:57 TRACE org.hibernate.orm.jdbc.bind - binding parameter (1:BIGINT) <- [9]
2026-08-26 03:12:57 DEBUG org.hibernate.SQL - select cd1_0.patient_id,cd1_0.id,cd1_0.component_name,cd1_0.component_value,cd1_0.measured_date_time from clinicaldata cd1_0 where cd1_0.patient_id=?
2026-08-26 03:12:57 TRACE org.hibernate.orm.jdbc.bind - binding parameter (1:BIGINT) <- [8]
2026-08-26 03:12:57 DEBUG org.hibernate.SQL - select cd1_0.patient_id,cd1_0.id,cd1_0.component_name,cd1_0.component_value,cd1_0.measured_date_time from clinicaldata cd1_0 where cd1_0.patient_id=?
2026-08-26 03:12:57 TRACE org.hibernate.orm.jdbc.bind - binding parameter (1:BIGINT) <- [7]
2026-08-26 03:12:57 DEBUG org.hibernate.SQL - select cd1_0.patient_id,cd1_0.id,cd1_0.component_name,cd1_0.component_value,cd1_0.measured_date_time from clinicaldata cd1_0 where cd1_0.patient_id=?
2026-08-26 03:12:57 TRACE org.hibernate.orm.jdbc.bind - binding parameter (1:BIGINT) <- [6]
2026-08-26 03:12:57 DEBUG org.hibernate.SQL - select cd1_0.patient_id,cd1_0.id,cd1_0.component_name,cd1_0.component_value,cd1_0.measured_date_time from clinicaldata cd1_0 where cd1_0.patient_id=?
2026-08-26 03:12:57 TRACE org.hibernate.orm.jdbc.bind - binding parameter (1:BIGINT) <- [5]
2026-08-26 03:12:57 DEBUG org.hibernate.SQL - select cd1_0.patient_id,cd1_0.id,cd1_0.component_name,cd1_0.component_value,cd1_0.measured_date_time from clinicaldata cd1_0 where cd1_0.patient_id=?
2026-08-26 03:12:57 TRACE org.hibernate.orm.jdbc.bind - binding parameter (1:BIGINT) <- [4]
2026-08-26 03:12:57 DEBUG org.hibernate.SQL - select cd1_0.patient_id,cd1_0.id,cd1_0.component_name,cd1_0.component_value,cd1_0.measured_date_time from clinicaldata cd1_0 where cd1_0.patient_id=?
2026-08-26 03:12:57 TRACE org.hibernate.orm.jdbc.bind - binding parameter (1:BIGINT) <- [3]
2026-08-26 03:12:57 DEBUG org.hibernate.SQL - select cd1_0.patient_id,cd1_0.id,cd1_0.component_name,cd1_0.component_value,cd1_0.measured_date_time from clinicaldata cd1_0 where cd1_0.patient_id=?
2026-08-26 03:12:57 TRACE org.hibernate.orm.jdbc.bind - binding parameter (1:BIGINT) <- [2]
2026-08-26 03:12:57 DEBUG org.hibernate.SQL - select cd1_0.patient_id,cd1_0.id,cd1_0.component_name,cd1_0.component_value,cd1_0.measured_date_time from clinicaldata cd1_0 where cd1_0.patient_id=?
2026-08-26 03:12:57 TRACE org.hibernate.orm.jdbc.bind - binding parameter (1:BIGINT) <- [1]
2026-08-26 03:13:13 INFO  c.v.c.p.r.PatientController - Fetching all patients
2026-08-26 03:13:13 DEBUG org.hibernate.SQL - select p1_0.id,p1_0.age,p1_0.first_name,p1_0.last_name from patient p1_0
2026-08-26 03:13:13 DEBUG org.hibernate.SQL - select cd1_0.patient_id,cd1_0.id,cd1_0.component_name,cd1_0.component_value,cd1_0.measured_date_time from clinicaldata cd1_0 where cd1_0.patient_id=?
2026-08-26 03:13:13 TRACE org.hibernate.orm.jdbc.bind - binding parameter (1:BIGINT) <- [12]
2026-08-26 03:13:13 DEBUG org.hibernate.SQL - select cd1_0.patient_id,cd1_0.id,cd1_0.component_name,cd1_0.component_value,cd1_0.measured_date_time from clinicaldata cd1_0 where cd1_0.patient_id=?
2026-08-26 03:13:13 TRACE org.hibernate.orm.jdbc.bind - binding parameter (1:BIGINT) <- [11]
2026-08-26 03:13:13 DEBUG org.hibernate.SQL - select cd1_0.patient_id,cd1_0.id,cd1_0.component_name,cd1_0.component_value,cd1_0.measured_date_time from clinicaldata cd1_0 where cd1_0.patient_id=?
2026-08-26 03:13:13 TRACE org.hibernate.orm.jdbc.bind - binding parameter (1:BIGINT) <- [10]
2026-08-26 03:13:13 DEBUG org.hibernate.SQL - select cd1_0.patient_id,cd1_0.id,cd1_0.component_name,cd1_0.component_value,cd1_0.measured_date_time from clinicaldata cd1_0 where cd1_0.patient_id=?
2026-08-26 03:13:13 TRACE org.hibernate.orm.jdbc.bind - binding parameter (1:BIGINT) <- [9]
2026-08-26 03:13:13 DEBUG org.hibernate.SQL - select cd1_0.patient_id,cd1_0.id,cd1_0.component_name,cd1_0.component_value,cd1_0.measured_date_time from clinicaldata cd1_0 where cd1_0.patient_id=?
2026-08-26 03:13:13 TRACE org.hibernate.orm.jdbc.bind - binding parameter (1:BIGINT) <- [8]
2026-08-26 03:13:13 DEBUG org.hibernate.SQL - select cd1_0.patient_id,cd1_0.id,cd1_0.component_name,cd1_0.component_value,cd1_0.measured_date_time from clinicaldata cd1_0 where cd1_0.patient_id=?
2026-08-26 03:13:13 TRACE org.hibernate.orm.jdbc.bind - binding parameter (1:BIGINT) <- [7]
2026-08-26 03:13:13 DEBUG org.hibernate.SQL - select cd1_0.patient_id,cd1_0.id,cd1_0.component_name,cd1_0.component_value,cd1_0.measured_date_time from clinicaldata cd1_0 where cd1_0.patient_id=?
2026-08-26 03:13:13 TRACE org.hibernate.orm.jdbc.bind - binding parameter (1:BIGINT) <- [6]
2026-08-26 03:13:13 DEBUG org.hibernate.SQL - select cd1_0.patient_id,cd1_0.id,cd1_0.component_name,cd1_0.component_value,cd1_0.measured_date_time from clinicaldata cd1_0 where cd1_0.patient_id=?
2026-08-26 03:13:13 TRACE org.hibernate.orm.jdbc.bind - binding parameter (1:BIGINT) <- [5]
2026-08-26 03:13:13 DEBUG org.hibernate.SQL - select cd1_0.patient_id,cd1_0.id,cd1_0.component_name,cd1_0.component_value,cd1_0.measured_date_time from clinicaldata cd1_0 where cd1_0.patient_id=?
2026-08-26 03:13:13 TRACE org.hibernate.orm.jdbc.bind - binding parameter (1:BIGINT) <- [4]
2026-08-26 03:13:13 DEBUG org.hibernate.SQL - select cd1_0.patient_id,cd1_0.id,cd1_0.component_name,cd1_0.component_value,cd1_0.measured_date_time from clinicaldata cd1_0 where cd1_0.patient_id=?
2026-08-26 03:13:13 TRACE org.hibernate.orm.jdbc.bind - binding parameter (1:BIGINT) <- [3]
2026-08-26 03:13:13 DEBUG org.hibernate.SQL - select cd1_0.patient_id,cd1_0.id,cd1_0.component_name,cd1_0.component_value,cd1_0.measured_date_time from clinicaldata cd1_0 where cd1_0.patient_id=?
2026-08-26 03:13:13 TRACE org.hibernate.orm.jdbc.bind - binding parameter (1:BIGINT) <- [2]
2026-08-26 03:13:13 DEBUG org.hibernate.SQL - select cd1_0.patient_id,cd1_0.id,cd1_0.component_name,cd1_0.component_value,cd1_0.measured_date_time from clinicaldata cd1_0 where cd1_0.patient_id=?
2026-08-26 03:13:13 TRACE org.hibernate.orm.jdbc.bind - binding parameter (1:BIGINT) <- [1]
2026-08-26 03:13:13 INFO  c.v.c.p.r.PatientController - Fetching all patients
2026-08-26 03:13:13 DEBUG org.hibernate.SQL - select p1_0.id,p1_0.age,p1_0.first_name,p1_0.last_name from patient p1_0
2026-08-26 03:13:13 DEBUG org.hibernate.SQL - select cd1_0.patient_id,cd1_0.id,cd1_0.component_name,cd1_0.component_value,cd1_0.measured_date_time from clinicaldata cd1_0 where cd1_0.patient_id=?
2026-08-26 03:13:13 TRACE org.hibernate.orm.jdbc.bind - binding parameter (1:BIGINT) <- [12]
2026-08-26 03:13:13 DEBUG org.hibernate.SQL - select cd1_0.patient_id,cd1_0.id,cd1_0.component_name,cd1_0.component_value,cd1_0.measured_date_time from clinicaldata cd1_0 where cd1_0.patient_id=?
2026-08-26 03:13:13 TRACE org.hibernate.orm.jdbc.bind - binding parameter (1:BIGINT) <- [11]
2026-08-26 03:13:13 DEBUG org.hibernate.SQL - select cd1_0.patient_id,cd1_0.id,cd1_0.component_name,cd1_0.component_value,cd1_0.measured_date_time from clinicaldata cd1_0 where cd1_0.patient_id=?
2026-08-26 03:13:13 TRACE org.hibernate.orm.jdbc.bind - binding parameter (1:BIGINT) <- [10]
2026-08-26 03:13:13 DEBUG org.hibernate.SQL - select cd1_0.patient_id,cd1_0.id,cd1_0.component_name,cd1_0.component_value,cd1_0.measured_date_time from clinicaldata cd1_0 where cd1_0.patient_id=?
2026-08-26 03:13:13 TRACE org.hibernate.orm.jdbc.bind - binding parameter (1:BIGINT) <- [9]
2026-08-26 03:13:13 DEBUG org.hibernate.SQL - select cd1_0.patient_id,cd1_0.id,cd1_0.component_name,cd1_0.component_value,cd1_0.measured_date_time from clinicaldata cd1_0 where cd1_0.patient_id=?
2026-08-26 03:13:13 TRACE org.hibernate.orm.jdbc.bind - binding parameter (1:BIGINT) <- [8]
2026-08-26 03:13:13 DEBUG org.hibernate.SQL - select cd1_0.patient_id,cd1_0.id,cd1_0.component_name,cd1_0.component_value,cd1_0.measured_date_time from clinicaldata cd1_0 where cd1_0.patient_id=?
2026-08-26 03:13:13 TRACE org.hibernate.orm.jdbc.bind - binding parameter (1:BIGINT) <- [7]
2026-08-26 03:13:13 DEBUG org.hibernate.SQL - select cd1_0.patient_id,cd1_0.id,cd1_0.component_name,cd1_0.component_value,cd1_0.measured_date_time from clinicaldata cd1_0 where cd1_0.patient_id=?
2026-08-26 03:13:13 TRACE org.hibernate.orm.jdbc.bind - binding parameter (1:BIGINT) <- [6]
2026-08-26 03:13:13 DEBUG org.hibernate.SQL - select cd1_0.patient_id,cd1_0.id,cd1_0.component_name,cd1_0.component_value,cd1_0.measured_date_time from clinicaldata cd1_0 where cd1_0.patient_id=?
2026-08-26 03:13:13 TRACE org.hibernate.orm.jdbc.bind - binding parameter (1:BIGINT) <- [5]
2026-08-26 03:13:13 DEBUG org.hibernate.SQL - select cd1_0.patient_id,cd1_0.id,cd1_0.component_name,cd1_0.component_value,cd1_0.measured_date_time from clinicaldata cd1_0 where cd1_0.patient_id=?
2026-08-26 03:13:13 TRACE org.hibernate.orm.jdbc.bind - binding parameter (1:BIGINT) <- [4]
2026-08-26 03:13:13 DEBUG org.hibernate.SQL - select cd1_0.patient_id,cd1_0.id,cd1_0.component_name,cd1_0.component_value,cd1_0.measured_date_time from clinicaldata cd1_0 where cd1_0.patient_id=?
2026-08-26 03:13:13 TRACE org.hibernate.orm.jdbc.bind - binding parameter (1:BIGINT) <- [3]
2026-08-26 03:13:13 DEBUG org.hibernate.SQL - select cd1_0.patient_id,cd1_0.id,cd1_0.component_name,cd1_0.component_value,cd1_0.measured_date_time from clinicaldata cd1_0 where cd1_0.patient_id=?
2026-08-26 03:13:13 TRACE org.hibernate.orm.jdbc.bind - binding parameter (1:BIGINT) <- [2]
2026-08-26 03:13:13 DEBUG org.hibernate.SQL - select cd1_0.patient_id,cd1_0.id,cd1_0.component_name,cd1_0.component_value,cd1_0.measured_date_time from clinicaldata cd1_0 where cd1_0.patient_id=?
2026-08-26 03:13:13 TRACE org.hibernate.orm.jdbc.bind - binding parameter (1:BIGINT) <- [1]
2026-08-26 03:16:34 INFO  c.v.c.p.r.PatientController - Fetching all patients
2026-08-26 03:16:34 DEBUG org.hibernate.SQL - select p1_0.id,p1_0.age,p1_0.first_name,p1_0.last_name from patient p1_0
2026-08-26 03:16:34 DEBUG org.hibernate.SQL - select cd1_0.patient_id,cd1_0.id,cd1_0.component_name,cd1_0.component_value,cd1_0.measured_date_time from clinicaldata cd1_0 where cd1_0.patient_id=?
2026-08-26 03:16:34 TRACE org.hibernate.orm.jdbc.bind - binding parameter (1:BIGINT) <- [12]
2026-08-26 03:16:34 DEBUG org.hibernate.SQL - select cd1_0.patient_id,cd1_0.id,cd1_0.component_name,cd1_0.component_value,cd1_0.measured_date_time from clinicaldata cd1_0 where cd1_0.patient_id=?
2026-08-26 03:16:34 TRACE org.hibernate.orm.jdbc.bind - binding parameter (1:BIGINT) <- [11]
2026-08-26 03:16:34 DEBUG org.hibernate.SQL - select cd1_0.patient_id,cd1_0.id,cd1_0.component_name,cd1_0.component_value,cd1_0.measured_date_time from clinicaldata cd1_0 where cd1_0.patient_id=?
2026-08-26 03:16:34 TRACE org.hibernate.orm.jdbc.bind - binding parameter (1:BIGINT) <- [10]
2026-08-26 03:16:34 DEBUG org.hibernate.SQL - select cd1_0.patient_id,cd1_0.id,cd1_0.component_name,cd1_0.component_value,cd1_0.measured_date_time from clinicaldata cd1_0 where cd1_0.patient_id=?
2026-08-26 03:16:34 TRACE org.hibernate.orm.jdbc.bind - binding parameter (1:BIGINT) <- [9]
2026-08-26 03:16:34 DEBUG org.hibernate.SQL - select cd1_0.patient_id,cd1_0.id,cd1_0.component_name,cd1_0.component_value,cd1_0.measured_date_time from clinicaldata cd1_0 where cd1_0.patient_id=?
2026-08-26 03:16:34 TRACE org.hibernate.orm.jdbc.bind - binding parameter (1:BIGINT) <- [8]
2026-08-26 03:16:34 DEBUG org.hibernate.SQL - select cd1_0.patient_id,cd1_0.id,cd1_0.component_name,cd1_0.component_value,cd1_0.measured_date_time from clinicaldata cd1_0 where cd1_0.patient_id=?
2026-08-26 03:16:34 TRACE org.hibernate.orm.jdbc.bind - binding parameter (1:BIGINT) <- [7]
2026-08-26 03:16:34 DEBUG org.hibernate.SQL - select cd1_0.patient_id,cd1_0.id,cd1_0.component_name,cd1_0.component_value,cd1_0.measured_date_time from clinicaldata cd1_0 where cd1_0.patient_id=?
2026-08-26 03:16:34 TRACE org.hibernate.orm.jdbc.bind - binding parameter (1:BIGINT) <- [6]
2026-08-26 03:16:34 DEBUG org.hibernate.SQL - select cd1_0.patient_id,cd1_0.id,cd1_0.component_name,cd1_0.component_value,cd1_0.measured_date_time from clinicaldata cd1_0 where cd1_0.patient_id=?
2026-08-26 03:16:34 TRACE org.hibernate.orm.jdbc.bind - binding parameter (1:BIGINT) <- [5]
2026-08-26 03:16:34 DEBUG org.hibernate.SQL - select cd1_0.patient_id,cd1_0.id,cd1_0.component_name,cd1_0.component_value,cd1_0.measured_date_time from clinicaldata cd1_0 where cd1_0.patient_id=?
2026-08-26 03:16:34 TRACE org.hibernate.orm.jdbc.bind - binding parameter (1:BIGINT) <- [4]
2026-08-26 03:16:34 DEBUG org.hibernate.SQL - select cd1_0.patient_id,cd1_0.id,cd1_0.component_name,cd1_0.component_value,cd1_0.measured_date_time from clinicaldata cd1_0 where cd1_0.patient_id=?
2026-08-26 03:16:34 TRACE org.hibernate.orm.jdbc.bind - binding parameter (1:BIGINT) <- [3]
2026-08-26 03:16:34 DEBUG org.hibernate.SQL - select cd1_0.patient_id,cd1_0.id,cd1_0.component_name,cd1_0.component_value,cd1_0.measured_date_time from clinicaldata cd1_0 where cd1_0.patient_id=?
2026-08-26 03:16:34 TRACE org.hibernate.orm.jdbc.bind - binding parameter (1:BIGINT) <- [2]
2026-08-26 03:16:34 DEBUG org.hibernate.SQL - select cd1_0.patient_id,cd1_0.id,cd1_0.component_name,cd1_0.component_value,cd1_0.measured_date_time from clinicaldata cd1_0 where cd1_0.patient_id=?
2026-08-26 03:16:34 TRACE org.hibernate.orm.jdbc.bind - binding parameter (1:BIGINT) <- [1]
2026-08-26 03:17:46 INFO  c.v.c.p.r.PatientController - Fetching all patients
2026-08-26 03:17:46 DEBUG org.hibernate.SQL - select p1_0.id,p1_0.age,p1_0.first_name,p1_0.last_name from patient p1_0
2026-08-26 03:17:46 DEBUG org.hibernate.SQL - select cd1_0.patient_id,cd1_0.id,cd1_0.component_name,cd1_0.component_value,cd1_0.measured_date_time from clinicaldata cd1_0 where cd1_0.patient_id=?
2026-08-26 03:17:46 TRACE org.hibernate.orm.jdbc.bind - binding parameter (1:BIGINT) <- [12]
2026-08-26 03:17:46 DEBUG org.hibernate.SQL - select cd1_0.patient_id,cd1_0.id,cd1_0.component_name,cd1_0.component_value,cd1_0.measured_date_time from clinicaldata cd1_0 where cd1_0.patient_id=?
2026-08-26 03:17:46 TRACE org.hibernate.orm.jdbc.bind - binding parameter (1:BIGINT) <- [11]
2026-08-26 03:17:46 DEBUG org.hibernate.SQL - select cd1_0.patient_id,cd1_0.id,cd1_0.component_name,cd1_0.component_value,cd1_0.measured_date_time from clinicaldata cd1_0 where cd1_0.patient_id=?
2026-08-26 03:17:46 TRACE org.hibernate.orm.jdbc.bind - binding parameter (1:BIGINT) <- [10]
2026-08-26 03:17:46 DEBUG org.hibernate.SQL - select cd1_0.patient_id,cd1_0.id,cd1_0.component_name,cd1_0.component_value,cd1_0.measured_date_time from clinicaldata cd1_0 where cd1_0.patient_id=?
2026-08-26 03:17:46 TRACE org.hibernate.orm.jdbc.bind - binding parameter (1:BIGINT) <- [9]
2026-08-26 03:17:46 DEBUG org.hibernate.SQL - select cd1_0.patient_id,cd1_0.id,cd1_0.component_name,cd1_0.component_value,cd1_0.measured_date_time from clinicaldata cd1_0 where cd1_0.patient_id=?
2026-08-26 03:17:46 TRACE org.hibernate.orm.jdbc.bind - binding parameter (1:BIGINT) <- [8]
2026-08-26 03:17:46 DEBUG org.hibernate.SQL - select cd1_0.patient_id,cd1_0.id,cd1_0.component_name,cd1_0.component_value,cd1_0.measured_date_time from clinicaldata cd1_0 where cd1_0.patient_id=?
2026-08-26 03:17:46 TRACE org.hibernate.orm.jdbc.bind - binding parameter (1:BIGINT) <- [7]
2026-08-26 03:17:46 DEBUG org.hibernate.SQL - select cd1_0.patient_id,cd1_0.id,cd1_0.component_name,cd1_0.component_value,cd1_0.measured_date_time from clinicaldata cd1_0 where cd1_0.patient_id=?
2026-08-26 03:17:46 TRACE org.hibernate.orm.jdbc.bind - binding parameter (1:BIGINT) <- [6]
2026-08-26 03:17:46 DEBUG org.hibernate.SQL - select cd1_0.patient_id,cd1_0.id,cd1_0.component_name,cd1_0.component_value,cd1_0.measured_date_time from clinicaldata cd1_0 where cd1_0.patient_id=?
2026-08-26 03:17:46 TRACE org.hibernate.orm.jdbc.bind - binding parameter (1:BIGINT) <- [5]
2026-08-26 03:17:46 DEBUG org.hibernate.SQL - select cd1_0.patient_id,cd1_0.id,cd1_0.component_name,cd1_0.component_value,cd1_0.measured_date_time from clinicaldata cd1_0 where cd1_0.patient_id=?
2026-08-26 03:17:46 TRACE org.hibernate.orm.jdbc.bind - binding parameter (1:BIGINT) <- [4]
2026-08-26 03:17:46 DEBUG org.hibernate.SQL - select cd1_0.patient_id,cd1_0.id,cd1_0.component_name,cd1_0.component_value,cd1_0.measured_date_time from clinicaldata cd1_0 where cd1_0.patient_id=?
2026-08-26 03:17:46 TRACE org.hibernate.orm.jdbc.bind - binding parameter (1:BIGINT) <- [3]
2026-08-26 03:17:46 DEBUG org.hibernate.SQL - select cd1_0.patient_id,cd1_0.id,cd1_0.component_name,cd1_0.component_value,cd1_0.measured_date_time from clinicaldata cd1_0 where cd1_0.patient_id=?
2026-08-26 03:17:46 TRACE org.hibernate.orm.jdbc.bind - binding parameter (1:BIGINT) <- [2]
2026-08-26 03:17:46 DEBUG org.hibernate.SQL - select cd1_0.patient_id,cd1_0.id,cd1_0.component_name,cd1_0.component_value,cd1_0.measured_date_time from clinicaldata cd1_0 where cd1_0.patient_id=?
2026-08-26 03:17:46 TRACE org.hibernate.orm.jdbc.bind - binding parameter (1:BIGINT) <- [1]
2026-08-26 03:17:46 INFO  c.v.c.p.r.PatientController - Fetching all patients
2026-08-26 03:17:46 DEBUG org.hibernate.SQL - select p1_0.id,p1_0.age,p1_0.first_name,p1_0.last_name from patient p1_0
2026-08-26 03:17:46 DEBUG org.hibernate.SQL - select cd1_0.patient_id,cd1_0.id,cd1_0.component_name,cd1_0.component_value,cd1_0.measured_date_time from clinicaldata cd1_0 where cd1_0.patient_id=?
2026-08-26 03:17:46 TRACE org.hibernate.orm.jdbc.bind - binding parameter (1:BIGINT) <- [12]
2026-08-26 03:17:46 DEBUG org.hibernate.SQL - select cd1_0.patient_id,cd1_0.id,cd1_0.component_name,cd1_0.component_value,cd1_0.measured_date_time from clinicaldata cd1_0 where cd1_0.patient_id=?
2026-08-26 03:17:46 TRACE org.hibernate.orm.jdbc.bind - binding parameter (1:BIGINT) <- [11]
2026-08-26 03:17:46 DEBUG org.hibernate.SQL - select cd1_0.patient_id,cd1_0.id,cd1_0.component_name,cd1_0.component_value,cd1_0.measured_date_time from clinicaldata cd1_0 where cd1_0.patient_id=?
2026-08-26 03:17:46 TRACE org.hibernate.orm.jdbc.bind - binding parameter (1:BIGINT) <- [10]
2026-08-26 03:17:46 DEBUG org.hibernate.SQL - select cd1_0.patient_id,cd1_0.id,cd1_0.component_name,cd1_0.component_value,cd1_0.measured_date_time from clinicaldata cd1_0 where cd1_0.patient_id=?
2026-08-26 03:17:46 TRACE org.hibernate.orm.jdbc.bind - binding parameter (1:BIGINT) <- [9]
2026-08-26 03:17:46 DEBUG org.hibernate.SQL - select cd1_0.patient_id,cd1_0.id,cd1_0.component_name,cd1_0.component_value,cd1_0.measured_date_time from clinicaldata cd1_0 where cd1_0.patient_id=?
2026-08-26 03:17:46 TRACE org.hibernate.orm.jdbc.bind - binding parameter (1:BIGINT) <- [8]
2026-08-26 03:17:46 DEBUG org.hibernate.SQL - select cd1_0.patient_id,cd1_0.id,cd1_0.component_name,cd1_0.component_value,cd1_0.measured_date_time from clinicaldata cd1_0 where cd1_0.patient_id=?
2026-08-26 03:17:46 TRACE org.hibernate.orm.jdbc.bind - binding parameter (1:BIGINT) <- [7]
2026-08-26 03:17:46 DEBUG org.hibernate.SQL - select cd1_0.patient_id,cd1_0.id,cd1_0.component_name,cd1_0.component_value,cd1_0.measured_date_time from clinicaldata cd1_0 where cd1_0.patient_id=?
2026-08-26 03:17:46 TRACE org.hibernate.orm.jdbc.bind - binding parameter (1:BIGINT) <- [6]
2026-08-26 03:17:46 DEBUG org.hibernate.SQL - select cd1_0.patient_id,cd1_0.id,cd1_0.component_name,cd1_0.component_value,cd1_0.measured_date_time from clinicaldata cd1_0 where cd1_0.patient_id=?
2026-08-26 03:17:46 TRACE org.hibernate.orm.jdbc.bind - binding parameter (1:BIGINT) <- [5]
2026-08-26 03:17:46 DEBUG org.hibernate.SQL - select cd1_0.patient_id,cd1_0.id,cd1_0.component_name,cd1_0.component_value,cd1_0.measured_date_time from clinicaldata cd1_0 where cd1_0.patient_id=?
2026-08-26 03:17:46 TRACE org.hibernate.orm.jdbc.bind - binding parameter (1:BIGINT) <- [4]
2026-08-26 03:17:46 DEBUG org.hibernate.SQL - select cd1_0.patient_id,cd1_0.id,cd1_0.component_name,cd1_0.component_value,cd1_0.measured_date_time from clinicaldata cd1_0 where cd1_0.patient_id=?
2026-08-26 03:17:46 TRACE org.hibernate.orm.jdbc.bind - binding parameter (1:BIGINT) <- [3]
2026-08-26 03:17:46 DEBUG org.hibernate.SQL - select cd1_0.patient_id,cd1_0.id,cd1_0.component_name,cd1_0.component_value,cd1_0.measured_date_time from clinicaldata cd1_0 where cd1_0.patient_id=?
2026-08-26 03:17:46 TRACE org.hibernate.orm.jdbc.bind - binding parameter (1:BIGINT) <- [2]
2026-08-26 03:17:46 DEBUG org.hibernate.SQL - select cd1_0.patient_id,cd1_0.id,cd1_0.component_name,cd1_0.component_value,cd1_0.measured_date_time from clinicaldata cd1_0 where cd1_0.patient_id=?
2026-08-26 03:17:46 TRACE org.hibernate.orm.jdbc.bind - binding parameter (1:BIGINT) <- [1]
2026-08-26 03:19:04 INFO  c.v.c.p.r.PatientController - Fetching all patients
2026-08-26 03:19:04 DEBUG org.hibernate.SQL - select p1_0.id,p1_0.age,p1_0.first_name,p1_0.last_name from patient p1_0
2026-08-26 03:19:04 DEBUG org.hibernate.SQL - select cd1_0.patient_id,cd1_0.id,cd1_0.component_name,cd1_0.component_value,cd1_0.measured_date_time from clinicaldata cd1_0 where cd1_0.patient_id=?
2026-08-26 03:19:04 TRACE org.hibernate.orm.jdbc.bind - binding parameter (1:BIGINT) <- [12]
2026-08-26 03:19:04 DEBUG org.hibernate.SQL - select cd1_0.patient_id,cd1_0.id,cd1_0.component_name,cd1_0.component_value,cd1_0.measured_date_time from clinicaldata cd1_0 where cd1_0.patient_id=?
2026-08-26 03:19:04 TRACE org.hibernate.orm.jdbc.bind - binding parameter (1:BIGINT) <- [11]
2026-08-26 03:19:04 DEBUG org.hibernate.SQL - select cd1_0.patient_id,cd1_0.id,cd1_0.component_name,cd1_0.component_value,cd1_0.measured_date_time from clinicaldata cd1_0 where cd1_0.patient_id=?
2026-08-26 03:19:04 TRACE org.hibernate.orm.jdbc.bind - binding parameter (1:BIGINT) <- [10]
2026-08-26 03:19:04 DEBUG org.hibernate.SQL - select cd1_0.patient_id,cd1_0.id,cd1_0.component_name,cd1_0.component_value,cd1_0.measured_date_time from clinicaldata cd1_0 where cd1_0.patient_id=?
2026-08-26 03:19:04 TRACE org.hibernate.orm.jdbc.bind - binding parameter (1:BIGINT) <- [9]
2026-08-26 03:19:04 DEBUG org.hibernate.SQL - select cd1_0.patient_id,cd1_0.id,cd1_0.component_name,cd1_0.component_value,cd1_0.measured_date_time from clinicaldata cd1_0 where cd1_0.patient_id=?
2026-08-26 03:19:04 TRACE org.hibernate.orm.jdbc.bind - binding parameter (1:BIGINT) <- [8]
2026-08-26 03:19:04 DEBUG org.hibernate.SQL - select cd1_0.patient_id,cd1_0.id,cd1_0.component_name,cd1_0.component_value,cd1_0.measured_date_time from clinicaldata cd1_0 where cd1_0.patient_id=?
2026-08-26 03:19:04 TRACE org.hibernate.orm.jdbc.bind - binding parameter (1:BIGINT) <- [7]
2026-08-26 03:19:04 DEBUG org.hibernate.SQL - select cd1_0.patient_id,cd1_0.id,cd1_0.component_name,cd1_0.component_value,cd1_0.measured_date_time from clinicaldata cd1_0 where cd1_0.patient_id=?
2026-08-26 03:19:04 TRACE org.hibernate.orm.jdbc.bind - binding parameter (1:BIGINT) <- [6]
2026-08-26 03:19:04 DEBUG org.hibernate.SQL - select cd1_0.patient_id,cd1_0.id,cd1_0.component_name,cd1_0.component_value,cd1_0.measured_date_time from clinicaldata cd1_0 where cd1_0.patient_id=?
2026-08-26 03:19:04 TRACE org.hibernate.orm.jdbc.bind - binding parameter (1:BIGINT) <- [5]
2026-08-26 03:19:04 DEBUG org.hibernate.SQL - select cd1_0.patient_id,cd1_0.id,cd1_0.component_name,cd1_0.component_value,cd1_0.measured_date_time from clinicaldata cd1_0 where cd1_0.patient_id=?
2026-08-26 03:19:04 TRACE org.hibernate.orm.jdbc.bind - binding parameter (1:BIGINT) <- [4]
2026-08-26 03:19:04 DEBUG org.hibernate.SQL - select cd1_0.patient_id,cd1_0.id,cd1_0.component_name,cd1_0.component_value,cd1_0.measured_date_time from clinicaldata cd1_0 where cd1_0.patient_id=?
2026-08-26 03:19:04 TRACE org.hibernate.orm.jdbc.bind - binding parameter (1:BIGINT) <- [3]
2026-08-26 03:19:04 DEBUG org.hibernate.SQL - select cd1_0.patient_id,cd1_0.id,cd1_0.component_name,cd1_0.component_value,cd1_0.measured_date_time from clinicaldata cd1_0 where cd1_0.patient_id=?
2026-08-26 03:19:04 TRACE org.hibernate.orm.jdbc.bind - binding parameter (1:BIGINT) <- [2]
2026-08-26 03:19:04 DEBUG org.hibernate.SQL - select cd1_0.patient_id,cd1_0.id,cd1_0.component_name,cd1_0.component_value,cd1_0.measured_date_time from clinicaldata cd1_0 where cd1_0.patient_id=?
2026-08-26 03:19:04 TRACE org.hibernate.orm.jdbc.bind - binding parameter (1:BIGINT) <- [1]
2026-08-26 03:19:04 INFO  c.v.c.p.r.PatientController - Fetching all patients
2026-08-26 03:19:04 DEBUG org.hibernate.SQL - select p1_0.id,p1_0.age,p1_0.first_name,p1_0.last_name from patient p1_0
2026-08-26 03:19:04 DEBUG org.hibernate.SQL - select cd1_0.patient_id,cd1_0.id,cd1_0.component_name,cd1_0.component_value,cd1_0.measured_date_time from clinicaldata cd1_0 where cd1_0.patient_id=?
2026-08-26 03:19:04 TRACE org.hibernate.orm.jdbc.bind - binding parameter (1:BIGINT) <- [12]
2026-08-26 03:19:04 DEBUG org.hibernate.SQL - select cd1_0.patient_id,cd1_0.id,cd1_0.component_name,cd1_0.component_value,cd1_0.measured_date_time from clinicaldata cd1_0 where cd1_0.patient_id=?
2026-08-26 03:19:04 TRACE org.hibernate.orm.jdbc.bind - binding parameter (1:BIGINT) <- [11]
2026-08-26 03:19:04 DEBUG org.hibernate.SQL - select cd1_0.patient_id,cd1_0.id,cd1_0.component_name,cd1_0.component_value,cd1_0.measured_date_time from clinicaldata cd1_0 where cd1_0.patient_id=?
2026-08-26 03:19:04 TRACE org.hibernate.orm.jdbc.bind - binding parameter (1:BIGINT) <- [10]
2026-08-26 03:19:04 DEBUG org.hibernate.SQL - select cd1_0.patient_id,cd1_0.id,cd1_0.component_name,cd1_0.component_value,cd1_0.measured_date_time from clinicaldata cd1_0 where cd1_0.patient_id=?
2026-08-26 03:19:04 TRACE org.hibernate.orm.jdbc.bind - binding parameter (1:BIGINT) <- [9]
2026-08-26 03:19:04 DEBUG org.hibernate.SQL - select cd1_0.patient_id,cd1_0.id,cd1_0.component_name,cd1_0.component_value,cd1_0.measured_date_time from clinicaldata cd1_0 where cd1_0.patient_id=?
2026-08-26 03:19:04 TRACE org.hibernate.orm.jdbc.bind - binding parameter (1:BIGINT) <- [8]
2026-08-26 03:19:04 DEBUG org.hibernate.SQL - select cd1_0.patient_id,cd1_0.id,cd1_0.component_name,cd1_0.component_value,cd1_0.measured_date_time from clinicaldata cd1_0 where cd1_0.patient_id=?
2026-08-26 03:19:04 TRACE org.hibernate.orm.jdbc.bind - binding parameter (1:BIGINT) <- [7]
2026-08-26 03:19:04 DEBUG org.hibernate.SQL - select cd1_0.patient_id,cd1_0.id,cd1_0.component_name,cd1_0.component_value,cd1_0.measured_date_time from clinicaldata cd1_0 where cd1_0.patient_id=?
2026-08-26 03:19:04 TRACE org.hibernate.orm.jdbc.bind - binding parameter (1:BIGINT) <- [6]
2026-08-26 03:19:04 DEBUG org.hibernate.SQL - select cd1_0.patient_id,cd1_0.id,cd1_0.component_name,cd1_0.component_value,cd1_0.measured_date_time from clinicaldata cd1_0 where cd1_0.patient_id=?
2026-08-26 03:19:04 TRACE org.hibernate.orm.jdbc.bind - binding parameter (1:BIGINT) <- [5]
2026-08-26 03:19:04 DEBUG org.hibernate.SQL - select cd1_0.patient_id,cd1_0.id,cd1_0.component_name,cd1_0.component_value,cd1_0.measured_date_time from clinicaldata cd1_0 where cd1_0.patient_id=?
2026-08-26 03:19:04 TRACE org.hibernate.orm.jdbc.bind - binding parameter (1:BIGINT) <- [4]
2026-08-26 03:19:04 DEBUG org.hibernate.SQL - select cd1_0.patient_id,cd1_0.id,cd1_0.component_name,cd1_0.component_value,cd1_0.measured_date_time from clinicaldata cd1_0 where cd1_0.patient_id=?
2026-08-26 03:19:04 TRACE org.hibernate.orm.jdbc.bind - binding parameter (1:BIGINT) <- [3]
2026-08-26 03:19:04 DEBUG org.hibernate.SQL - select cd1_0.patient_id,cd1_0.id,cd1_0.component_name,cd1_0.component_value,cd1_0.measured_date_time from clinicaldata cd1_0 where cd1_0.patient_id=?
2026-08-26 03:19:04 TRACE org.hibernate.orm.jdbc.bind - binding parameter (1:BIGINT) <- [2]
2026-08-26 03:19:04 DEBUG org.hibernate.SQL - select cd1_0.patient_id,cd1_0.id,cd1_0.component_name,cd1_0.component_value,cd1_0.measured_date_time from clinicaldata cd1_0 where cd1_0.patient_id=?
2026-08-26 03:19:04 TRACE org.hibernate.orm.jdbc.bind - binding parameter (1:BIGINT) <- [1]
2026-08-26 03:19:24 DEBUG org.hibernate.SQL - insert into patient (age,first_name,last_name) values (?,?,?)
2026-08-26 03:19:24 TRACE org.hibernate.orm.jdbc.bind - binding parameter (1:INTEGER) <- [28]
2026-08-26 03:19:24 TRACE org.hibernate.orm.jdbc.bind - binding parameter (2:VARCHAR) <- [Sangeetha]
2026-08-26 03:19:24 TRACE org.hibernate.orm.jdbc.bind - binding parameter (3:VARCHAR) <- [S]
2026-08-26 03:19:31 INFO  c.v.c.p.r.PatientController - Fetching all patients
2026-08-26 03:19:31 DEBUG org.hibernate.SQL - select p1_0.id,p1_0.age,p1_0.first_name,p1_0.last_name from patient p1_0
2026-08-26 03:19:31 DEBUG org.hibernate.SQL - select cd1_0.patient_id,cd1_0.id,cd1_0.component_name,cd1_0.component_value,cd1_0.measured_date_time from clinicaldata cd1_0 where cd1_0.patient_id=?
2026-08-26 03:19:31 TRACE org.hibernate.orm.jdbc.bind - binding parameter (1:BIGINT) <- [13]
2026-08-26 03:19:31 DEBUG org.hibernate.SQL - select cd1_0.patient_id,cd1_0.id,cd1_0.component_name,cd1_0.component_value,cd1_0.measured_date_time from clinicaldata cd1_0 where cd1_0.patient_id=?
2026-08-26 03:19:31 TRACE org.hibernate.orm.jdbc.bind - binding parameter (1:BIGINT) <- [12]
2026-08-26 03:19:31 DEBUG org.hibernate.SQL - select cd1_0.patient_id,cd1_0.id,cd1_0.component_name,cd1_0.component_value,cd1_0.measured_date_time from clinicaldata cd1_0 where cd1_0.patient_id=?
2026-08-26 03:19:31 TRACE org.hibernate.orm.jdbc.bind - binding parameter (1:BIGINT) <- [11]
2026-08-26 03:19:31 DEBUG org.hibernate.SQL - select cd1_0.patient_id,cd1_0.id,cd1_0.component_name,cd1_0.component_value,cd1_0.measured_date_time from clinicaldata cd1_0 where cd1_0.patient_id=?
2026-08-26 03:19:31 TRACE org.hibernate.orm.jdbc.bind - binding parameter (1:BIGINT) <- [10]
2026-08-26 03:19:31 DEBUG org.hibernate.SQL - select cd1_0.patient_id,cd1_0.id,cd1_0.component_name,cd1_0.component_value,cd1_0.measured_date_time from clinicaldata cd1_0 where cd1_0.patient_id=?
2026-08-26 03:19:31 TRACE org.hibernate.orm.jdbc.bind - binding parameter (1:BIGINT) <- [9]
2026-08-26 03:19:31 DEBUG org.hibernate.SQL - select cd1_0.patient_id,cd1_0.id,cd1_0.component_name,cd1_0.component_value,cd1_0.measured_date_time from clinicaldata cd1_0 where cd1_0.patient_id=?
2026-08-26 03:19:31 TRACE org.hibernate.orm.jdbc.bind - binding parameter (1:BIGINT) <- [8]
2026-08-26 03:19:31 DEBUG org.hibernate.SQL - select cd1_0.patient_id,cd1_0.id,cd1_0.component_name,cd1_0.component_value,cd1_0.measured_date_time from clinicaldata cd1_0 where cd1_0.patient_id=?
2026-08-26 03:19:31 TRACE org.hibernate.orm.jdbc.bind - binding parameter (1:BIGINT) <- [7]
2026-08-26 03:19:31 DEBUG org.hibernate.SQL - select cd1_0.patient_id,cd1_0.id,cd1_0.component_name,cd1_0.component_value,cd1_0.measured_date_time from clinicaldata cd1_0 where cd1_0.patient_id=?
2026-08-26 03:19:31 TRACE org.hibernate.orm.jdbc.bind - binding parameter (1:BIGINT) <- [6]
2026-08-26 03:19:31 DEBUG org.hibernate.SQL - select cd1_0.patient_id,cd1_0.id,cd1_0.component_name,cd1_0.component_value,cd1_0.measured_date_time from clinicaldata cd1_0 where cd1_0.patient_id=?
2026-08-26 03:19:31 TRACE org.hibernate.orm.jdbc.bind - binding parameter (1:BIGINT) <- [5]
2026-08-26 03:19:31 DEBUG org.hibernate.SQL - select cd1_0.patient_id,cd1_0.id,cd1_0.component_name,cd1_0.component_value,cd1_0.measured_date_time from clinicaldata cd1_0 where cd1_0.patient_id=?
2026-08-26 03:19:31 TRACE org.hibernate.orm.jdbc.bind - binding parameter (1:BIGINT) <- [4]
2026-08-26 03:19:31 DEBUG org.hibernate.SQL - select cd1_0.patient_id,cd1_0.id,cd1_0.component_name,cd1_0.component_value,cd1_0.measured_date_time from clinicaldata cd1_0 where cd1_0.patient_id=?
2026-08-26 03:19:31 TRACE org.hibernate.orm.jdbc.bind - binding parameter (1:BIGINT) <- [3]
2026-08-26 03:19:31 DEBUG org.hibernate.SQL - select cd1_0.patient_id,cd1_0.id,cd1_0.component_name,cd1_0.component_value,cd1_0.measured_date_time from clinicaldata cd1_0 where cd1_0.patient_id=?
2026-08-26 03:19:31 TRACE org.hibernate.orm.jdbc.bind - binding parameter (1:BIGINT) <- [2]
2026-08-26 03:19:31 DEBUG org.hibernate.SQL - select cd1_0.patient_id,cd1_0.id,cd1_0.component_name,cd1_0.component_value,cd1_0.measured_date_time from clinicaldata cd1_0 where cd1_0.patient_id=?
2026-08-26 03:19:31 TRACE org.hibernate.orm.jdbc.bind - binding parameter (1:BIGINT) <- [1]
2026-08-26 03:19:31 INFO  c.v.c.p.r.PatientController - Fetching all patients
2026-08-26 03:19:31 DEBUG org.hibernate.SQL - select p1_0.id,p1_0.age,p1_0.first_name,p1_0.last_name from patient p1_0
2026-08-26 03:19:31 DEBUG org.hibernate.SQL - select cd1_0.patient_id,cd1_0.id,cd1_0.component_name,cd1_0.component_value,cd1_0.measured_date_time from clinicaldata cd1_0 where cd1_0.patient_id=?
2026-08-26 03:19:31 TRACE org.hibernate.orm.jdbc.bind - binding parameter (1:BIGINT) <- [13]
2026-08-26 03:19:31 DEBUG org.hibernate.SQL - select cd1_0.patient_id,cd1_0.id,cd1_0.component_name,cd1_0.component_value,cd1_0.measured_date_time from clinicaldata cd1_0 where cd1_0.patient_id=?
2026-08-26 03:19:31 TRACE org.hibernate.orm.jdbc.bind - binding parameter (1:BIGINT) <- [12]
2026-08-26 03:19:31 DEBUG org.hibernate.SQL - select cd1_0.patient_id,cd1_0.id,cd1_0.component_name,cd1_0.component_value,cd1_0.measured_date_time from clinicaldata cd1_0 where cd1_0.patient_id=?
2026-08-26 03:19:31 TRACE org.hibernate.orm.jdbc.bind - binding parameter (1:BIGINT) <- [11]
2026-08-26 03:19:31 DEBUG org.hibernate.SQL - select cd1_0.patient_id,cd1_0.id,cd1_0.component_name,cd1_0.component_value,cd1_0.measured_date_time from clinicaldata cd1_0 where cd1_0.patient_id=?
2026-08-26 03:19:31 TRACE org.hibernate.orm.jdbc.bind - binding parameter (1:BIGINT) <- [10]
2026-08-26 03:19:31 DEBUG org.hibernate.SQL - select cd1_0.patient_id,cd1_0.id,cd1_0.component_name,cd1_0.component_value,cd1_0.measured_date_time from clinicaldata cd1_0 where cd1_0.patient_id=?
2026-08-26 03:19:31 TRACE org.hibernate.orm.jdbc.bind - binding parameter (1:BIGINT) <- [9]
2026-08-26 03:19:31 DEBUG org.hibernate.SQL - select cd1_0.patient_id,cd1_0.id,cd1_0.component_name,cd1_0.component_value,cd1_0.measured_date_time from clinicaldata cd1_0 where cd1_0.patient_id=?
2026-08-26 03:19:31 TRACE org.hibernate.orm.jdbc.bind - binding parameter (1:BIGINT) <- [8]
2026-08-26 03:19:31 DEBUG org.hibernate.SQL - select cd1_0.patient_id,cd1_0.id,cd1_0.component_name,cd1_0.component_value,cd1_0.measured_date_time from clinicaldata cd1_0 where cd1_0.patient_id=?
2026-08-26 03:19:31 TRACE org.hibernate.orm.jdbc.bind - binding parameter (1:BIGINT) <- [7]
2026-08-26 03:19:31 DEBUG org.hibernate.SQL - select cd1_0.patient_id,cd1_0.id,cd1_0.component_name,cd1_0.component_value,cd1_0.measured_date_time from clinicaldata cd1_0 where cd1_0.patient_id=?
2026-08-26 03:19:31 TRACE org.hibernate.orm.jdbc.bind - binding parameter (1:BIGINT) <- [6]
2026-08-26 03:19:31 DEBUG org.hibernate.SQL - select cd1_0.patient_id,cd1_0.id,cd1_0.component_name,cd1_0.component_value,cd1_0.measured_date_time from clinicaldata cd1_0 where cd1_0.patient_id=?
2026-08-26 03:19:31 TRACE org.hibernate.orm.jdbc.bind - binding parameter (1:BIGINT) <- [5]
2026-08-26 03:19:31 DEBUG org.hibernate.SQL - select cd1_0.patient_id,cd1_0.id,cd1_0.component_name,cd1_0.component_value,cd1_0.measured_date_time from clinicaldata cd1_0 where cd1_0.patient_id=?
2026-08-26 03:19:31 TRACE org.hibernate.orm.jdbc.bind - binding parameter (1:BIGINT) <- [4]
2026-08-26 03:19:31 DEBUG org.hibernate.SQL - select cd1_0.patient_id,cd1_0.id,cd1_0.component_name,cd1_0.component_value,cd1_0.measured_date_time from clinicaldata cd1_0 where cd1_0.patient_id=?
2026-08-26 03:19:31 TRACE org.hibernate.orm.jdbc.bind - binding parameter (1:BIGINT) <- [3]
2026-08-26 03:19:31 DEBUG org.hibernate.SQL - select cd1_0.patient_id,cd1_0.id,cd1_0.component_name,cd1_0.component_value,cd1_0.measured_date_time from clinicaldata cd1_0 where cd1_0.patient_id=?
2026-08-26 03:19:31 TRACE org.hibernate.orm.jdbc.bind - binding parameter (1:BIGINT) <- [2]
2026-08-26 03:19:31 DEBUG org.hibernate.SQL - select cd1_0.patient_id,cd1_0.id,cd1_0.component_name,cd1_0.component_value,cd1_0.measured_date_time from clinicaldata cd1_0 where cd1_0.patient_id=?
2026-08-26 03:19:31 TRACE org.hibernate.orm.jdbc.bind - binding parameter (1:BIGINT) <- [1]
2026-08-26 03:19:45 DEBUG org.hibernate.SQL - insert into patient (age,first_name,last_name) values (?,?,?)
2026-08-26 03:19:45 TRACE org.hibernate.orm.jdbc.bind - binding parameter (1:INTEGER) <- [33]
2026-08-26 03:19:45 TRACE org.hibernate.orm.jdbc.bind - binding parameter (2:VARCHAR) <- [Vimal]
2026-08-26 03:19:45 TRACE org.hibernate.orm.jdbc.bind - binding parameter (3:VARCHAR) <- [Sangeetha]
2026-08-26 03:19:46 INFO  c.v.c.p.r.PatientController - Fetching all patients
2026-08-26 03:19:46 DEBUG org.hibernate.SQL - select p1_0.id,p1_0.age,p1_0.first_name,p1_0.last_name from patient p1_0
2026-08-26 03:19:46 DEBUG org.hibernate.SQL - select cd1_0.patient_id,cd1_0.id,cd1_0.component_name,cd1_0.component_value,cd1_0.measured_date_time from clinicaldata cd1_0 where cd1_0.patient_id=?
2026-08-26 03:19:46 TRACE org.hibernate.orm.jdbc.bind - binding parameter (1:BIGINT) <- [14]
2026-08-26 03:19:46 DEBUG org.hibernate.SQL - select cd1_0.patient_id,cd1_0.id,cd1_0.component_name,cd1_0.component_value,cd1_0.measured_date_time from clinicaldata cd1_0 where cd1_0.patient_id=?
2026-08-26 03:19:46 TRACE org.hibernate.orm.jdbc.bind - binding parameter (1:BIGINT) <- [13]
2026-08-26 03:19:46 DEBUG org.hibernate.SQL - select cd1_0.patient_id,cd1_0.id,cd1_0.component_name,cd1_0.component_value,cd1_0.measured_date_time from clinicaldata cd1_0 where cd1_0.patient_id=?
2026-08-26 03:19:46 TRACE org.hibernate.orm.jdbc.bind - binding parameter (1:BIGINT) <- [12]
2026-08-26 03:19:46 DEBUG org.hibernate.SQL - select cd1_0.patient_id,cd1_0.id,cd1_0.component_name,cd1_0.component_value,cd1_0.measured_date_time from clinicaldata cd1_0 where cd1_0.patient_id=?
2026-08-26 03:19:46 TRACE org.hibernate.orm.jdbc.bind - binding parameter (1:BIGINT) <- [11]
2026-08-26 03:19:46 DEBUG org.hibernate.SQL - select cd1_0.patient_id,cd1_0.id,cd1_0.component_name,cd1_0.component_value,cd1_0.measured_date_time from clinicaldata cd1_0 where cd1_0.patient_id=?
2026-08-26 03:19:46 TRACE org.hibernate.orm.jdbc.bind - binding parameter (1:BIGINT) <- [10]
2026-08-26 03:19:46 DEBUG org.hibernate.SQL - select cd1_0.patient_id,cd1_0.id,cd1_0.component_name,cd1_0.component_value,cd1_0.measured_date_time from clinicaldata cd1_0 where cd1_0.patient_id=?
2026-08-26 03:19:46 TRACE org.hibernate.orm.jdbc.bind - binding parameter (1:BIGINT) <- [9]
2026-08-26 03:19:46 DEBUG org.hibernate.SQL - select cd1_0.patient_id,cd1_0.id,cd1_0.component_name,cd1_0.component_value,cd1_0.measured_date_time from clinicaldata cd1_0 where cd1_0.patient_id=?
2026-08-26 03:19:46 TRACE org.hibernate.orm.jdbc.bind - binding parameter (1:BIGINT) <- [8]
2026-08-26 03:19:46 DEBUG org.hibernate.SQL - select cd1_0.patient_id,cd1_0.id,cd1_0.component_name,cd1_0.component_value,cd1_0.measured_date_time from clinicaldata cd1_0 where cd1_0.patient_id=?
2026-08-26 03:19:46 TRACE org.hibernate.orm.jdbc.bind - binding parameter (1:BIGINT) <- [7]
2026-08-26 03:19:46 DEBUG org.hibernate.SQL - select cd1_0.patient_id,cd1_0.id,cd1_0.component_name,cd1_0.component_value,cd1_0.measured_date_time from clinicaldata cd1_0 where cd1_0.patient_id=?
2026-08-26 03:19:46 TRACE org.hibernate.orm.jdbc.bind - binding parameter (1:BIGINT) <- [6]
2026-08-26 03:19:46 DEBUG org.hibernate.SQL - select cd1_0.patient_id,cd1_0.id,cd1_0.component_name,cd1_0.component_value,cd1_0.measured_date_time from clinicaldata cd1_0 where cd1_0.patient_id=?
2026-08-26 03:19:46 TRACE org.hibernate.orm.jdbc.bind - binding parameter (1:BIGINT) <- [5]
2026-08-26 03:19:46 DEBUG org.hibernate.SQL - select cd1_0.patient_id,cd1_0.id,cd1_0.component_name,cd1_0.component_value,cd1_0.measured_date_time from clinicaldata cd1_0 where cd1_0.patient_id=?
2026-08-26 03:19:46 TRACE org.hibernate.orm.jdbc.bind - binding parameter (1:BIGINT) <- [4]
2026-08-26 03:19:46 DEBUG org.hibernate.SQL - select cd1_0.patient_id,cd1_0.id,cd1_0.component_name,cd1_0.component_value,cd1_0.measured_date_time from clinicaldata cd1_0 where cd1_0.patient_id=?
2026-08-26 03:19:46 TRACE org.hibernate.orm.jdbc.bind - binding parameter (1:BIGINT) <- [3]
2026-08-26 03:19:46 DEBUG org.hibernate.SQL - select cd1_0.patient_id,cd1_0.id,cd1_0.component_name,cd1_0.component_value,cd1_0.measured_date_time from clinicaldata cd1_0 where cd1_0.patient_id=?
2026-08-26 03:19:46 TRACE org.hibernate.orm.jdbc.bind - binding parameter (1:BIGINT) <- [2]
2026-08-26 03:19:46 DEBUG org.hibernate.SQL - select cd1_0.patient_id,cd1_0.id,cd1_0.component_name,cd1_0.component_value,cd1_0.measured_date_time from clinicaldata cd1_0 where cd1_0.patient_id=?
2026-08-26 03:19:46 TRACE org.hibernate.orm.jdbc.bind - binding parameter (1:BIGINT) <- [1]
2026-08-26 03:19:47 INFO  c.v.c.p.r.PatientController - Fetching all patients
2026-08-26 03:19:47 DEBUG org.hibernate.SQL - select p1_0.id,p1_0.age,p1_0.first_name,p1_0.last_name from patient p1_0
2026-08-26 03:19:47 DEBUG org.hibernate.SQL - select cd1_0.patient_id,cd1_0.id,cd1_0.component_name,cd1_0.component_value,cd1_0.measured_date_time from clinicaldata cd1_0 where cd1_0.patient_id=?
2026-08-26 03:19:47 TRACE org.hibernate.orm.jdbc.bind - binding parameter (1:BIGINT) <- [14]
2026-08-26 03:19:47 DEBUG org.hibernate.SQL - select cd1_0.patient_id,cd1_0.id,cd1_0.component_name,cd1_0.component_value,cd1_0.measured_date_time from clinicaldata cd1_0 where cd1_0.patient_id=?
2026-08-26 03:19:47 TRACE org.hibernate.orm.jdbc.bind - binding parameter (1:BIGINT) <- [13]
2026-08-26 03:19:47 DEBUG org.hibernate.SQL - select cd1_0.patient_id,cd1_0.id,cd1_0.component_name,cd1_0.component_value,cd1_0.measured_date_time from clinicaldata cd1_0 where cd1_0.patient_id=?
2026-08-26 03:19:47 TRACE org.hibernate.orm.jdbc.bind - binding parameter (1:BIGINT) <- [12]
2026-08-26 03:19:47 DEBUG org.hibernate.SQL - select cd1_0.patient_id,cd1_0.id,cd1_0.component_name,cd1_0.component_value,cd1_0.measured_date_time from clinicaldata cd1_0 where cd1_0.patient_id=?
2026-08-26 03:19:47 TRACE org.hibernate.orm.jdbc.bind - binding parameter (1:BIGINT) <- [11]
2026-08-26 03:19:47 DEBUG org.hibernate.SQL - select cd1_0.patient_id,cd1_0.id,cd1_0.component_name,cd1_0.component_value,cd1_0.measured_date_time from clinicaldata cd1_0 where cd1_0.patient_id=?
2026-08-26 03:19:47 TRACE org.hibernate.orm.jdbc.bind - binding parameter (1:BIGINT) <- [10]
2026-08-26 03:19:47 DEBUG org.hibernate.SQL - select cd1_0.patient_id,cd1_0.id,cd1_0.component_name,cd1_0.component_value,cd1_0.measured_date_time from clinicaldata cd1_0 where cd1_0.patient_id=?
2026-08-26 03:19:47 TRACE org.hibernate.orm.jdbc.bind - binding parameter (1:BIGINT) <- [9]
2026-08-26 03:19:47 DEBUG org.hibernate.SQL - select cd1_0.patient_id,cd1_0.id,cd1_0.component_name,cd1_0.component_value,cd1_0.measured_date_time from clinicaldata cd1_0 where cd1_0.patient_id=?
2026-08-26 03:19:47 TRACE org.hibernate.orm.jdbc.bind - binding parameter (1:BIGINT) <- [8]
2026-08-26 03:19:47 DEBUG org.hibernate.SQL - select cd1_0.patient_id,cd1_0.id,cd1_0.component_name,cd1_0.component_value,cd1_0.measured_date_time from clinicaldata cd1_0 where cd1_0.patient_id=?
2026-08-26 03:19:47 TRACE org.hibernate.orm.jdbc.bind - binding parameter (1:BIGINT) <- [7]
2026-08-26 03:19:47 DEBUG org.hibernate.SQL - select cd1_0.patient_id,cd1_0.id,cd1_0.component_name,cd1_0.component_value,cd1_0.measured_date_time from clinicaldata cd1_0 where cd1_0.patient_id=?
2026-08-26 03:19:47 TRACE org.hibernate.orm.jdbc.bind - binding parameter (1:BIGINT) <- [6]
2026-08-26 03:19:47 DEBUG org.hibernate.SQL - select cd1_0.patient_id,cd1_0.id,cd1_0.component_name,cd1_0.component_value,cd1_0.measured_date_time from clinicaldata cd1_0 where cd1_0.patient_id=?
2026-08-26 03:19:47 TRACE org.hibernate.orm.jdbc.bind - binding parameter (1:BIGINT) <- [5]
2026-08-26 03:19:47 DEBUG org.hibernate.SQL - select cd1_0.patient_id,cd1_0.id,cd1_0.component_name,cd1_0.component_value,cd1_0.measured_date_time from clinicaldata cd1_0 where cd1_0.patient_id=?
2026-08-26 03:19:47 TRACE org.hibernate.orm.jdbc.bind - binding parameter (1:BIGINT) <- [4]
2026-08-26 03:19:47 DEBUG org.hibernate.SQL - select cd1_0.patient_id,cd1_0.id,cd1_0.component_name,cd1_0.component_value,cd1_0.measured_date_time from clinicaldata cd1_0 where cd1_0.patient_id=?
2026-08-26 03:19:47 TRACE org.hibernate.orm.jdbc.bind - binding parameter (1:BIGINT) <- [3]
2026-08-26 03:19:47 DEBUG org.hibernate.SQL - select cd1_0.patient_id,cd1_0.id,cd1_0.component_name,cd1_0.component_value,cd1_0.measured_date_time from clinicaldata cd1_0 where cd1_0.patient_id=?
2026-08-26 03:19:47 TRACE org.hibernate.orm.jdbc.bind - binding parameter (1:BIGINT) <- [2]
2026-08-26 03:19:47 DEBUG org.hibernate.SQL - select cd1_0.patient_id,cd1_0.id,cd1_0.component_name,cd1_0.component_value,cd1_0.measured_date_time from clinicaldata cd1_0 where cd1_0.patient_id=?
2026-08-26 03:19:47 TRACE org.hibernate.orm.jdbc.bind - binding parameter (1:BIGINT) <- [1]
2026-08-26 03:28:49 DEBUG org.hibernate.SQL - insert into patient (age,first_name,last_name) values (?,?,?)
2026-08-26 03:28:49 TRACE org.hibernate.orm.jdbc.bind - binding parameter (1:INTEGER) <- [35]
2026-08-26 03:28:49 TRACE org.hibernate.orm.jdbc.bind - binding parameter (2:VARCHAR) <- [Arujn]
2026-08-26 03:28:49 TRACE org.hibernate.orm.jdbc.bind - binding parameter (3:VARCHAR) <- [reddy]
2026-08-26 03:28:56 INFO  c.v.c.p.r.PatientController - Fetching all patients
2026-08-26 03:28:56 DEBUG org.hibernate.SQL - select p1_0.id,p1_0.age,p1_0.first_name,p1_0.last_name from patient p1_0
2026-08-26 03:28:56 DEBUG org.hibernate.SQL - select cd1_0.patient_id,cd1_0.id,cd1_0.component_name,cd1_0.component_value,cd1_0.measured_date_time from clinicaldata cd1_0 where cd1_0.patient_id=?
2026-08-26 03:28:56 TRACE org.hibernate.orm.jdbc.bind - binding parameter (1:BIGINT) <- [15]
2026-08-26 03:28:56 DEBUG org.hibernate.SQL - select cd1_0.patient_id,cd1_0.id,cd1_0.component_name,cd1_0.component_value,cd1_0.measured_date_time from clinicaldata cd1_0 where cd1_0.patient_id=?
2026-08-26 03:28:56 TRACE org.hibernate.orm.jdbc.bind - binding parameter (1:BIGINT) <- [14]
2026-08-26 03:28:56 DEBUG org.hibernate.SQL - select cd1_0.patient_id,cd1_0.id,cd1_0.component_name,cd1_0.component_value,cd1_0.measured_date_time from clinicaldata cd1_0 where cd1_0.patient_id=?
2026-08-26 03:28:56 TRACE org.hibernate.orm.jdbc.bind - binding parameter (1:BIGINT) <- [13]
2026-08-26 03:28:56 DEBUG org.hibernate.SQL - select cd1_0.patient_id,cd1_0.id,cd1_0.component_name,cd1_0.component_value,cd1_0.measured_date_time from clinicaldata cd1_0 where cd1_0.patient_id=?
2026-08-26 03:28:56 TRACE org.hibernate.orm.jdbc.bind - binding parameter (1:BIGINT) <- [12]
2026-08-26 03:28:56 DEBUG org.hibernate.SQL - select cd1_0.patient_id,cd1_0.id,cd1_0.component_name,cd1_0.component_value,cd1_0.measured_date_time from clinicaldata cd1_0 where cd1_0.patient_id=?
2026-08-26 03:28:56 TRACE org.hibernate.orm.jdbc.bind - binding parameter (1:BIGINT) <- [11]
2026-08-26 03:28:56 DEBUG org.hibernate.SQL - select cd1_0.patient_id,cd1_0.id,cd1_0.component_name,cd1_0.component_value,cd1_0.measured_date_time from clinicaldata cd1_0 where cd1_0.patient_id=?
2026-08-26 03:28:56 TRACE org.hibernate.orm.jdbc.bind - binding parameter (1:BIGINT) <- [10]
2026-08-26 03:28:56 DEBUG org.hibernate.SQL - select cd1_0.patient_id,cd1_0.id,cd1_0.component_name,cd1_0.component_value,cd1_0.measured_date_time from clinicaldata cd1_0 where cd1_0.patient_id=?
2026-08-26 03:28:56 TRACE org.hibernate.orm.jdbc.bind - binding parameter (1:BIGINT) <- [9]
2026-08-26 03:28:56 DEBUG org.hibernate.SQL - select cd1_0.patient_id,cd1_0.id,cd1_0.component_name,cd1_0.component_value,cd1_0.measured_date_time from clinicaldata cd1_0 where cd1_0.patient_id=?
2026-08-26 03:28:56 TRACE org.hibernate.orm.jdbc.bind - binding parameter (1:BIGINT) <- [8]
2026-08-26 03:28:57 DEBUG org.hibernate.SQL - select cd1_0.patient_id,cd1_0.id,cd1_0.component_name,cd1_0.component_value,cd1_0.measured_date_time from clinicaldata cd1_0 where cd1_0.patient_id=?
2026-08-26 03:28:57 TRACE org.hibernate.orm.jdbc.bind - binding parameter (1:BIGINT) <- [7]
2026-08-26 03:28:57 DEBUG org.hibernate.SQL - select cd1_0.patient_id,cd1_0.id,cd1_0.component_name,cd1_0.component_value,cd1_0.measured_date_time from clinicaldata cd1_0 where cd1_0.patient_id=?
2026-08-26 03:28:57 TRACE org.hibernate.orm.jdbc.bind - binding parameter (1:BIGINT) <- [6]
2026-08-26 03:28:57 DEBUG org.hibernate.SQL - select cd1_0.patient_id,cd1_0.id,cd1_0.component_name,cd1_0.component_value,cd1_0.measured_date_time from clinicaldata cd1_0 where cd1_0.patient_id=?
2026-08-26 03:28:57 TRACE org.hibernate.orm.jdbc.bind - binding parameter (1:BIGINT) <- [5]
2026-08-26 03:28:57 DEBUG org.hibernate.SQL - select cd1_0.patient_id,cd1_0.id,cd1_0.component_name,cd1_0.component_value,cd1_0.measured_date_time from clinicaldata cd1_0 where cd1_0.patient_id=?
2026-08-26 03:28:57 TRACE org.hibernate.orm.jdbc.bind - binding parameter (1:BIGINT) <- [4]
2026-08-26 03:28:57 DEBUG org.hibernate.SQL - select cd1_0.patient_id,cd1_0.id,cd1_0.component_name,cd1_0.component_value,cd1_0.measured_date_time from clinicaldata cd1_0 where cd1_0.patient_id=?
2026-08-26 03:28:57 TRACE org.hibernate.orm.jdbc.bind - binding parameter (1:BIGINT) <- [3]
2026-08-26 03:28:57 DEBUG org.hibernate.SQL - select cd1_0.patient_id,cd1_0.id,cd1_0.component_name,cd1_0.component_value,cd1_0.measured_date_time from clinicaldata cd1_0 where cd1_0.patient_id=?
2026-08-26 03:28:57 TRACE org.hibernate.orm.jdbc.bind - binding parameter (1:BIGINT) <- [2]
2026-08-26 03:28:57 DEBUG org.hibernate.SQL - select cd1_0.patient_id,cd1_0.id,cd1_0.component_name,cd1_0.component_value,cd1_0.measured_date_time from clinicaldata cd1_0 where cd1_0.patient_id=?
2026-08-26 03:28:57 TRACE org.hibernate.orm.jdbc.bind - binding parameter (1:BIGINT) <- [1]
2026-08-26 03:28:57 INFO  c.v.c.p.r.PatientController - Fetching all patients
2026-08-26 03:28:57 DEBUG org.hibernate.SQL - select p1_0.id,p1_0.age,p1_0.first_name,p1_0.last_name from patient p1_0
2026-08-26 03:28:57 DEBUG org.hibernate.SQL - select cd1_0.patient_id,cd1_0.id,cd1_0.component_name,cd1_0.component_value,cd1_0.measured_date_time from clinicaldata cd1_0 where cd1_0.patient_id=?
2026-08-26 03:28:57 TRACE org.hibernate.orm.jdbc.bind - binding parameter (1:BIGINT) <- [15]
2026-08-26 03:28:57 DEBUG org.hibernate.SQL - select cd1_0.patient_id,cd1_0.id,cd1_0.component_name,cd1_0.component_value,cd1_0.measured_date_time from clinicaldata cd1_0 where cd1_0.patient_id=?
2026-08-26 03:28:57 TRACE org.hibernate.orm.jdbc.bind - binding parameter (1:BIGINT) <- [14]
2026-08-26 03:28:57 DEBUG org.hibernate.SQL - select cd1_0.patient_id,cd1_0.id,cd1_0.component_name,cd1_0.component_value,cd1_0.measured_date_time from clinicaldata cd1_0 where cd1_0.patient_id=?
2026-08-26 03:28:57 TRACE org.hibernate.orm.jdbc.bind - binding parameter (1:BIGINT) <- [13]
2026-08-26 03:28:57 DEBUG org.hibernate.SQL - select cd1_0.patient_id,cd1_0.id,cd1_0.component_name,cd1_0.component_value,cd1_0.measured_date_time from clinicaldata cd1_0 where cd1_0.patient_id=?
2026-08-26 03:28:57 TRACE org.hibernate.orm.jdbc.bind - binding parameter (1:BIGINT) <- [12]
2026-08-26 03:28:57 DEBUG org.hibernate.SQL - select cd1_0.patient_id,cd1_0.id,cd1_0.component_name,cd1_0.component_value,cd1_0.measured_date_time from clinicaldata cd1_0 where cd1_0.patient_id=?
2026-08-26 03:28:57 TRACE org.hibernate.orm.jdbc.bind - binding parameter (1:BIGINT) <- [11]
2026-08-26 03:28:57 DEBUG org.hibernate.SQL - select cd1_0.patient_id,cd1_0.id,cd1_0.component_name,cd1_0.component_value,cd1_0.measured_date_time from clinicaldata cd1_0 where cd1_0.patient_id=?
2026-08-26 03:28:57 TRACE org.hibernate.orm.jdbc.bind - binding parameter (1:BIGINT) <- [10]
2026-08-26 03:28:57 DEBUG org.hibernate.SQL - select cd1_0.patient_id,cd1_0.id,cd1_0.component_name,cd1_0.component_value,cd1_0.measured_date_time from clinicaldata cd1_0 where cd1_0.patient_id=?
2026-08-26 03:28:57 TRACE org.hibernate.orm.jdbc.bind - binding parameter (1:BIGINT) <- [9]
2026-08-26 03:28:57 DEBUG org.hibernate.SQL - select cd1_0.patient_id,cd1_0.id,cd1_0.component_name,cd1_0.component_value,cd1_0.measured_date_time from clinicaldata cd1_0 where cd1_0.patient_id=?
2026-08-26 03:28:57 TRACE org.hibernate.orm.jdbc.bind - binding parameter (1:BIGINT) <- [8]
2026-08-26 03:28:57 DEBUG org.hibernate.SQL - select cd1_0.patient_id,cd1_0.id,cd1_0.component_name,cd1_0.component_value,cd1_0.measured_date_time from clinicaldata cd1_0 where cd1_0.patient_id=?
2026-08-26 03:28:57 TRACE org.hibernate.orm.jdbc.bind - binding parameter (1:BIGINT) <- [7]
2026-08-26 03:28:57 DEBUG org.hibernate.SQL - select cd1_0.patient_id,cd1_0.id,cd1_0.component_name,cd1_0.component_value,cd1_0.measured_date_time from clinicaldata cd1_0 where cd1_0.patient_id=?
2026-08-26 03:28:57 TRACE org.hibernate.orm.jdbc.bind - binding parameter (1:BIGINT) <- [6]
2026-08-26 03:28:57 DEBUG org.hibernate.SQL - select cd1_0.patient_id,cd1_0.id,cd1_0.component_name,cd1_0.component_value,cd1_0.measured_date_time from clinicaldata cd1_0 where cd1_0.patient_id=?
2026-08-26 03:28:57 TRACE org.hibernate.orm.jdbc.bind - binding parameter (1:BIGINT) <- [5]
2026-08-26 03:28:57 DEBUG org.hibernate.SQL - select cd1_0.patient_id,cd1_0.id,cd1_0.component_name,cd1_0.component_value,cd1_0.measured_date_time from clinicaldata cd1_0 where cd1_0.patient_id=?
2026-08-26 03:28:57 TRACE org.hibernate.orm.jdbc.bind - binding parameter (1:BIGINT) <- [4]
2026-08-26 03:28:57 DEBUG org.hibernate.SQL - select cd1_0.patient_id,cd1_0.id,cd1_0.component_name,cd1_0.component_value,cd1_0.measured_date_time from clinicaldata cd1_0 where cd1_0.patient_id=?
2026-08-26 03:28:57 TRACE org.hibernate.orm.jdbc.bind - binding parameter (1:BIGINT) <- [3]
2026-08-26 03:28:57 DEBUG org.hibernate.SQL - select cd1_0.patient_id,cd1_0.id,cd1_0.component_name,cd1_0.component_value,cd1_0.measured_date_time from clinicaldata cd1_0 where cd1_0.patient_id=?
2026-08-26 03:28:57 TRACE org.hibernate.orm.jdbc.bind - binding parameter (1:BIGINT) <- [2]
2026-08-26 03:28:57 DEBUG org.hibernate.SQL - select cd1_0.patient_id,cd1_0.id,cd1_0.component_name,cd1_0.component_value,cd1_0.measured_date_time from clinicaldata cd1_0 where cd1_0.patient_id=?
2026-08-26 03:28:57 TRACE org.hibernate.orm.jdbc.bind - binding parameter (1:BIGINT) <- [1]
2026-08-26 03:31:22 DEBUG org.hibernate.SQL - insert into patient (age,first_name,last_name) values (?,?,?)
2026-08-26 03:31:22 TRACE org.hibernate.orm.jdbc.bind - binding parameter (1:INTEGER) <- [50]
2026-08-26 03:31:22 TRACE org.hibernate.orm.jdbc.bind - binding parameter (2:VARCHAR) <- [Abhay]
2026-08-26 03:31:22 TRACE org.hibernate.orm.jdbc.bind - binding parameter (3:VARCHAR) <- [Kumar]
2026-08-26 03:31:28 INFO  c.v.c.p.r.PatientController - Fetching all patients
2026-08-26 03:31:28 DEBUG org.hibernate.SQL - select p1_0.id,p1_0.age,p1_0.first_name,p1_0.last_name from patient p1_0
2026-08-26 03:31:28 DEBUG org.hibernate.SQL - select cd1_0.patient_id,cd1_0.id,cd1_0.component_name,cd1_0.component_value,cd1_0.measured_date_time from clinicaldata cd1_0 where cd1_0.patient_id=?
2026-08-26 03:31:28 TRACE org.hibernate.orm.jdbc.bind - binding parameter (1:BIGINT) <- [16]
2026-08-26 03:31:28 DEBUG org.hibernate.SQL - select cd1_0.patient_id,cd1_0.id,cd1_0.component_name,cd1_0.component_value,cd1_0.measured_date_time from clinicaldata cd1_0 where cd1_0.patient_id=?
2026-08-26 03:31:28 TRACE org.hibernate.orm.jdbc.bind - binding parameter (1:BIGINT) <- [15]
2026-08-26 03:31:28 DEBUG org.hibernate.SQL - select cd1_0.patient_id,cd1_0.id,cd1_0.component_name,cd1_0.component_value,cd1_0.measured_date_time from clinicaldata cd1_0 where cd1_0.patient_id=?
2026-08-26 03:31:28 TRACE org.hibernate.orm.jdbc.bind - binding parameter (1:BIGINT) <- [14]
2026-08-26 03:31:28 DEBUG org.hibernate.SQL - select cd1_0.patient_id,cd1_0.id,cd1_0.component_name,cd1_0.component_value,cd1_0.measured_date_time from clinicaldata cd1_0 where cd1_0.patient_id=?
2026-08-26 03:31:28 TRACE org.hibernate.orm.jdbc.bind - binding parameter (1:BIGINT) <- [13]
2026-08-26 03:31:28 DEBUG org.hibernate.SQL - select cd1_0.patient_id,cd1_0.id,cd1_0.component_name,cd1_0.component_value,cd1_0.measured_date_time from clinicaldata cd1_0 where cd1_0.patient_id=?
2026-08-26 03:31:28 TRACE org.hibernate.orm.jdbc.bind - binding parameter (1:BIGINT) <- [12]
2026-08-26 03:31:28 DEBUG org.hibernate.SQL - select cd1_0.patient_id,cd1_0.id,cd1_0.component_name,cd1_0.component_value,cd1_0.measured_date_time from clinicaldata cd1_0 where cd1_0.patient_id=?
2026-08-26 03:31:28 TRACE org.hibernate.orm.jdbc.bind - binding parameter (1:BIGINT) <- [11]
2026-08-26 03:31:28 DEBUG org.hibernate.SQL - select cd1_0.patient_id,cd1_0.id,cd1_0.component_name,cd1_0.component_value,cd1_0.measured_date_time from clinicaldata cd1_0 where cd1_0.patient_id=?
2026-08-26 03:31:28 TRACE org.hibernate.orm.jdbc.bind - binding parameter (1:BIGINT) <- [10]
2026-08-26 03:31:28 DEBUG org.hibernate.SQL - select cd1_0.patient_id,cd1_0.id,cd1_0.component_name,cd1_0.component_value,cd1_0.measured_date_time from clinicaldata cd1_0 where cd1_0.patient_id=?
2026-08-26 03:31:28 TRACE org.hibernate.orm.jdbc.bind - binding parameter (1:BIGINT) <- [9]
2026-08-26 03:31:28 DEBUG org.hibernate.SQL - select cd1_0.patient_id,cd1_0.id,cd1_0.component_name,cd1_0.component_value,cd1_0.measured_date_time from clinicaldata cd1_0 where cd1_0.patient_id=?
2026-08-26 03:31:28 TRACE org.hibernate.orm.jdbc.bind - binding parameter (1:BIGINT) <- [8]
2026-08-26 03:31:28 DEBUG org.hibernate.SQL - select cd1_0.patient_id,cd1_0.id,cd1_0.component_name,cd1_0.component_value,cd1_0.measured_date_time from clinicaldata cd1_0 where cd1_0.patient_id=?
2026-08-26 03:31:28 TRACE org.hibernate.orm.jdbc.bind - binding parameter (1:BIGINT) <- [7]
2026-08-26 03:31:28 DEBUG org.hibernate.SQL - select cd1_0.patient_id,cd1_0.id,cd1_0.component_name,cd1_0.component_value,cd1_0.measured_date_time from clinicaldata cd1_0 where cd1_0.patient_id=?
2026-08-26 03:31:28 TRACE org.hibernate.orm.jdbc.bind - binding parameter (1:BIGINT) <- [6]
2026-08-26 03:31:28 DEBUG org.hibernate.SQL - select cd1_0.patient_id,cd1_0.id,cd1_0.component_name,cd1_0.component_value,cd1_0.measured_date_time from clinicaldata cd1_0 where cd1_0.patient_id=?
2026-08-26 03:31:28 TRACE org.hibernate.orm.jdbc.bind - binding parameter (1:BIGINT) <- [5]
2026-08-26 03:31:28 DEBUG org.hibernate.SQL - select cd1_0.patient_id,cd1_0.id,cd1_0.component_name,cd1_0.component_value,cd1_0.measured_date_time from clinicaldata cd1_0 where cd1_0.patient_id=?
2026-08-26 03:31:28 TRACE org.hibernate.orm.jdbc.bind - binding parameter (1:BIGINT) <- [4]
2026-08-26 03:31:28 DEBUG org.hibernate.SQL - select cd1_0.patient_id,cd1_0.id,cd1_0.component_name,cd1_0.component_value,cd1_0.measured_date_time from clinicaldata cd1_0 where cd1_0.patient_id=?
2026-08-26 03:31:28 TRACE org.hibernate.orm.jdbc.bind - binding parameter (1:BIGINT) <- [3]
2026-08-26 03:31:28 DEBUG org.hibernate.SQL - select cd1_0.patient_id,cd1_0.id,cd1_0.component_name,cd1_0.component_value,cd1_0.measured_date_time from clinicaldata cd1_0 where cd1_0.patient_id=?
2026-08-26 03:31:28 TRACE org.hibernate.orm.jdbc.bind - binding parameter (1:BIGINT) <- [2]
2026-08-26 03:31:28 DEBUG org.hibernate.SQL - select cd1_0.patient_id,cd1_0.id,cd1_0.component_name,cd1_0.component_value,cd1_0.measured_date_time from clinicaldata cd1_0 where cd1_0.patient_id=?
2026-08-26 03:31:28 TRACE org.hibernate.orm.jdbc.bind - binding parameter (1:BIGINT) <- [1]
2026-08-26 03:31:28 INFO  c.v.c.p.r.PatientController - Fetching all patients
2026-08-26 03:31:28 DEBUG org.hibernate.SQL - select p1_0.id,p1_0.age,p1_0.first_name,p1_0.last_name from patient p1_0
2026-08-26 03:31:28 DEBUG org.hibernate.SQL - select cd1_0.patient_id,cd1_0.id,cd1_0.component_name,cd1_0.component_value,cd1_0.measured_date_time from clinicaldata cd1_0 where cd1_0.patient_id=?
2026-08-26 03:31:28 TRACE org.hibernate.orm.jdbc.bind - binding parameter (1:BIGINT) <- [16]
2026-08-26 03:31:28 DEBUG org.hibernate.SQL - select cd1_0.patient_id,cd1_0.id,cd1_0.component_name,cd1_0.component_value,cd1_0.measured_date_time from clinicaldata cd1_0 where cd1_0.patient_id=?
2026-08-26 03:31:28 TRACE org.hibernate.orm.jdbc.bind - binding parameter (1:BIGINT) <- [15]
2026-08-26 03:31:28 DEBUG org.hibernate.SQL - select cd1_0.patient_id,cd1_0.id,cd1_0.component_name,cd1_0.component_value,cd1_0.measured_date_time from clinicaldata cd1_0 where cd1_0.patient_id=?
2026-08-26 03:31:28 TRACE org.hibernate.orm.jdbc.bind - binding parameter (1:BIGINT) <- [14]
2026-08-26 03:31:28 DEBUG org.hibernate.SQL - select cd1_0.patient_id,cd1_0.id,cd1_0.component_name,cd1_0.component_value,cd1_0.measured_date_time from clinicaldata cd1_0 where cd1_0.patient_id=?
2026-08-26 03:31:28 TRACE org.hibernate.orm.jdbc.bind - binding parameter (1:BIGINT) <- [13]
2026-08-26 03:31:28 DEBUG org.hibernate.SQL - select cd1_0.patient_id,cd1_0.id,cd1_0.component_name,cd1_0.component_value,cd1_0.measured_date_time from clinicaldata cd1_0 where cd1_0.patient_id=?
2026-08-26 03:31:28 TRACE org.hibernate.orm.jdbc.bind - binding parameter (1:BIGINT) <- [12]
2026-08-26 03:31:28 DEBUG org.hibernate.SQL - select cd1_0.patient_id,cd1_0.id,cd1_0.component_name,cd1_0.component_value,cd1_0.measured_date_time from clinicaldata cd1_0 where cd1_0.patient_id=?
2026-08-26 03:31:28 TRACE org.hibernate.orm.jdbc.bind - binding parameter (1:BIGINT) <- [11]
2026-08-26 03:31:28 DEBUG org.hibernate.SQL - select cd1_0.patient_id,cd1_0.id,cd1_0.component_name,cd1_0.component_value,cd1_0.measured_date_time from clinicaldata cd1_0 where cd1_0.patient_id=?
2026-08-26 03:31:28 TRACE org.hibernate.orm.jdbc.bind - binding parameter (1:BIGINT) <- [10]
2026-08-26 03:31:28 DEBUG org.hibernate.SQL - select cd1_0.patient_id,cd1_0.id,cd1_0.component_name,cd1_0.component_value,cd1_0.measured_date_time from clinicaldata cd1_0 where cd1_0.patient_id=?
2026-08-26 03:31:28 TRACE org.hibernate.orm.jdbc.bind - binding parameter (1:BIGINT) <- [9]
2026-08-26 03:31:28 DEBUG org.hibernate.SQL - select cd1_0.patient_id,cd1_0.id,cd1_0.component_name,cd1_0.component_value,cd1_0.measured_date_time from clinicaldata cd1_0 where cd1_0.patient_id=?
2026-08-26 03:31:28 TRACE org.hibernate.orm.jdbc.bind - binding parameter (1:BIGINT) <- [8]
2026-08-26 03:31:28 DEBUG org.hibernate.SQL - select cd1_0.patient_id,cd1_0.id,cd1_0.component_name,cd1_0.component_value,cd1_0.measured_date_time from clinicaldata cd1_0 where cd1_0.patient_id=?
2026-08-26 03:31:28 TRACE org.hibernate.orm.jdbc.bind - binding parameter (1:BIGINT) <- [7]
2026-08-26 03:31:28 DEBUG org.hibernate.SQL - select cd1_0.patient_id,cd1_0.id,cd1_0.component_name,cd1_0.component_value,cd1_0.measured_date_time from clinicaldata cd1_0 where cd1_0.patient_id=?
2026-08-26 03:31:28 TRACE org.hibernate.orm.jdbc.bind - binding parameter (1:BIGINT) <- [6]
2026-08-26 03:31:28 DEBUG org.hibernate.SQL - select cd1_0.patient_id,cd1_0.id,cd1_0.component_name,cd1_0.component_value,cd1_0.measured_date_time from clinicaldata cd1_0 where cd1_0.patient_id=?
2026-08-26 03:31:28 TRACE org.hibernate.orm.jdbc.bind - binding parameter (1:BIGINT) <- [5]
2026-08-26 03:31:28 DEBUG org.hibernate.SQL - select cd1_0.patient_id,cd1_0.id,cd1_0.component_name,cd1_0.component_value,cd1_0.measured_date_time from clinicaldata cd1_0 where cd1_0.patient_id=?
2026-08-26 03:31:28 TRACE org.hibernate.orm.jdbc.bind - binding parameter (1:BIGINT) <- [4]
2026-08-26 03:31:28 DEBUG org.hibernate.SQL - select cd1_0.patient_id,cd1_0.id,cd1_0.component_name,cd1_0.component_value,cd1_0.measured_date_time from clinicaldata cd1_0 where cd1_0.patient_id=?
2026-08-26 03:31:28 TRACE org.hibernate.orm.jdbc.bind - binding parameter (1:BIGINT) <- [3]
2026-08-26 03:31:28 DEBUG org.hibernate.SQL - select cd1_0.patient_id,cd1_0.id,cd1_0.component_name,cd1_0.component_value,cd1_0.measured_date_time from clinicaldata cd1_0 where cd1_0.patient_id=?
2026-08-26 03:31:28 TRACE org.hibernate.orm.jdbc.bind - binding parameter (1:BIGINT) <- [2]
2026-08-26 03:31:28 DEBUG org.hibernate.SQL - select cd1_0.patient_id,cd1_0.id,cd1_0.component_name,cd1_0.component_value,cd1_0.measured_date_time from clinicaldata cd1_0 where cd1_0.patient_id=?
2026-08-26 03:31:28 TRACE org.hibernate.orm.jdbc.bind - binding parameter (1:BIGINT) <- [1]
2026-08-26 03:33:22 DEBUG org.hibernate.SQL - insert into patient (age,first_name,last_name) values (?,?,?)
2026-08-26 03:33:22 TRACE org.hibernate.orm.jdbc.bind - binding parameter (1:INTEGER) <- [38]
2026-08-26 03:33:22 TRACE org.hibernate.orm.jdbc.bind - binding parameter (2:VARCHAR) <- [John]
2026-08-26 03:33:22 TRACE org.hibernate.orm.jdbc.bind - binding parameter (3:VARCHAR) <- [Bharath]
2026-08-26 03:36:03 INFO  c.v.c.p.r.PatientController - Fetching all patients
2026-08-26 03:36:03 DEBUG org.hibernate.SQL - select p1_0.id,p1_0.age,p1_0.first_name,p1_0.last_name from patient p1_0
2026-08-26 03:36:03 DEBUG org.hibernate.SQL - select cd1_0.patient_id,cd1_0.id,cd1_0.component_name,cd1_0.component_value,cd1_0.measured_date_time from clinicaldata cd1_0 where cd1_0.patient_id=?
2026-08-26 03:36:03 TRACE org.hibernate.orm.jdbc.bind - binding parameter (1:BIGINT) <- [17]
2026-08-26 03:36:03 DEBUG org.hibernate.SQL - select cd1_0.patient_id,cd1_0.id,cd1_0.component_name,cd1_0.component_value,cd1_0.measured_date_time from clinicaldata cd1_0 where cd1_0.patient_id=?
2026-08-26 03:36:03 TRACE org.hibernate.orm.jdbc.bind - binding parameter (1:BIGINT) <- [16]
2026-08-26 03:36:03 DEBUG org.hibernate.SQL - select cd1_0.patient_id,cd1_0.id,cd1_0.component_name,cd1_0.component_value,cd1_0.measured_date_time from clinicaldata cd1_0 where cd1_0.patient_id=?
2026-08-26 03:36:03 TRACE org.hibernate.orm.jdbc.bind - binding parameter (1:BIGINT) <- [15]
2026-08-26 03:36:03 DEBUG org.hibernate.SQL - select cd1_0.patient_id,cd1_0.id,cd1_0.component_name,cd1_0.component_value,cd1_0.measured_date_time from clinicaldata cd1_0 where cd1_0.patient_id=?
2026-08-26 03:36:03 TRACE org.hibernate.orm.jdbc.bind - binding parameter (1:BIGINT) <- [14]
2026-08-26 03:36:03 DEBUG org.hibernate.SQL - select cd1_0.patient_id,cd1_0.id,cd1_0.component_name,cd1_0.component_value,cd1_0.measured_date_time from clinicaldata cd1_0 where cd1_0.patient_id=?
2026-08-26 03:36:03 TRACE org.hibernate.orm.jdbc.bind - binding parameter (1:BIGINT) <- [13]
2026-08-26 03:36:03 DEBUG org.hibernate.SQL - select cd1_0.patient_id,cd1_0.id,cd1_0.component_name,cd1_0.component_value,cd1_0.measured_date_time from clinicaldata cd1_0 where cd1_0.patient_id=?
2026-08-26 03:36:03 TRACE org.hibernate.orm.jdbc.bind - binding parameter (1:BIGINT) <- [12]
2026-08-26 03:36:03 DEBUG org.hibernate.SQL - select cd1_0.patient_id,cd1_0.id,cd1_0.component_name,cd1_0.component_value,cd1_0.measured_date_time from clinicaldata cd1_0 where cd1_0.patient_id=?
2026-08-26 03:36:03 TRACE org.hibernate.orm.jdbc.bind - binding parameter (1:BIGINT) <- [11]
2026-08-26 03:36:03 DEBUG org.hibernate.SQL - select cd1_0.patient_id,cd1_0.id,cd1_0.component_name,cd1_0.component_value,cd1_0.measured_date_time from clinicaldata cd1_0 where cd1_0.patient_id=?
2026-08-26 03:36:03 TRACE org.hibernate.orm.jdbc.bind - binding parameter (1:BIGINT) <- [10]
2026-08-26 03:36:03 DEBUG org.hibernate.SQL - select cd1_0.patient_id,cd1_0.id,cd1_0.component_name,cd1_0.component_value,cd1_0.measured_date_time from clinicaldata cd1_0 where cd1_0.patient_id=?
2026-08-26 03:36:03 TRACE org.hibernate.orm.jdbc.bind - binding parameter (1:BIGINT) <- [9]
2026-08-26 03:36:03 DEBUG org.hibernate.SQL - select cd1_0.patient_id,cd1_0.id,cd1_0.component_name,cd1_0.component_value,cd1_0.measured_date_time from clinicaldata cd1_0 where cd1_0.patient_id=?
2026-08-26 03:36:03 TRACE org.hibernate.orm.jdbc.bind - binding parameter (1:BIGINT) <- [8]
2026-08-26 03:36:03 DEBUG org.hibernate.SQL - select cd1_0.patient_id,cd1_0.id,cd1_0.component_name,cd1_0.component_value,cd1_0.measured_date_time from clinicaldata cd1_0 where cd1_0.patient_id=?
2026-08-26 03:36:03 TRACE org.hibernate.orm.jdbc.bind - binding parameter (1:BIGINT) <- [7]
2026-08-26 03:36:03 DEBUG org.hibernate.SQL - select cd1_0.patient_id,cd1_0.id,cd1_0.component_name,cd1_0.component_value,cd1_0.measured_date_time from clinicaldata cd1_0 where cd1_0.patient_id=?
2026-08-26 03:36:03 TRACE org.hibernate.orm.jdbc.bind - binding parameter (1:BIGINT) <- [6]
2026-08-26 03:36:03 DEBUG org.hibernate.SQL - select cd1_0.patient_id,cd1_0.id,cd1_0.component_name,cd1_0.component_value,cd1_0.measured_date_time from clinicaldata cd1_0 where cd1_0.patient_id=?
2026-08-26 03:36:03 TRACE org.hibernate.orm.jdbc.bind - binding parameter (1:BIGINT) <- [5]
2026-08-26 03:36:03 DEBUG org.hibernate.SQL - select cd1_0.patient_id,cd1_0.id,cd1_0.component_name,cd1_0.component_value,cd1_0.measured_date_time from clinicaldata cd1_0 where cd1_0.patient_id=?
2026-08-26 03:36:03 TRACE org.hibernate.orm.jdbc.bind - binding parameter (1:BIGINT) <- [4]
2026-08-26 03:36:03 DEBUG org.hibernate.SQL - select cd1_0.patient_id,cd1_0.id,cd1_0.component_name,cd1_0.component_value,cd1_0.measured_date_time from clinicaldata cd1_0 where cd1_0.patient_id=?
2026-08-26 03:36:03 TRACE org.hibernate.orm.jdbc.bind - binding parameter (1:BIGINT) <- [3]
2026-08-26 03:36:03 DEBUG org.hibernate.SQL - select cd1_0.patient_id,cd1_0.id,cd1_0.component_name,cd1_0.component_value,cd1_0.measured_date_time from clinicaldata cd1_0 where cd1_0.patient_id=?
2026-08-26 03:36:03 TRACE org.hibernate.orm.jdbc.bind - binding parameter (1:BIGINT) <- [2]
2026-08-26 03:36:03 DEBUG org.hibernate.SQL - select cd1_0.patient_id,cd1_0.id,cd1_0.component_name,cd1_0.component_value,cd1_0.measured_date_time from clinicaldata cd1_0 where cd1_0.patient_id=?
2026-08-26 03:36:03 TRACE org.hibernate.orm.jdbc.bind - binding parameter (1:BIGINT) <- [1]
2026-08-26 03:36:03 INFO  c.v.c.p.r.PatientController - Fetching all patients
2026-08-26 03:36:03 DEBUG org.hibernate.SQL - select p1_0.id,p1_0.age,p1_0.first_name,p1_0.last_name from patient p1_0
2026-08-26 03:36:03 DEBUG org.hibernate.SQL - select cd1_0.patient_id,cd1_0.id,cd1_0.component_name,cd1_0.component_value,cd1_0.measured_date_time from clinicaldata cd1_0 where cd1_0.patient_id=?
2026-08-26 03:36:03 TRACE org.hibernate.orm.jdbc.bind - binding parameter (1:BIGINT) <- [17]
2026-08-26 03:36:03 DEBUG org.hibernate.SQL - select cd1_0.patient_id,cd1_0.id,cd1_0.component_name,cd1_0.component_value,cd1_0.measured_date_time from clinicaldata cd1_0 where cd1_0.patient_id=?
2026-08-26 03:36:03 TRACE org.hibernate.orm.jdbc.bind - binding parameter (1:BIGINT) <- [16]
2026-08-26 03:36:03 DEBUG org.hibernate.SQL - select cd1_0.patient_id,cd1_0.id,cd1_0.component_name,cd1_0.component_value,cd1_0.measured_date_time from clinicaldata cd1_0 where cd1_0.patient_id=?
2026-08-26 03:36:03 TRACE org.hibernate.orm.jdbc.bind - binding parameter (1:BIGINT) <- [15]
2026-08-26 03:36:03 DEBUG org.hibernate.SQL - select cd1_0.patient_id,cd1_0.id,cd1_0.component_name,cd1_0.component_value,cd1_0.measured_date_time from clinicaldata cd1_0 where cd1_0.patient_id=?
2026-08-26 03:36:03 TRACE org.hibernate.orm.jdbc.bind - binding parameter (1:BIGINT) <- [14]
2026-08-26 03:36:03 DEBUG org.hibernate.SQL - select cd1_0.patient_id,cd1_0.id,cd1_0.component_name,cd1_0.component_value,cd1_0.measured_date_time from clinicaldata cd1_0 where cd1_0.patient_id=?
2026-08-26 03:36:03 TRACE org.hibernate.orm.jdbc.bind - binding parameter (1:BIGINT) <- [13]
2026-08-26 03:36:03 DEBUG org.hibernate.SQL - select cd1_0.patient_id,cd1_0.id,cd1_0.component_name,cd1_0.component_value,cd1_0.measured_date_time from clinicaldata cd1_0 where cd1_0.patient_id=?
2026-08-26 03:36:03 TRACE org.hibernate.orm.jdbc.bind - binding parameter (1:BIGINT) <- [12]
2026-08-26 03:36:03 DEBUG org.hibernate.SQL - select cd1_0.patient_id,cd1_0.id,cd1_0.component_name,cd1_0.component_value,cd1_0.measured_date_time from clinicaldata cd1_0 where cd1_0.patient_id=?
2026-08-26 03:36:03 TRACE org.hibernate.orm.jdbc.bind - binding parameter (1:BIGINT) <- [11]
2026-08-26 03:36:03 DEBUG org.hibernate.SQL - select cd1_0.patient_id,cd1_0.id,cd1_0.component_name,cd1_0.component_value,cd1_0.measured_date_time from clinicaldata cd1_0 where cd1_0.patient_id=?
2026-08-26 03:36:03 TRACE org.hibernate.orm.jdbc.bind - binding parameter (1:BIGINT) <- [10]
2026-08-26 03:36:03 DEBUG org.hibernate.SQL - select cd1_0.patient_id,cd1_0.id,cd1_0.component_name,cd1_0.component_value,cd1_0.measured_date_time from clinicaldata cd1_0 where cd1_0.patient_id=?
2026-08-26 03:36:03 TRACE org.hibernate.orm.jdbc.bind - binding parameter (1:BIGINT) <- [9]
2026-08-26 03:36:03 DEBUG org.hibernate.SQL - select cd1_0.patient_id,cd1_0.id,cd1_0.component_name,cd1_0.component_value,cd1_0.measured_date_time from clinicaldata cd1_0 where cd1_0.patient_id=?
2026-08-26 03:36:03 TRACE org.hibernate.orm.jdbc.bind - binding parameter (1:BIGINT) <- [8]
2026-08-26 03:36:03 DEBUG org.hibernate.SQL - select cd1_0.patient_id,cd1_0.id,cd1_0.component_name,cd1_0.component_value,cd1_0.measured_date_time from clinicaldata cd1_0 where cd1_0.patient_id=?
2026-08-26 03:36:03 TRACE org.hibernate.orm.jdbc.bind - binding parameter (1:BIGINT) <- [7]
2026-08-26 03:36:03 DEBUG org.hibernate.SQL - select cd1_0.patient_id,cd1_0.id,cd1_0.component_name,cd1_0.component_value,cd1_0.measured_date_time from clinicaldata cd1_0 where cd1_0.patient_id=?
2026-08-26 03:36:03 TRACE org.hibernate.orm.jdbc.bind - binding parameter (1:BIGINT) <- [6]
2026-08-26 03:36:03 DEBUG org.hibernate.SQL - select cd1_0.patient_id,cd1_0.id,cd1_0.component_name,cd1_0.component_value,cd1_0.measured_date_time from clinicaldata cd1_0 where cd1_0.patient_id=?
2026-08-26 03:36:03 TRACE org.hibernate.orm.jdbc.bind - binding parameter (1:BIGINT) <- [5]
2026-08-26 03:36:03 DEBUG org.hibernate.SQL - select cd1_0.patient_id,cd1_0.id,cd1_0.component_name,cd1_0.component_value,cd1_0.measured_date_time from clinicaldata cd1_0 where cd1_0.patient_id=?
2026-08-26 03:36:03 TRACE org.hibernate.orm.jdbc.bind - binding parameter (1:BIGINT) <- [4]
2026-08-26 03:36:03 DEBUG org.hibernate.SQL - select cd1_0.patient_id,cd1_0.id,cd1_0.component_name,cd1_0.component_value,cd1_0.measured_date_time from clinicaldata cd1_0 where cd1_0.patient_id=?
2026-08-26 03:36:03 TRACE org.hibernate.orm.jdbc.bind - binding parameter (1:BIGINT) <- [3]
2026-08-26 03:36:04 DEBUG org.hibernate.SQL - select cd1_0.patient_id,cd1_0.id,cd1_0.component_name,cd1_0.component_value,cd1_0.measured_date_time from clinicaldata cd1_0 where cd1_0.patient_id=?
2026-08-26 03:36:04 TRACE org.hibernate.orm.jdbc.bind - binding parameter (1:BIGINT) <- [2]
2026-08-26 03:36:04 DEBUG org.hibernate.SQL - select cd1_0.patient_id,cd1_0.id,cd1_0.component_name,cd1_0.component_value,cd1_0.measured_date_time from clinicaldata cd1_0 where cd1_0.patient_id=?
2026-08-26 03:36:04 TRACE org.hibernate.orm.jdbc.bind - binding parameter (1:BIGINT) <- [1]
2026-08-26 03:38:09 INFO  c.v.c.p.r.PatientController - Fetching all patients
2026-08-26 03:38:09 DEBUG org.hibernate.SQL - select p1_0.id,p1_0.age,p1_0.first_name,p1_0.last_name from patient p1_0
2026-08-26 03:38:09 DEBUG org.hibernate.SQL - select cd1_0.patient_id,cd1_0.id,cd1_0.component_name,cd1_0.component_value,cd1_0.measured_date_time from clinicaldata cd1_0 where cd1_0.patient_id=?
2026-08-26 03:38:09 TRACE org.hibernate.orm.jdbc.bind - binding parameter (1:BIGINT) <- [17]
2026-08-26 03:38:09 DEBUG org.hibernate.SQL - select cd1_0.patient_id,cd1_0.id,cd1_0.component_name,cd1_0.component_value,cd1_0.measured_date_time from clinicaldata cd1_0 where cd1_0.patient_id=?
2026-08-26 03:38:09 TRACE org.hibernate.orm.jdbc.bind - binding parameter (1:BIGINT) <- [16]
2026-08-26 03:38:09 DEBUG org.hibernate.SQL - select cd1_0.patient_id,cd1_0.id,cd1_0.component_name,cd1_0.component_value,cd1_0.measured_date_time from clinicaldata cd1_0 where cd1_0.patient_id=?
2026-08-26 03:38:09 TRACE org.hibernate.orm.jdbc.bind - binding parameter (1:BIGINT) <- [15]
2026-08-26 03:38:09 DEBUG org.hibernate.SQL - select cd1_0.patient_id,cd1_0.id,cd1_0.component_name,cd1_0.component_value,cd1_0.measured_date_time from clinicaldata cd1_0 where cd1_0.patient_id=?
2026-08-26 03:38:09 TRACE org.hibernate.orm.jdbc.bind - binding parameter (1:BIGINT) <- [14]
2026-08-26 03:38:09 DEBUG org.hibernate.SQL - select cd1_0.patient_id,cd1_0.id,cd1_0.component_name,cd1_0.component_value,cd1_0.measured_date_time from clinicaldata cd1_0 where cd1_0.patient_id=?
2026-08-26 03:38:09 TRACE org.hibernate.orm.jdbc.bind - binding parameter (1:BIGINT) <- [13]
2026-08-26 03:38:09 DEBUG org.hibernate.SQL - select cd1_0.patient_id,cd1_0.id,cd1_0.component_name,cd1_0.component_value,cd1_0.measured_date_time from clinicaldata cd1_0 where cd1_0.patient_id=?
2026-08-26 03:38:09 TRACE org.hibernate.orm.jdbc.bind - binding parameter (1:BIGINT) <- [12]
2026-08-26 03:38:09 DEBUG org.hibernate.SQL - select cd1_0.patient_id,cd1_0.id,cd1_0.component_name,cd1_0.component_value,cd1_0.measured_date_time from clinicaldata cd1_0 where cd1_0.patient_id=?
2026-08-26 03:38:09 TRACE org.hibernate.orm.jdbc.bind - binding parameter (1:BIGINT) <- [11]
2026-08-26 03:38:09 DEBUG org.hibernate.SQL - select cd1_0.patient_id,cd1_0.id,cd1_0.component_name,cd1_0.component_value,cd1_0.measured_date_time from clinicaldata cd1_0 where cd1_0.patient_id=?
2026-08-26 03:38:09 TRACE org.hibernate.orm.jdbc.bind - binding parameter (1:BIGINT) <- [10]
2026-08-26 03:38:09 DEBUG org.hibernate.SQL - select cd1_0.patient_id,cd1_0.id,cd1_0.component_name,cd1_0.component_value,cd1_0.measured_date_time from clinicaldata cd1_0 where cd1_0.patient_id=?
2026-08-26 03:38:09 TRACE org.hibernate.orm.jdbc.bind - binding parameter (1:BIGINT) <- [9]
2026-08-26 03:38:09 DEBUG org.hibernate.SQL - select cd1_0.patient_id,cd1_0.id,cd1_0.component_name,cd1_0.component_value,cd1_0.measured_date_time from clinicaldata cd1_0 where cd1_0.patient_id=?
2026-08-26 03:38:09 TRACE org.hibernate.orm.jdbc.bind - binding parameter (1:BIGINT) <- [8]
2026-08-26 03:38:09 DEBUG org.hibernate.SQL - select cd1_0.patient_id,cd1_0.id,cd1_0.component_name,cd1_0.component_value,cd1_0.measured_date_time from clinicaldata cd1_0 where cd1_0.patient_id=?
2026-08-26 03:38:09 TRACE org.hibernate.orm.jdbc.bind - binding parameter (1:BIGINT) <- [7]
2026-08-26 03:38:09 DEBUG org.hibernate.SQL - select cd1_0.patient_id,cd1_0.id,cd1_0.component_name,cd1_0.component_value,cd1_0.measured_date_time from clinicaldata cd1_0 where cd1_0.patient_id=?
2026-08-26 03:38:09 TRACE org.hibernate.orm.jdbc.bind - binding parameter (1:BIGINT) <- [6]
2026-08-26 03:38:09 DEBUG org.hibernate.SQL - select cd1_0.patient_id,cd1_0.id,cd1_0.component_name,cd1_0.component_value,cd1_0.measured_date_time from clinicaldata cd1_0 where cd1_0.patient_id=?
2026-08-26 03:38:09 TRACE org.hibernate.orm.jdbc.bind - binding parameter (1:BIGINT) <- [5]
2026-08-26 03:38:09 DEBUG org.hibernate.SQL - select cd1_0.patient_id,cd1_0.id,cd1_0.component_name,cd1_0.component_value,cd1_0.measured_date_time from clinicaldata cd1_0 where cd1_0.patient_id=?
2026-08-26 03:38:09 TRACE org.hibernate.orm.jdbc.bind - binding parameter (1:BIGINT) <- [4]
2026-08-26 03:38:09 DEBUG org.hibernate.SQL - select cd1_0.patient_id,cd1_0.id,cd1_0.component_name,cd1_0.component_value,cd1_0.measured_date_time from clinicaldata cd1_0 where cd1_0.patient_id=?
2026-08-26 03:38:09 TRACE org.hibernate.orm.jdbc.bind - binding parameter (1:BIGINT) <- [3]
2026-08-26 03:38:09 DEBUG org.hibernate.SQL - select cd1_0.patient_id,cd1_0.id,cd1_0.component_name,cd1_0.component_value,cd1_0.measured_date_time from clinicaldata cd1_0 where cd1_0.patient_id=?
2026-08-26 03:38:09 TRACE org.hibernate.orm.jdbc.bind - binding parameter (1:BIGINT) <- [2]
2026-08-26 03:38:09 DEBUG org.hibernate.SQL - select cd1_0.patient_id,cd1_0.id,cd1_0.component_name,cd1_0.component_value,cd1_0.measured_date_time from clinicaldata cd1_0 where cd1_0.patient_id=?
2026-08-26 03:38:09 TRACE org.hibernate.orm.jdbc.bind - binding parameter (1:BIGINT) <- [1]
2026-08-26 03:38:09 INFO  c.v.c.p.r.PatientController - Fetching all patients
2026-08-26 03:38:09 DEBUG org.hibernate.SQL - select p1_0.id,p1_0.age,p1_0.first_name,p1_0.last_name from patient p1_0
2026-08-26 03:38:09 DEBUG org.hibernate.SQL - select cd1_0.patient_id,cd1_0.id,cd1_0.component_name,cd1_0.component_value,cd1_0.measured_date_time from clinicaldata cd1_0 where cd1_0.patient_id=?
2026-08-26 03:38:09 TRACE org.hibernate.orm.jdbc.bind - binding parameter (1:BIGINT) <- [17]
2026-08-26 03:38:09 DEBUG org.hibernate.SQL - select cd1_0.patient_id,cd1_0.id,cd1_0.component_name,cd1_0.component_value,cd1_0.measured_date_time from clinicaldata cd1_0 where cd1_0.patient_id=?
2026-08-26 03:38:09 TRACE org.hibernate.orm.jdbc.bind - binding parameter (1:BIGINT) <- [16]
2026-08-26 03:38:09 DEBUG org.hibernate.SQL - select cd1_0.patient_id,cd1_0.id,cd1_0.component_name,cd1_0.component_value,cd1_0.measured_date_time from clinicaldata cd1_0 where cd1_0.patient_id=?
2026-08-26 03:38:09 TRACE org.hibernate.orm.jdbc.bind - binding parameter (1:BIGINT) <- [15]
2026-08-26 03:38:09 DEBUG org.hibernate.SQL - select cd1_0.patient_id,cd1_0.id,cd1_0.component_name,cd1_0.component_value,cd1_0.measured_date_time from clinicaldata cd1_0 where cd1_0.patient_id=?
2026-08-26 03:38:09 TRACE org.hibernate.orm.jdbc.bind - binding parameter (1:BIGINT) <- [14]
2026-08-26 03:38:09 DEBUG org.hibernate.SQL - select cd1_0.patient_id,cd1_0.id,cd1_0.component_name,cd1_0.component_value,cd1_0.measured_date_time from clinicaldata cd1_0 where cd1_0.patient_id=?
2026-08-26 03:38:09 TRACE org.hibernate.orm.jdbc.bind - binding parameter (1:BIGINT) <- [13]
2026-08-26 03:38:09 DEBUG org.hibernate.SQL - select cd1_0.patient_id,cd1_0.id,cd1_0.component_name,cd1_0.component_value,cd1_0.measured_date_time from clinicaldata cd1_0 where cd1_0.patient_id=?
2026-08-26 03:38:09 TRACE org.hibernate.orm.jdbc.bind - binding parameter (1:BIGINT) <- [12]
2026-08-26 03:38:09 DEBUG org.hibernate.SQL - select cd1_0.patient_id,cd1_0.id,cd1_0.component_name,cd1_0.component_value,cd1_0.measured_date_time from clinicaldata cd1_0 where cd1_0.patient_id=?
2026-08-26 03:38:09 TRACE org.hibernate.orm.jdbc.bind - binding parameter (1:BIGINT) <- [11]
2026-08-26 03:38:09 DEBUG org.hibernate.SQL - select cd1_0.patient_id,cd1_0.id,cd1_0.component_name,cd1_0.component_value,cd1_0.measured_date_time from clinicaldata cd1_0 where cd1_0.patient_id=?
2026-08-26 03:38:09 TRACE org.hibernate.orm.jdbc.bind - binding parameter (1:BIGINT) <- [10]
2026-08-26 03:38:09 DEBUG org.hibernate.SQL - select cd1_0.patient_id,cd1_0.id,cd1_0.component_name,cd1_0.component_value,cd1_0.measured_date_time from clinicaldata cd1_0 where cd1_0.patient_id=?
2026-08-26 03:38:09 TRACE org.hibernate.orm.jdbc.bind - binding parameter (1:BIGINT) <- [9]
2026-08-26 03:38:09 DEBUG org.hibernate.SQL - select cd1_0.patient_id,cd1_0.id,cd1_0.component_name,cd1_0.component_value,cd1_0.measured_date_time from clinicaldata cd1_0 where cd1_0.patient_id=?
2026-08-26 03:38:09 TRACE org.hibernate.orm.jdbc.bind - binding parameter (1:BIGINT) <- [8]
2026-08-26 03:38:10 DEBUG org.hibernate.SQL - select cd1_0.patient_id,cd1_0.id,cd1_0.component_name,cd1_0.component_value,cd1_0.measured_date_time from clinicaldata cd1_0 where cd1_0.patient_id=?
2026-08-26 03:38:10 TRACE org.hibernate.orm.jdbc.bind - binding parameter (1:BIGINT) <- [7]
2026-08-26 03:38:10 DEBUG org.hibernate.SQL - select cd1_0.patient_id,cd1_0.id,cd1_0.component_name,cd1_0.component_value,cd1_0.measured_date_time from clinicaldata cd1_0 where cd1_0.patient_id=?
2026-08-26 03:38:10 TRACE org.hibernate.orm.jdbc.bind - binding parameter (1:BIGINT) <- [6]
2026-08-26 03:38:10 DEBUG org.hibernate.SQL - select cd1_0.patient_id,cd1_0.id,cd1_0.component_name,cd1_0.component_value,cd1_0.measured_date_time from clinicaldata cd1_0 where cd1_0.patient_id=?
2026-08-26 03:38:10 TRACE org.hibernate.orm.jdbc.bind - binding parameter (1:BIGINT) <- [5]
2026-08-26 03:38:10 DEBUG org.hibernate.SQL - select cd1_0.patient_id,cd1_0.id,cd1_0.component_name,cd1_0.component_value,cd1_0.measured_date_time from clinicaldata cd1_0 where cd1_0.patient_id=?
2026-08-26 03:38:10 TRACE org.hibernate.orm.jdbc.bind - binding parameter (1:BIGINT) <- [4]
2026-08-26 03:38:10 DEBUG org.hibernate.SQL - select cd1_0.patient_id,cd1_0.id,cd1_0.component_name,cd1_0.component_value,cd1_0.measured_date_time from clinicaldata cd1_0 where cd1_0.patient_id=?
2026-08-26 03:38:10 TRACE org.hibernate.orm.jdbc.bind - binding parameter (1:BIGINT) <- [3]
2026-08-26 03:38:10 DEBUG org.hibernate.SQL - select cd1_0.patient_id,cd1_0.id,cd1_0.component_name,cd1_0.component_value,cd1_0.measured_date_time from clinicaldata cd1_0 where cd1_0.patient_id=?
2026-08-26 03:38:10 TRACE org.hibernate.orm.jdbc.bind - binding parameter (1:BIGINT) <- [2]
2026-08-26 03:38:10 DEBUG org.hibernate.SQL - select cd1_0.patient_id,cd1_0.id,cd1_0.component_name,cd1_0.component_value,cd1_0.measured_date_time from clinicaldata cd1_0 where cd1_0.patient_id=?
2026-08-26 03:38:10 TRACE org.hibernate.orm.jdbc.bind - binding parameter (1:BIGINT) <- [1]
2026-08-26 03:40:32 INFO  c.v.c.p.r.PatientController - Fetching all patients
2026-08-26 03:40:32 DEBUG org.hibernate.SQL - select p1_0.id,p1_0.age,p1_0.first_name,p1_0.last_name from patient p1_0
2026-08-26 03:40:32 DEBUG org.hibernate.SQL - select cd1_0.patient_id,cd1_0.id,cd1_0.component_name,cd1_0.component_value,cd1_0.measured_date_time from clinicaldata cd1_0 where cd1_0.patient_id=?
2026-08-26 03:40:32 TRACE org.hibernate.orm.jdbc.bind - binding parameter (1:BIGINT) <- [17]
2026-08-26 03:40:32 DEBUG org.hibernate.SQL - select cd1_0.patient_id,cd1_0.id,cd1_0.component_name,cd1_0.component_value,cd1_0.measured_date_time from clinicaldata cd1_0 where cd1_0.patient_id=?
2026-08-26 03:40:32 TRACE org.hibernate.orm.jdbc.bind - binding parameter (1:BIGINT) <- [16]
2026-08-26 03:40:32 DEBUG org.hibernate.SQL - select cd1_0.patient_id,cd1_0.id,cd1_0.component_name,cd1_0.component_value,cd1_0.measured_date_time from clinicaldata cd1_0 where cd1_0.patient_id=?
2026-08-26 03:40:32 TRACE org.hibernate.orm.jdbc.bind - binding parameter (1:BIGINT) <- [15]
2026-08-26 03:40:32 DEBUG org.hibernate.SQL - select cd1_0.patient_id,cd1_0.id,cd1_0.component_name,cd1_0.component_value,cd1_0.measured_date_time from clinicaldata cd1_0 where cd1_0.patient_id=?
2026-08-26 03:40:32 TRACE org.hibernate.orm.jdbc.bind - binding parameter (1:BIGINT) <- [14]
2026-08-26 03:40:32 DEBUG org.hibernate.SQL - select cd1_0.patient_id,cd1_0.id,cd1_0.component_name,cd1_0.component_value,cd1_0.measured_date_time from clinicaldata cd1_0 where cd1_0.patient_id=?
2026-08-26 03:40:32 TRACE org.hibernate.orm.jdbc.bind - binding parameter (1:BIGINT) <- [13]
2026-08-26 03:40:32 DEBUG org.hibernate.SQL - select cd1_0.patient_id,cd1_0.id,cd1_0.component_name,cd1_0.component_value,cd1_0.measured_date_time from clinicaldata cd1_0 where cd1_0.patient_id=?
2026-08-26 03:40:32 TRACE org.hibernate.orm.jdbc.bind - binding parameter (1:BIGINT) <- [12]
2026-08-26 03:40:32 DEBUG org.hibernate.SQL - select cd1_0.patient_id,cd1_0.id,cd1_0.component_name,cd1_0.component_value,cd1_0.measured_date_time from clinicaldata cd1_0 where cd1_0.patient_id=?
2026-08-26 03:40:32 TRACE org.hibernate.orm.jdbc.bind - binding parameter (1:BIGINT) <- [11]
2026-08-26 03:40:32 DEBUG org.hibernate.SQL - select cd1_0.patient_id,cd1_0.id,cd1_0.component_name,cd1_0.component_value,cd1_0.measured_date_time from clinicaldata cd1_0 where cd1_0.patient_id=?
2026-08-26 03:40:32 TRACE org.hibernate.orm.jdbc.bind - binding parameter (1:BIGINT) <- [10]
2026-08-26 03:40:32 DEBUG org.hibernate.SQL - select cd1_0.patient_id,cd1_0.id,cd1_0.component_name,cd1_0.component_value,cd1_0.measured_date_time from clinicaldata cd1_0 where cd1_0.patient_id=?
2026-08-26 03:40:32 TRACE org.hibernate.orm.jdbc.bind - binding parameter (1:BIGINT) <- [9]
2026-08-26 03:40:32 DEBUG org.hibernate.SQL - select cd1_0.patient_id,cd1_0.id,cd1_0.component_name,cd1_0.component_value,cd1_0.measured_date_time from clinicaldata cd1_0 where cd1_0.patient_id=?
2026-08-26 03:40:32 TRACE org.hibernate.orm.jdbc.bind - binding parameter (1:BIGINT) <- [8]
2026-08-26 03:40:32 DEBUG org.hibernate.SQL - select cd1_0.patient_id,cd1_0.id,cd1_0.component_name,cd1_0.component_value,cd1_0.measured_date_time from clinicaldata cd1_0 where cd1_0.patient_id=?
2026-08-26 03:40:32 TRACE org.hibernate.orm.jdbc.bind - binding parameter (1:BIGINT) <- [7]
2026-08-26 03:40:32 DEBUG org.hibernate.SQL - select cd1_0.patient_id,cd1_0.id,cd1_0.component_name,cd1_0.component_value,cd1_0.measured_date_time from clinicaldata cd1_0 where cd1_0.patient_id=?
2026-08-26 03:40:32 TRACE org.hibernate.orm.jdbc.bind - binding parameter (1:BIGINT) <- [6]
2026-08-26 03:40:32 DEBUG org.hibernate.SQL - select cd1_0.patient_id,cd1_0.id,cd1_0.component_name,cd1_0.component_value,cd1_0.measured_date_time from clinicaldata cd1_0 where cd1_0.patient_id=?
2026-08-26 03:40:32 TRACE org.hibernate.orm.jdbc.bind - binding parameter (1:BIGINT) <- [5]
2026-08-26 03:40:32 DEBUG org.hibernate.SQL - select cd1_0.patient_id,cd1_0.id,cd1_0.component_name,cd1_0.component_value,cd1_0.measured_date_time from clinicaldata cd1_0 where cd1_0.patient_id=?
2026-08-26 03:40:32 TRACE org.hibernate.orm.jdbc.bind - binding parameter (1:BIGINT) <- [4]
2026-08-26 03:40:32 DEBUG org.hibernate.SQL - select cd1_0.patient_id,cd1_0.id,cd1_0.component_name,cd1_0.component_value,cd1_0.measured_date_time from clinicaldata cd1_0 where cd1_0.patient_id=?
2026-08-26 03:40:32 TRACE org.hibernate.orm.jdbc.bind - binding parameter (1:BIGINT) <- [3]
2026-08-26 03:40:32 DEBUG org.hibernate.SQL - select cd1_0.patient_id,cd1_0.id,cd1_0.component_name,cd1_0.component_value,cd1_0.measured_date_time from clinicaldata cd1_0 where cd1_0.patient_id=?
2026-08-26 03:40:32 TRACE org.hibernate.orm.jdbc.bind - binding parameter (1:BIGINT) <- [2]
2026-08-26 03:40:32 DEBUG org.hibernate.SQL - select cd1_0.patient_id,cd1_0.id,cd1_0.component_name,cd1_0.component_value,cd1_0.measured_date_time from clinicaldata cd1_0 where cd1_0.patient_id=?
2026-08-26 03:40:32 TRACE org.hibernate.orm.jdbc.bind - binding parameter (1:BIGINT) <- [1]
2026-08-26 03:40:32 INFO  c.v.c.p.r.PatientController - Fetching all patients
2026-08-26 03:40:32 DEBUG org.hibernate.SQL - select p1_0.id,p1_0.age,p1_0.first_name,p1_0.last_name from patient p1_0
2026-08-26 03:40:32 DEBUG org.hibernate.SQL - select cd1_0.patient_id,cd1_0.id,cd1_0.component_name,cd1_0.component_value,cd1_0.measured_date_time from clinicaldata cd1_0 where cd1_0.patient_id=?
2026-08-26 03:40:32 TRACE org.hibernate.orm.jdbc.bind - binding parameter (1:BIGINT) <- [17]
2026-08-26 03:40:32 DEBUG org.hibernate.SQL - select cd1_0.patient_id,cd1_0.id,cd1_0.component_name,cd1_0.component_value,cd1_0.measured_date_time from clinicaldata cd1_0 where cd1_0.patient_id=?
2026-08-26 03:40:32 TRACE org.hibernate.orm.jdbc.bind - binding parameter (1:BIGINT) <- [16]
2026-08-26 03:40:32 DEBUG org.hibernate.SQL - select cd1_0.patient_id,cd1_0.id,cd1_0.component_name,cd1_0.component_value,cd1_0.measured_date_time from clinicaldata cd1_0 where cd1_0.patient_id=?
2026-08-26 03:40:32 TRACE org.hibernate.orm.jdbc.bind - binding parameter (1:BIGINT) <- [15]
2026-08-26 03:40:32 DEBUG org.hibernate.SQL - select cd1_0.patient_id,cd1_0.id,cd1_0.component_name,cd1_0.component_value,cd1_0.measured_date_time from clinicaldata cd1_0 where cd1_0.patient_id=?
2026-08-26 03:40:32 TRACE org.hibernate.orm.jdbc.bind - binding parameter (1:BIGINT) <- [14]
2026-08-26 03:40:32 DEBUG org.hibernate.SQL - select cd1_0.patient_id,cd1_0.id,cd1_0.component_name,cd1_0.component_value,cd1_0.measured_date_time from clinicaldata cd1_0 where cd1_0.patient_id=?
2026-08-26 03:40:32 TRACE org.hibernate.orm.jdbc.bind - binding parameter (1:BIGINT) <- [13]
2026-08-26 03:40:32 DEBUG org.hibernate.SQL - select cd1_0.patient_id,cd1_0.id,cd1_0.component_name,cd1_0.component_value,cd1_0.measured_date_time from clinicaldata cd1_0 where cd1_0.patient_id=?
2026-08-26 03:40:32 TRACE org.hibernate.orm.jdbc.bind - binding parameter (1:BIGINT) <- [12]
2026-08-26 03:40:32 DEBUG org.hibernate.SQL - select cd1_0.patient_id,cd1_0.id,cd1_0.component_name,cd1_0.component_value,cd1_0.measured_date_time from clinicaldata cd1_0 where cd1_0.patient_id=?
2026-08-26 03:40:32 TRACE org.hibernate.orm.jdbc.bind - binding parameter (1:BIGINT) <- [11]
2026-08-26 03:40:32 DEBUG org.hibernate.SQL - select cd1_0.patient_id,cd1_0.id,cd1_0.component_name,cd1_0.component_value,cd1_0.measured_date_time from clinicaldata cd1_0 where cd1_0.patient_id=?
2026-08-26 03:40:32 TRACE org.hibernate.orm.jdbc.bind - binding parameter (1:BIGINT) <- [10]
2026-08-26 03:40:32 DEBUG org.hibernate.SQL - select cd1_0.patient_id,cd1_0.id,cd1_0.component_name,cd1_0.component_value,cd1_0.measured_date_time from clinicaldata cd1_0 where cd1_0.patient_id=?
2026-08-26 03:40:32 TRACE org.hibernate.orm.jdbc.bind - binding parameter (1:BIGINT) <- [9]
2026-08-26 03:40:32 DEBUG org.hibernate.SQL - select cd1_0.patient_id,cd1_0.id,cd1_0.component_name,cd1_0.component_value,cd1_0.measured_date_time from clinicaldata cd1_0 where cd1_0.patient_id=?
2026-08-26 03:40:32 TRACE org.hibernate.orm.jdbc.bind - binding parameter (1:BIGINT) <- [8]
2026-08-26 03:40:32 DEBUG org.hibernate.SQL - select cd1_0.patient_id,cd1_0.id,cd1_0.component_name,cd1_0.component_value,cd1_0.measured_date_time from clinicaldata cd1_0 where cd1_0.patient_id=?
2026-08-26 03:40:32 TRACE org.hibernate.orm.jdbc.bind - binding parameter (1:BIGINT) <- [7]
2026-08-26 03:40:32 DEBUG org.hibernate.SQL - select cd1_0.patient_id,cd1_0.id,cd1_0.component_name,cd1_0.component_value,cd1_0.measured_date_time from clinicaldata cd1_0 where cd1_0.patient_id=?
2026-08-26 03:40:32 TRACE org.hibernate.orm.jdbc.bind - binding parameter (1:BIGINT) <- [6]
2026-08-26 03:40:32 DEBUG org.hibernate.SQL - select cd1_0.patient_id,cd1_0.id,cd1_0.component_name,cd1_0.component_value,cd1_0.measured_date_time from clinicaldata cd1_0 where cd1_0.patient_id=?
2026-08-26 03:40:32 TRACE org.hibernate.orm.jdbc.bind - binding parameter (1:BIGINT) <- [5]
2026-08-26 03:40:32 DEBUG org.hibernate.SQL - select cd1_0.patient_id,cd1_0.id,cd1_0.component_name,cd1_0.component_value,cd1_0.measured_date_time from clinicaldata cd1_0 where cd1_0.patient_id=?
2026-08-26 03:40:32 TRACE org.hibernate.orm.jdbc.bind - binding parameter (1:BIGINT) <- [4]
2026-08-26 03:40:32 DEBUG org.hibernate.SQL - select cd1_0.patient_id,cd1_0.id,cd1_0.component_name,cd1_0.component_value,cd1_0.measured_date_time from clinicaldata cd1_0 where cd1_0.patient_id=?
2026-08-26 03:40:32 TRACE org.hibernate.orm.jdbc.bind - binding parameter (1:BIGINT) <- [3]
2026-08-26 03:40:32 DEBUG org.hibernate.SQL - select cd1_0.patient_id,cd1_0.id,cd1_0.component_name,cd1_0.component_value,cd1_0.measured_date_time from clinicaldata cd1_0 where cd1_0.patient_id=?
2026-08-26 03:40:32 TRACE org.hibernate.orm.jdbc.bind - binding parameter (1:BIGINT) <- [2]
2026-08-26 03:40:32 DEBUG org.hibernate.SQL - select cd1_0.patient_id,cd1_0.id,cd1_0.component_name,cd1_0.component_value,cd1_0.measured_date_time from clinicaldata cd1_0 where cd1_0.patient_id=?
2026-08-26 03:40:32 TRACE org.hibernate.orm.jdbc.bind - binding parameter (1:BIGINT) <- [1]
2026-08-26 03:40:41 INFO  c.v.c.p.r.PatientController - Fetching all patients
2026-08-26 03:40:41 DEBUG org.hibernate.SQL - select p1_0.id,p1_0.age,p1_0.first_name,p1_0.last_name from patient p1_0
2026-08-26 03:40:41 DEBUG org.hibernate.SQL - select cd1_0.patient_id,cd1_0.id,cd1_0.component_name,cd1_0.component_value,cd1_0.measured_date_time from clinicaldata cd1_0 where cd1_0.patient_id=?
2026-08-26 03:40:41 TRACE org.hibernate.orm.jdbc.bind - binding parameter (1:BIGINT) <- [17]
2026-08-26 03:40:41 DEBUG org.hibernate.SQL - select cd1_0.patient_id,cd1_0.id,cd1_0.component_name,cd1_0.component_value,cd1_0.measured_date_time from clinicaldata cd1_0 where cd1_0.patient_id=?
2026-08-26 03:40:41 TRACE org.hibernate.orm.jdbc.bind - binding parameter (1:BIGINT) <- [16]
2026-08-26 03:40:41 DEBUG org.hibernate.SQL - select cd1_0.patient_id,cd1_0.id,cd1_0.component_name,cd1_0.component_value,cd1_0.measured_date_time from clinicaldata cd1_0 where cd1_0.patient_id=?
2026-08-26 03:40:41 TRACE org.hibernate.orm.jdbc.bind - binding parameter (1:BIGINT) <- [15]
2026-08-26 03:40:41 DEBUG org.hibernate.SQL - select cd1_0.patient_id,cd1_0.id,cd1_0.component_name,cd1_0.component_value,cd1_0.measured_date_time from clinicaldata cd1_0 where cd1_0.patient_id=?
2026-08-26 03:40:41 TRACE org.hibernate.orm.jdbc.bind - binding parameter (1:BIGINT) <- [14]
2026-08-26 03:40:41 DEBUG org.hibernate.SQL - select cd1_0.patient_id,cd1_0.id,cd1_0.component_name,cd1_0.component_value,cd1_0.measured_date_time from clinicaldata cd1_0 where cd1_0.patient_id=?
2026-08-26 03:40:41 TRACE org.hibernate.orm.jdbc.bind - binding parameter (1:BIGINT) <- [13]
2026-08-26 03:40:41 DEBUG org.hibernate.SQL - select cd1_0.patient_id,cd1_0.id,cd1_0.component_name,cd1_0.component_value,cd1_0.measured_date_time from clinicaldata cd1_0 where cd1_0.patient_id=?
2026-08-26 03:40:41 TRACE org.hibernate.orm.jdbc.bind - binding parameter (1:BIGINT) <- [12]
2026-08-26 03:40:41 DEBUG org.hibernate.SQL - select cd1_0.patient_id,cd1_0.id,cd1_0.component_name,cd1_0.component_value,cd1_0.measured_date_time from clinicaldata cd1_0 where cd1_0.patient_id=?
2026-08-26 03:40:41 TRACE org.hibernate.orm.jdbc.bind - binding parameter (1:BIGINT) <- [11]
2026-08-26 03:40:41 DEBUG org.hibernate.SQL - select cd1_0.patient_id,cd1_0.id,cd1_0.component_name,cd1_0.component_value,cd1_0.measured_date_time from clinicaldata cd1_0 where cd1_0.patient_id=?
2026-08-26 03:40:41 TRACE org.hibernate.orm.jdbc.bind - binding parameter (1:BIGINT) <- [10]
2026-08-26 03:40:41 DEBUG org.hibernate.SQL - select cd1_0.patient_id,cd1_0.id,cd1_0.component_name,cd1_0.component_value,cd1_0.measured_date_time from clinicaldata cd1_0 where cd1_0.patient_id=?
2026-08-26 03:40:41 TRACE org.hibernate.orm.jdbc.bind - binding parameter (1:BIGINT) <- [9]
2026-08-26 03:40:41 DEBUG org.hibernate.SQL - select cd1_0.patient_id,cd1_0.id,cd1_0.component_name,cd1_0.component_value,cd1_0.measured_date_time from clinicaldata cd1_0 where cd1_0.patient_id=?
2026-08-26 03:40:41 TRACE org.hibernate.orm.jdbc.bind - binding parameter (1:BIGINT) <- [8]
2026-08-26 03:40:41 DEBUG org.hibernate.SQL - select cd1_0.patient_id,cd1_0.id,cd1_0.component_name,cd1_0.component_value,cd1_0.measured_date_time from clinicaldata cd1_0 where cd1_0.patient_id=?
2026-08-26 03:40:41 TRACE org.hibernate.orm.jdbc.bind - binding parameter (1:BIGINT) <- [7]
2026-08-26 03:40:41 DEBUG org.hibernate.SQL - select cd1_0.patient_id,cd1_0.id,cd1_0.component_name,cd1_0.component_value,cd1_0.measured_date_time from clinicaldata cd1_0 where cd1_0.patient_id=?
2026-08-26 03:40:41 TRACE org.hibernate.orm.jdbc.bind - binding parameter (1:BIGINT) <- [6]
2026-08-26 03:40:41 DEBUG org.hibernate.SQL - select cd1_0.patient_id,cd1_0.id,cd1_0.component_name,cd1_0.component_value,cd1_0.measured_date_time from clinicaldata cd1_0 where cd1_0.patient_id=?
2026-08-26 03:40:41 TRACE org.hibernate.orm.jdbc.bind - binding parameter (1:BIGINT) <- [5]
2026-08-26 03:40:41 DEBUG org.hibernate.SQL - select cd1_0.patient_id,cd1_0.id,cd1_0.component_name,cd1_0.component_value,cd1_0.measured_date_time from clinicaldata cd1_0 where cd1_0.patient_id=?
2026-08-26 03:40:41 TRACE org.hibernate.orm.jdbc.bind - binding parameter (1:BIGINT) <- [4]
2026-08-26 03:40:41 DEBUG org.hibernate.SQL - select cd1_0.patient_id,cd1_0.id,cd1_0.component_name,cd1_0.component_value,cd1_0.measured_date_time from clinicaldata cd1_0 where cd1_0.patient_id=?
2026-08-26 03:40:41 TRACE org.hibernate.orm.jdbc.bind - binding parameter (1:BIGINT) <- [3]
2026-08-26 03:40:41 DEBUG org.hibernate.SQL - select cd1_0.patient_id,cd1_0.id,cd1_0.component_name,cd1_0.component_value,cd1_0.measured_date_time from clinicaldata cd1_0 where cd1_0.patient_id=?
2026-08-26 03:40:41 TRACE org.hibernate.orm.jdbc.bind - binding parameter (1:BIGINT) <- [2]
2026-08-26 03:40:41 DEBUG org.hibernate.SQL - select cd1_0.patient_id,cd1_0.id,cd1_0.component_name,cd1_0.component_value,cd1_0.measured_date_time from clinicaldata cd1_0 where cd1_0.patient_id=?
2026-08-26 03:40:41 TRACE org.hibernate.orm.jdbc.bind - binding parameter (1:BIGINT) <- [1]
2026-08-26 03:40:41 INFO  c.v.c.p.r.PatientController - Fetching all patients
2026-08-26 03:40:41 DEBUG org.hibernate.SQL - select p1_0.id,p1_0.age,p1_0.first_name,p1_0.last_name from patient p1_0
2026-08-26 03:40:41 DEBUG org.hibernate.SQL - select cd1_0.patient_id,cd1_0.id,cd1_0.component_name,cd1_0.component_value,cd1_0.measured_date_time from clinicaldata cd1_0 where cd1_0.patient_id=?
2026-08-26 03:40:41 TRACE org.hibernate.orm.jdbc.bind - binding parameter (1:BIGINT) <- [17]
2026-08-26 03:40:41 DEBUG org.hibernate.SQL - select cd1_0.patient_id,cd1_0.id,cd1_0.component_name,cd1_0.component_value,cd1_0.measured_date_time from clinicaldata cd1_0 where cd1_0.patient_id=?
2026-08-26 03:40:41 TRACE org.hibernate.orm.jdbc.bind - binding parameter (1:BIGINT) <- [16]
2026-08-26 03:40:41 DEBUG org.hibernate.SQL - select cd1_0.patient_id,cd1_0.id,cd1_0.component_name,cd1_0.component_value,cd1_0.measured_date_time from clinicaldata cd1_0 where cd1_0.patient_id=?
2026-08-26 03:40:41 TRACE org.hibernate.orm.jdbc.bind - binding parameter (1:BIGINT) <- [15]
2026-08-26 03:40:41 DEBUG org.hibernate.SQL - select cd1_0.patient_id,cd1_0.id,cd1_0.component_name,cd1_0.component_value,cd1_0.measured_date_time from clinicaldata cd1_0 where cd1_0.patient_id=?
2026-08-26 03:40:41 TRACE org.hibernate.orm.jdbc.bind - binding parameter (1:BIGINT) <- [14]
2026-08-26 03:40:41 DEBUG org.hibernate.SQL - select cd1_0.patient_id,cd1_0.id,cd1_0.component_name,cd1_0.component_value,cd1_0.measured_date_time from clinicaldata cd1_0 where cd1_0.patient_id=?
2026-08-26 03:40:41 TRACE org.hibernate.orm.jdbc.bind - binding parameter (1:BIGINT) <- [13]
2026-08-26 03:40:41 DEBUG org.hibernate.SQL - select cd1_0.patient_id,cd1_0.id,cd1_0.component_name,cd1_0.component_value,cd1_0.measured_date_time from clinicaldata cd1_0 where cd1_0.patient_id=?
2026-08-26 03:40:41 TRACE org.hibernate.orm.jdbc.bind - binding parameter (1:BIGINT) <- [12]
2026-08-26 03:40:41 DEBUG org.hibernate.SQL - select cd1_0.patient_id,cd1_0.id,cd1_0.component_name,cd1_0.component_value,cd1_0.measured_date_time from clinicaldata cd1_0 where cd1_0.patient_id=?
2026-08-26 03:40:41 TRACE org.hibernate.orm.jdbc.bind - binding parameter (1:BIGINT) <- [11]
2026-08-26 03:40:41 DEBUG org.hibernate.SQL - select cd1_0.patient_id,cd1_0.id,cd1_0.component_name,cd1_0.component_value,cd1_0.measured_date_time from clinicaldata cd1_0 where cd1_0.patient_id=?
2026-08-26 03:40:41 TRACE org.hibernate.orm.jdbc.bind - binding parameter (1:BIGINT) <- [10]
2026-08-26 03:40:41 DEBUG org.hibernate.SQL - select cd1_0.patient_id,cd1_0.id,cd1_0.component_name,cd1_0.component_value,cd1_0.measured_date_time from clinicaldata cd1_0 where cd1_0.patient_id=?
2026-08-26 03:40:41 TRACE org.hibernate.orm.jdbc.bind - binding parameter (1:BIGINT) <- [9]
2026-08-26 03:40:41 DEBUG org.hibernate.SQL - select cd1_0.patient_id,cd1_0.id,cd1_0.component_name,cd1_0.component_value,cd1_0.measured_date_time from clinicaldata cd1_0 where cd1_0.patient_id=?
2026-08-26 03:40:41 TRACE org.hibernate.orm.jdbc.bind - binding parameter (1:BIGINT) <- [8]
2026-08-26 03:40:41 DEBUG org.hibernate.SQL - select cd1_0.patient_id,cd1_0.id,cd1_0.component_name,cd1_0.component_value,cd1_0.measured_date_time from clinicaldata cd1_0 where cd1_0.patient_id=?
2026-08-26 03:40:41 TRACE org.hibernate.orm.jdbc.bind - binding parameter (1:BIGINT) <- [7]
2026-08-26 03:40:41 DEBUG org.hibernate.SQL - select cd1_0.patient_id,cd1_0.id,cd1_0.component_name,cd1_0.component_value,cd1_0.measured_date_time from clinicaldata cd1_0 where cd1_0.patient_id=?
2026-08-26 03:40:41 TRACE org.hibernate.orm.jdbc.bind - binding parameter (1:BIGINT) <- [6]
2026-08-26 03:40:41 DEBUG org.hibernate.SQL - select cd1_0.patient_id,cd1_0.id,cd1_0.component_name,cd1_0.component_value,cd1_0.measured_date_time from clinicaldata cd1_0 where cd1_0.patient_id=?
2026-08-26 03:40:41 TRACE org.hibernate.orm.jdbc.bind - binding parameter (1:BIGINT) <- [5]
2026-08-26 03:40:41 DEBUG org.hibernate.SQL - select cd1_0.patient_id,cd1_0.id,cd1_0.component_name,cd1_0.component_value,cd1_0.measured_date_time from clinicaldata cd1_0 where cd1_0.patient_id=?
2026-08-26 03:40:41 TRACE org.hibernate.orm.jdbc.bind - binding parameter (1:BIGINT) <- [4]
2026-08-26 03:40:41 DEBUG org.hibernate.SQL - select cd1_0.patient_id,cd1_0.id,cd1_0.component_name,cd1_0.component_value,cd1_0.measured_date_time from clinicaldata cd1_0 where cd1_0.patient_id=?
2026-08-26 03:40:41 TRACE org.hibernate.orm.jdbc.bind - binding parameter (1:BIGINT) <- [3]
2026-08-26 03:40:41 DEBUG org.hibernate.SQL - select cd1_0.patient_id,cd1_0.id,cd1_0.component_name,cd1_0.component_value,cd1_0.measured_date_time from clinicaldata cd1_0 where cd1_0.patient_id=?
2026-08-26 03:40:41 TRACE org.hibernate.orm.jdbc.bind - binding parameter (1:BIGINT) <- [2]
2026-08-26 03:40:41 DEBUG org.hibernate.SQL - select cd1_0.patient_id,cd1_0.id,cd1_0.component_name,cd1_0.component_value,cd1_0.measured_date_time from clinicaldata cd1_0 where cd1_0.patient_id=?
2026-08-26 03:40:41 TRACE org.hibernate.orm.jdbc.bind - binding parameter (1:BIGINT) <- [1]
2026-08-26 03:47:59 INFO  c.v.c.p.r.PatientController - Fetching all patients
2026-08-26 03:47:59 DEBUG org.hibernate.SQL - select p1_0.id,p1_0.age,p1_0.first_name,p1_0.last_name from patient p1_0
2026-08-26 03:47:59 INFO  c.v.c.p.r.PatientController - Fetching all patients
2026-08-26 03:47:59 DEBUG org.hibernate.SQL - select p1_0.id,p1_0.age,p1_0.first_name,p1_0.last_name from patient p1_0
2026-08-26 03:47:59 DEBUG org.hibernate.SQL - select cd1_0.patient_id,cd1_0.id,cd1_0.component_name,cd1_0.component_value,cd1_0.measured_date_time from clinicaldata cd1_0 where cd1_0.patient_id=?
2026-08-26 03:47:59 TRACE org.hibernate.orm.jdbc.bind - binding parameter (1:BIGINT) <- [17]
2026-08-26 03:47:59 DEBUG org.hibernate.SQL - select cd1_0.patient_id,cd1_0.id,cd1_0.component_name,cd1_0.component_value,cd1_0.measured_date_time from clinicaldata cd1_0 where cd1_0.patient_id=?
2026-08-26 03:47:59 TRACE org.hibernate.orm.jdbc.bind - binding parameter (1:BIGINT) <- [17]
2026-08-26 03:47:59 DEBUG org.hibernate.SQL - select cd1_0.patient_id,cd1_0.id,cd1_0.component_name,cd1_0.component_value,cd1_0.measured_date_time from clinicaldata cd1_0 where cd1_0.patient_id=?
2026-08-26 03:47:59 TRACE org.hibernate.orm.jdbc.bind - binding parameter (1:BIGINT) <- [16]
2026-08-26 03:47:59 DEBUG org.hibernate.SQL - select cd1_0.patient_id,cd1_0.id,cd1_0.component_name,cd1_0.component_value,cd1_0.measured_date_time from clinicaldata cd1_0 where cd1_0.patient_id=?
2026-08-26 03:47:59 DEBUG org.hibernate.SQL - select cd1_0.patient_id,cd1_0.id,cd1_0.component_name,cd1_0.component_value,cd1_0.measured_date_time from clinicaldata cd1_0 where cd1_0.patient_id=?
2026-08-26 03:47:59 TRACE org.hibernate.orm.jdbc.bind - binding parameter (1:BIGINT) <- [16]
2026-08-26 03:47:59 DEBUG org.hibernate.SQL - select cd1_0.patient_id,cd1_0.id,cd1_0.component_name,cd1_0.component_value,cd1_0.measured_date_time from clinicaldata cd1_0 where cd1_0.patient_id=?
2026-08-26 03:47:59 TRACE org.hibernate.orm.jdbc.bind - binding parameter (1:BIGINT) <- [15]
2026-08-26 03:47:59 DEBUG org.hibernate.SQL - select cd1_0.patient_id,cd1_0.id,cd1_0.component_name,cd1_0.component_value,cd1_0.measured_date_time from clinicaldata cd1_0 where cd1_0.patient_id=?
2026-08-26 03:47:59 TRACE org.hibernate.orm.jdbc.bind - binding parameter (1:BIGINT) <- [14]
2026-08-26 03:47:59 DEBUG org.hibernate.SQL - select cd1_0.patient_id,cd1_0.id,cd1_0.component_name,cd1_0.component_value,cd1_0.measured_date_time from clinicaldata cd1_0 where cd1_0.patient_id=?
2026-08-26 03:47:59 TRACE org.hibernate.orm.jdbc.bind - binding parameter (1:BIGINT) <- [15]
2026-08-26 03:47:59 TRACE org.hibernate.orm.jdbc.bind - binding parameter (1:BIGINT) <- [13]
2026-08-26 03:47:59 DEBUG org.hibernate.SQL - select cd1_0.patient_id,cd1_0.id,cd1_0.component_name,cd1_0.component_value,cd1_0.measured_date_time from clinicaldata cd1_0 where cd1_0.patient_id=?
2026-08-26 03:47:59 TRACE org.hibernate.orm.jdbc.bind - binding parameter (1:BIGINT) <- [14]
2026-08-26 03:47:59 DEBUG org.hibernate.SQL - select cd1_0.patient_id,cd1_0.id,cd1_0.component_name,cd1_0.component_value,cd1_0.measured_date_time from clinicaldata cd1_0 where cd1_0.patient_id=?
2026-08-26 03:47:59 TRACE org.hibernate.orm.jdbc.bind - binding parameter (1:BIGINT) <- [12]
2026-08-26 03:47:59 DEBUG org.hibernate.SQL - select cd1_0.patient_id,cd1_0.id,cd1_0.component_name,cd1_0.component_value,cd1_0.measured_date_time from clinicaldata cd1_0 where cd1_0.patient_id=?
2026-08-26 03:47:59 TRACE org.hibernate.orm.jdbc.bind - binding parameter (1:BIGINT) <- [13]
2026-08-26 03:47:59 DEBUG org.hibernate.SQL - select cd1_0.patient_id,cd1_0.id,cd1_0.component_name,cd1_0.component_value,cd1_0.measured_date_time from clinicaldata cd1_0 where cd1_0.patient_id=?
2026-08-26 03:47:59 TRACE org.hibernate.orm.jdbc.bind - binding parameter (1:BIGINT) <- [11]
2026-08-26 03:47:59 DEBUG org.hibernate.SQL - select cd1_0.patient_id,cd1_0.id,cd1_0.component_name,cd1_0.component_value,cd1_0.measured_date_time from clinicaldata cd1_0 where cd1_0.patient_id=?
2026-08-26 03:47:59 TRACE org.hibernate.orm.jdbc.bind - binding parameter (1:BIGINT) <- [10]
2026-08-26 03:47:59 DEBUG org.hibernate.SQL - select cd1_0.patient_id,cd1_0.id,cd1_0.component_name,cd1_0.component_value,cd1_0.measured_date_time from clinicaldata cd1_0 where cd1_0.patient_id=?
2026-08-26 03:47:59 TRACE org.hibernate.orm.jdbc.bind - binding parameter (1:BIGINT) <- [9]
2026-08-26 03:47:59 DEBUG org.hibernate.SQL - select cd1_0.patient_id,cd1_0.id,cd1_0.component_name,cd1_0.component_value,cd1_0.measured_date_time from clinicaldata cd1_0 where cd1_0.patient_id=?
2026-08-26 03:47:59 TRACE org.hibernate.orm.jdbc.bind - binding parameter (1:BIGINT) <- [8]
2026-08-26 03:47:59 DEBUG org.hibernate.SQL - select cd1_0.patient_id,cd1_0.id,cd1_0.component_name,cd1_0.component_value,cd1_0.measured_date_time from clinicaldata cd1_0 where cd1_0.patient_id=?
2026-08-26 03:47:59 TRACE org.hibernate.orm.jdbc.bind - binding parameter (1:BIGINT) <- [7]
2026-08-26 03:47:59 DEBUG org.hibernate.SQL - select cd1_0.patient_id,cd1_0.id,cd1_0.component_name,cd1_0.component_value,cd1_0.measured_date_time from clinicaldata cd1_0 where cd1_0.patient_id=?
2026-08-26 03:47:59 TRACE org.hibernate.orm.jdbc.bind - binding parameter (1:BIGINT) <- [6]
2026-08-26 03:47:59 DEBUG org.hibernate.SQL - select cd1_0.patient_id,cd1_0.id,cd1_0.component_name,cd1_0.component_value,cd1_0.measured_date_time from clinicaldata cd1_0 where cd1_0.patient_id=?
2026-08-26 03:47:59 TRACE org.hibernate.orm.jdbc.bind - binding parameter (1:BIGINT) <- [5]
2026-08-26 03:47:59 DEBUG org.hibernate.SQL - select cd1_0.patient_id,cd1_0.id,cd1_0.component_name,cd1_0.component_value,cd1_0.measured_date_time from clinicaldata cd1_0 where cd1_0.patient_id=?
2026-08-26 03:47:59 TRACE org.hibernate.orm.jdbc.bind - binding parameter (1:BIGINT) <- [4]
2026-08-26 03:47:59 DEBUG org.hibernate.SQL - select cd1_0.patient_id,cd1_0.id,cd1_0.component_name,cd1_0.component_value,cd1_0.measured_date_time from clinicaldata cd1_0 where cd1_0.patient_id=?
2026-08-26 03:47:59 TRACE org.hibernate.orm.jdbc.bind - binding parameter (1:BIGINT) <- [3]
2026-08-26 03:48:00 DEBUG org.hibernate.SQL - select cd1_0.patient_id,cd1_0.id,cd1_0.component_name,cd1_0.component_value,cd1_0.measured_date_time from clinicaldata cd1_0 where cd1_0.patient_id=?
2026-08-26 03:48:00 TRACE org.hibernate.orm.jdbc.bind - binding parameter (1:BIGINT) <- [2]
2026-08-26 03:48:00 DEBUG org.hibernate.SQL - select cd1_0.patient_id,cd1_0.id,cd1_0.component_name,cd1_0.component_value,cd1_0.measured_date_time from clinicaldata cd1_0 where cd1_0.patient_id=?
2026-08-26 03:48:00 TRACE org.hibernate.orm.jdbc.bind - binding parameter (1:BIGINT) <- [1]
2026-08-26 03:48:00 DEBUG org.hibernate.SQL - select cd1_0.patient_id,cd1_0.id,cd1_0.component_name,cd1_0.component_value,cd1_0.measured_date_time from clinicaldata cd1_0 where cd1_0.patient_id=?
2026-08-26 03:48:00 TRACE org.hibernate.orm.jdbc.bind - binding parameter (1:BIGINT) <- [12]
2026-08-26 03:48:00 DEBUG org.hibernate.SQL - select cd1_0.patient_id,cd1_0.id,cd1_0.component_name,cd1_0.component_value,cd1_0.measured_date_time from clinicaldata cd1_0 where cd1_0.patient_id=?
2026-08-26 03:48:00 TRACE org.hibernate.orm.jdbc.bind - binding parameter (1:BIGINT) <- [11]
2026-08-26 03:48:00 DEBUG org.hibernate.SQL - select cd1_0.patient_id,cd1_0.id,cd1_0.component_name,cd1_0.component_value,cd1_0.measured_date_time from clinicaldata cd1_0 where cd1_0.patient_id=?
2026-08-26 03:48:00 TRACE org.hibernate.orm.jdbc.bind - binding parameter (1:BIGINT) <- [10]
2026-08-26 03:48:00 INFO  c.v.c.p.r.PatientController - Fetching all patients
2026-08-26 03:48:00 DEBUG org.hibernate.SQL - select cd1_0.patient_id,cd1_0.id,cd1_0.component_name,cd1_0.component_value,cd1_0.measured_date_time from clinicaldata cd1_0 where cd1_0.patient_id=?
2026-08-26 03:48:00 TRACE org.hibernate.orm.jdbc.bind - binding parameter (1:BIGINT) <- [9]
2026-08-26 03:48:00 DEBUG org.hibernate.SQL - select p1_0.id,p1_0.age,p1_0.first_name,p1_0.last_name from patient p1_0
2026-08-26 03:48:00 DEBUG org.hibernate.SQL - select cd1_0.patient_id,cd1_0.id,cd1_0.component_name,cd1_0.component_value,cd1_0.measured_date_time from clinicaldata cd1_0 where cd1_0.patient_id=?
2026-08-26 03:48:00 TRACE org.hibernate.orm.jdbc.bind - binding parameter (1:BIGINT) <- [8]
2026-08-26 03:48:00 DEBUG org.hibernate.SQL - select cd1_0.patient_id,cd1_0.id,cd1_0.component_name,cd1_0.component_value,cd1_0.measured_date_time from clinicaldata cd1_0 where cd1_0.patient_id=?
2026-08-26 03:48:00 TRACE org.hibernate.orm.jdbc.bind - binding parameter (1:BIGINT) <- [17]
2026-08-26 03:48:00 DEBUG org.hibernate.SQL - select cd1_0.patient_id,cd1_0.id,cd1_0.component_name,cd1_0.component_value,cd1_0.measured_date_time from clinicaldata cd1_0 where cd1_0.patient_id=?
2026-08-26 03:48:00 DEBUG org.hibernate.SQL - select cd1_0.patient_id,cd1_0.id,cd1_0.component_name,cd1_0.component_value,cd1_0.measured_date_time from clinicaldata cd1_0 where cd1_0.patient_id=?
2026-08-26 03:48:00 TRACE org.hibernate.orm.jdbc.bind - binding parameter (1:BIGINT) <- [16]
2026-08-26 03:48:00 TRACE org.hibernate.orm.jdbc.bind - binding parameter (1:BIGINT) <- [7]
2026-08-26 03:48:00 DEBUG org.hibernate.SQL - select cd1_0.patient_id,cd1_0.id,cd1_0.component_name,cd1_0.component_value,cd1_0.measured_date_time from clinicaldata cd1_0 where cd1_0.patient_id=?
2026-08-26 03:48:00 DEBUG org.hibernate.SQL - select cd1_0.patient_id,cd1_0.id,cd1_0.component_name,cd1_0.component_value,cd1_0.measured_date_time from clinicaldata cd1_0 where cd1_0.patient_id=?
2026-08-26 03:48:00 TRACE org.hibernate.orm.jdbc.bind - binding parameter (1:BIGINT) <- [6]
2026-08-26 03:48:00 TRACE org.hibernate.orm.jdbc.bind - binding parameter (1:BIGINT) <- [15]
2026-08-26 03:48:00 DEBUG org.hibernate.SQL - select cd1_0.patient_id,cd1_0.id,cd1_0.component_name,cd1_0.component_value,cd1_0.measured_date_time from clinicaldata cd1_0 where cd1_0.patient_id=?
2026-08-26 03:48:00 DEBUG org.hibernate.SQL - select cd1_0.patient_id,cd1_0.id,cd1_0.component_name,cd1_0.component_value,cd1_0.measured_date_time from clinicaldata cd1_0 where cd1_0.patient_id=?
2026-08-26 03:48:00 TRACE org.hibernate.orm.jdbc.bind - binding parameter (1:BIGINT) <- [14]
2026-08-26 03:48:00 TRACE org.hibernate.orm.jdbc.bind - binding parameter (1:BIGINT) <- [5]
2026-08-26 03:48:00 DEBUG org.hibernate.SQL - select cd1_0.patient_id,cd1_0.id,cd1_0.component_name,cd1_0.component_value,cd1_0.measured_date_time from clinicaldata cd1_0 where cd1_0.patient_id=?
2026-08-26 03:48:00 TRACE org.hibernate.orm.jdbc.bind - binding parameter (1:BIGINT) <- [4]
2026-08-26 03:48:00 DEBUG org.hibernate.SQL - select cd1_0.patient_id,cd1_0.id,cd1_0.component_name,cd1_0.component_value,cd1_0.measured_date_time from clinicaldata cd1_0 where cd1_0.patient_id=?
2026-08-26 03:48:00 TRACE org.hibernate.orm.jdbc.bind - binding parameter (1:BIGINT) <- [13]
2026-08-26 03:48:00 DEBUG org.hibernate.SQL - select cd1_0.patient_id,cd1_0.id,cd1_0.component_name,cd1_0.component_value,cd1_0.measured_date_time from clinicaldata cd1_0 where cd1_0.patient_id=?
2026-08-26 03:48:00 TRACE org.hibernate.orm.jdbc.bind - binding parameter (1:BIGINT) <- [12]
2026-08-26 03:48:00 DEBUG org.hibernate.SQL - select cd1_0.patient_id,cd1_0.id,cd1_0.component_name,cd1_0.component_value,cd1_0.measured_date_time from clinicaldata cd1_0 where cd1_0.patient_id=?
2026-08-26 03:48:00 TRACE org.hibernate.orm.jdbc.bind - binding parameter (1:BIGINT) <- [3]
2026-08-26 03:48:00 DEBUG org.hibernate.SQL - select cd1_0.patient_id,cd1_0.id,cd1_0.component_name,cd1_0.component_value,cd1_0.measured_date_time from clinicaldata cd1_0 where cd1_0.patient_id=?
2026-08-26 03:48:00 TRACE org.hibernate.orm.jdbc.bind - binding parameter (1:BIGINT) <- [11]
2026-08-26 03:48:00 DEBUG org.hibernate.SQL - select cd1_0.patient_id,cd1_0.id,cd1_0.component_name,cd1_0.component_value,cd1_0.measured_date_time from clinicaldata cd1_0 where cd1_0.patient_id=?
2026-08-26 03:48:00 TRACE org.hibernate.orm.jdbc.bind - binding parameter (1:BIGINT) <- [2]
2026-08-26 03:48:00 DEBUG org.hibernate.SQL - select cd1_0.patient_id,cd1_0.id,cd1_0.component_name,cd1_0.component_value,cd1_0.measured_date_time from clinicaldata cd1_0 where cd1_0.patient_id=?
2026-08-26 03:48:00 TRACE org.hibernate.orm.jdbc.bind - binding parameter (1:BIGINT) <- [10]
2026-08-26 03:48:00 DEBUG org.hibernate.SQL - select cd1_0.patient_id,cd1_0.id,cd1_0.component_name,cd1_0.component_value,cd1_0.measured_date_time from clinicaldata cd1_0 where cd1_0.patient_id=?
2026-08-26 03:48:00 DEBUG org.hibernate.SQL - select cd1_0.patient_id,cd1_0.id,cd1_0.component_name,cd1_0.component_value,cd1_0.measured_date_time from clinicaldata cd1_0 where cd1_0.patient_id=?
2026-08-26 03:48:00 TRACE org.hibernate.orm.jdbc.bind - binding parameter (1:BIGINT) <- [9]
2026-08-26 03:48:00 TRACE org.hibernate.orm.jdbc.bind - binding parameter (1:BIGINT) <- [1]
2026-08-26 03:48:00 DEBUG org.hibernate.SQL - select cd1_0.patient_id,cd1_0.id,cd1_0.component_name,cd1_0.component_value,cd1_0.measured_date_time from clinicaldata cd1_0 where cd1_0.patient_id=?
2026-08-26 03:48:00 TRACE org.hibernate.orm.jdbc.bind - binding parameter (1:BIGINT) <- [8]
2026-08-26 03:48:00 DEBUG org.hibernate.SQL - select cd1_0.patient_id,cd1_0.id,cd1_0.component_name,cd1_0.component_value,cd1_0.measured_date_time from clinicaldata cd1_0 where cd1_0.patient_id=?
2026-08-26 03:48:00 TRACE org.hibernate.orm.jdbc.bind - binding parameter (1:BIGINT) <- [7]
2026-08-26 03:48:00 DEBUG org.hibernate.SQL - select cd1_0.patient_id,cd1_0.id,cd1_0.component_name,cd1_0.component_value,cd1_0.measured_date_time from clinicaldata cd1_0 where cd1_0.patient_id=?
2026-08-26 03:48:00 TRACE org.hibernate.orm.jdbc.bind - binding parameter (1:BIGINT) <- [6]
2026-08-26 03:48:00 DEBUG org.hibernate.SQL - select cd1_0.patient_id,cd1_0.id,cd1_0.component_name,cd1_0.component_value,cd1_0.measured_date_time from clinicaldata cd1_0 where cd1_0.patient_id=?
2026-08-26 03:48:00 TRACE org.hibernate.orm.jdbc.bind - binding parameter (1:BIGINT) <- [5]
2026-08-26 03:48:00 DEBUG org.hibernate.SQL - select cd1_0.patient_id,cd1_0.id,cd1_0.component_name,cd1_0.component_value,cd1_0.measured_date_time from clinicaldata cd1_0 where cd1_0.patient_id=?
2026-08-26 03:48:00 TRACE org.hibernate.orm.jdbc.bind - binding parameter (1:BIGINT) <- [4]
2026-08-26 03:48:00 DEBUG org.hibernate.SQL - select cd1_0.patient_id,cd1_0.id,cd1_0.component_name,cd1_0.component_value,cd1_0.measured_date_time from clinicaldata cd1_0 where cd1_0.patient_id=?
2026-08-26 03:48:00 TRACE org.hibernate.orm.jdbc.bind - binding parameter (1:BIGINT) <- [3]
2026-08-26 03:48:00 DEBUG org.hibernate.SQL - select cd1_0.patient_id,cd1_0.id,cd1_0.component_name,cd1_0.component_value,cd1_0.measured_date_time from clinicaldata cd1_0 where cd1_0.patient_id=?
2026-08-26 03:48:00 TRACE org.hibernate.orm.jdbc.bind - binding parameter (1:BIGINT) <- [2]
2026-08-26 03:48:00 DEBUG org.hibernate.SQL - select cd1_0.patient_id,cd1_0.id,cd1_0.component_name,cd1_0.component_value,cd1_0.measured_date_time from clinicaldata cd1_0 where cd1_0.patient_id=?
2026-08-26 03:48:00 TRACE org.hibernate.orm.jdbc.bind - binding parameter (1:BIGINT) <- [1]
2026-08-26 03:48:02 WARN  o.s.w.s.m.m.a.ExceptionHandlerExceptionResolver - Resolved [org.springframework.web.servlet.resource.NoResourceFoundException: No static resource api/patients/patient-services/api/patients/1 for request '/patient-services/api/patients/patient-services/api/patients/1'.]
2026-08-26 03:48:02 WARN  o.s.w.s.m.m.a.ExceptionHandlerExceptionResolver - Resolved [org.springframework.web.servlet.resource.NoResourceFoundException: No static resource api/patients/patient-services/api/patients/1 for request '/patient-services/api/patients/patient-services/api/patients/1'.]
2026-08-26 03:48:06 INFO  c.v.c.p.r.PatientController - Fetching all patients
2026-08-26 03:48:06 DEBUG org.hibernate.SQL - select p1_0.id,p1_0.age,p1_0.first_name,p1_0.last_name from patient p1_0
2026-08-26 03:48:06 DEBUG org.hibernate.SQL - select cd1_0.patient_id,cd1_0.id,cd1_0.component_name,cd1_0.component_value,cd1_0.measured_date_time from clinicaldata cd1_0 where cd1_0.patient_id=?
2026-08-26 03:48:06 TRACE org.hibernate.orm.jdbc.bind - binding parameter (1:BIGINT) <- [17]
2026-08-26 03:48:06 DEBUG org.hibernate.SQL - select cd1_0.patient_id,cd1_0.id,cd1_0.component_name,cd1_0.component_value,cd1_0.measured_date_time from clinicaldata cd1_0 where cd1_0.patient_id=?
2026-08-26 03:48:06 TRACE org.hibernate.orm.jdbc.bind - binding parameter (1:BIGINT) <- [16]
2026-08-26 03:48:06 DEBUG org.hibernate.SQL - select cd1_0.patient_id,cd1_0.id,cd1_0.component_name,cd1_0.component_value,cd1_0.measured_date_time from clinicaldata cd1_0 where cd1_0.patient_id=?
2026-08-26 03:48:06 TRACE org.hibernate.orm.jdbc.bind - binding parameter (1:BIGINT) <- [15]
2026-08-26 03:48:06 DEBUG org.hibernate.SQL - select cd1_0.patient_id,cd1_0.id,cd1_0.component_name,cd1_0.component_value,cd1_0.measured_date_time from clinicaldata cd1_0 where cd1_0.patient_id=?
2026-08-26 03:48:06 TRACE org.hibernate.orm.jdbc.bind - binding parameter (1:BIGINT) <- [14]
2026-08-26 03:48:06 DEBUG org.hibernate.SQL - select cd1_0.patient_id,cd1_0.id,cd1_0.component_name,cd1_0.component_value,cd1_0.measured_date_time from clinicaldata cd1_0 where cd1_0.patient_id=?
2026-08-26 03:48:06 TRACE org.hibernate.orm.jdbc.bind - binding parameter (1:BIGINT) <- [13]
2026-08-26 03:48:06 DEBUG org.hibernate.SQL - select cd1_0.patient_id,cd1_0.id,cd1_0.component_name,cd1_0.component_value,cd1_0.measured_date_time from clinicaldata cd1_0 where cd1_0.patient_id=?
2026-08-26 03:48:06 TRACE org.hibernate.orm.jdbc.bind - binding parameter (1:BIGINT) <- [12]
2026-08-26 03:48:06 DEBUG org.hibernate.SQL - select cd1_0.patient_id,cd1_0.id,cd1_0.component_name,cd1_0.component_value,cd1_0.measured_date_time from clinicaldata cd1_0 where cd1_0.patient_id=?
2026-08-26 03:48:06 TRACE org.hibernate.orm.jdbc.bind - binding parameter (1:BIGINT) <- [11]
2026-08-26 03:48:06 DEBUG org.hibernate.SQL - select cd1_0.patient_id,cd1_0.id,cd1_0.component_name,cd1_0.component_value,cd1_0.measured_date_time from clinicaldata cd1_0 where cd1_0.patient_id=?
2026-08-26 03:48:06 TRACE org.hibernate.orm.jdbc.bind - binding parameter (1:BIGINT) <- [10]
2026-08-26 03:48:06 DEBUG org.hibernate.SQL - select cd1_0.patient_id,cd1_0.id,cd1_0.component_name,cd1_0.component_value,cd1_0.measured_date_time from clinicaldata cd1_0 where cd1_0.patient_id=?
2026-08-26 03:48:06 TRACE org.hibernate.orm.jdbc.bind - binding parameter (1:BIGINT) <- [9]
2026-08-26 03:48:06 DEBUG org.hibernate.SQL - select cd1_0.patient_id,cd1_0.id,cd1_0.component_name,cd1_0.component_value,cd1_0.measured_date_time from clinicaldata cd1_0 where cd1_0.patient_id=?
2026-08-26 03:48:06 TRACE org.hibernate.orm.jdbc.bind - binding parameter (1:BIGINT) <- [8]
2026-08-26 03:48:06 DEBUG org.hibernate.SQL - select cd1_0.patient_id,cd1_0.id,cd1_0.component_name,cd1_0.component_value,cd1_0.measured_date_time from clinicaldata cd1_0 where cd1_0.patient_id=?
2026-08-26 03:48:06 TRACE org.hibernate.orm.jdbc.bind - binding parameter (1:BIGINT) <- [7]
2026-08-26 03:48:06 DEBUG org.hibernate.SQL - select cd1_0.patient_id,cd1_0.id,cd1_0.component_name,cd1_0.component_value,cd1_0.measured_date_time from clinicaldata cd1_0 where cd1_0.patient_id=?
2026-08-26 03:48:06 TRACE org.hibernate.orm.jdbc.bind - binding parameter (1:BIGINT) <- [6]
2026-08-26 03:48:06 DEBUG org.hibernate.SQL - select cd1_0.patient_id,cd1_0.id,cd1_0.component_name,cd1_0.component_value,cd1_0.measured_date_time from clinicaldata cd1_0 where cd1_0.patient_id=?
2026-08-26 03:48:06 TRACE org.hibernate.orm.jdbc.bind - binding parameter (1:BIGINT) <- [5]
2026-08-26 03:48:06 DEBUG org.hibernate.SQL - select cd1_0.patient_id,cd1_0.id,cd1_0.component_name,cd1_0.component_value,cd1_0.measured_date_time from clinicaldata cd1_0 where cd1_0.patient_id=?
2026-08-26 03:48:06 TRACE org.hibernate.orm.jdbc.bind - binding parameter (1:BIGINT) <- [4]
2026-08-26 03:48:06 DEBUG org.hibernate.SQL - select cd1_0.patient_id,cd1_0.id,cd1_0.component_name,cd1_0.component_value,cd1_0.measured_date_time from clinicaldata cd1_0 where cd1_0.patient_id=?
2026-08-26 03:48:06 TRACE org.hibernate.orm.jdbc.bind - binding parameter (1:BIGINT) <- [3]
2026-08-26 03:48:06 DEBUG org.hibernate.SQL - select cd1_0.patient_id,cd1_0.id,cd1_0.component_name,cd1_0.component_value,cd1_0.measured_date_time from clinicaldata cd1_0 where cd1_0.patient_id=?
2026-08-26 03:48:06 TRACE org.hibernate.orm.jdbc.bind - binding parameter (1:BIGINT) <- [2]
2026-08-26 03:48:06 DEBUG org.hibernate.SQL - select cd1_0.patient_id,cd1_0.id,cd1_0.component_name,cd1_0.component_value,cd1_0.measured_date_time from clinicaldata cd1_0 where cd1_0.patient_id=?
2026-08-26 03:48:06 TRACE org.hibernate.orm.jdbc.bind - binding parameter (1:BIGINT) <- [1]
2026-08-26 03:48:06 INFO  c.v.c.p.r.PatientController - Fetching all patients
2026-08-26 03:48:06 DEBUG org.hibernate.SQL - select p1_0.id,p1_0.age,p1_0.first_name,p1_0.last_name from patient p1_0
2026-08-26 03:48:06 DEBUG org.hibernate.SQL - select cd1_0.patient_id,cd1_0.id,cd1_0.component_name,cd1_0.component_value,cd1_0.measured_date_time from clinicaldata cd1_0 where cd1_0.patient_id=?
2026-08-26 03:48:06 TRACE org.hibernate.orm.jdbc.bind - binding parameter (1:BIGINT) <- [17]
2026-08-26 03:48:06 DEBUG org.hibernate.SQL - select cd1_0.patient_id,cd1_0.id,cd1_0.component_name,cd1_0.component_value,cd1_0.measured_date_time from clinicaldata cd1_0 where cd1_0.patient_id=?
2026-08-26 03:48:06 TRACE org.hibernate.orm.jdbc.bind - binding parameter (1:BIGINT) <- [16]
2026-08-26 03:48:06 DEBUG org.hibernate.SQL - select cd1_0.patient_id,cd1_0.id,cd1_0.component_name,cd1_0.component_value,cd1_0.measured_date_time from clinicaldata cd1_0 where cd1_0.patient_id=?
2026-08-26 03:48:06 TRACE org.hibernate.orm.jdbc.bind - binding parameter (1:BIGINT) <- [15]
2026-08-26 03:48:06 DEBUG org.hibernate.SQL - select cd1_0.patient_id,cd1_0.id,cd1_0.component_name,cd1_0.component_value,cd1_0.measured_date_time from clinicaldata cd1_0 where cd1_0.patient_id=?
2026-08-26 03:48:06 TRACE org.hibernate.orm.jdbc.bind - binding parameter (1:BIGINT) <- [14]
2026-08-26 03:48:06 DEBUG org.hibernate.SQL - select cd1_0.patient_id,cd1_0.id,cd1_0.component_name,cd1_0.component_value,cd1_0.measured_date_time from clinicaldata cd1_0 where cd1_0.patient_id=?
2026-08-26 03:48:06 TRACE org.hibernate.orm.jdbc.bind - binding parameter (1:BIGINT) <- [13]
2026-08-26 03:48:06 DEBUG org.hibernate.SQL - select cd1_0.patient_id,cd1_0.id,cd1_0.component_name,cd1_0.component_value,cd1_0.measured_date_time from clinicaldata cd1_0 where cd1_0.patient_id=?
2026-08-26 03:48:06 TRACE org.hibernate.orm.jdbc.bind - binding parameter (1:BIGINT) <- [12]
2026-08-26 03:48:06 DEBUG org.hibernate.SQL - select cd1_0.patient_id,cd1_0.id,cd1_0.component_name,cd1_0.component_value,cd1_0.measured_date_time from clinicaldata cd1_0 where cd1_0.patient_id=?
2026-08-26 03:48:06 TRACE org.hibernate.orm.jdbc.bind - binding parameter (1:BIGINT) <- [11]
2026-08-26 03:48:06 DEBUG org.hibernate.SQL - select cd1_0.patient_id,cd1_0.id,cd1_0.component_name,cd1_0.component_value,cd1_0.measured_date_time from clinicaldata cd1_0 where cd1_0.patient_id=?
2026-08-26 03:48:06 TRACE org.hibernate.orm.jdbc.bind - binding parameter (1:BIGINT) <- [10]
2026-08-26 03:48:06 DEBUG org.hibernate.SQL - select cd1_0.patient_id,cd1_0.id,cd1_0.component_name,cd1_0.component_value,cd1_0.measured_date_time from clinicaldata cd1_0 where cd1_0.patient_id=?
2026-08-26 03:48:06 TRACE org.hibernate.orm.jdbc.bind - binding parameter (1:BIGINT) <- [9]
2026-08-26 03:48:06 DEBUG org.hibernate.SQL - select cd1_0.patient_id,cd1_0.id,cd1_0.component_name,cd1_0.component_value,cd1_0.measured_date_time from clinicaldata cd1_0 where cd1_0.patient_id=?
2026-08-26 03:48:06 TRACE org.hibernate.orm.jdbc.bind - binding parameter (1:BIGINT) <- [8]
2026-08-26 03:48:06 DEBUG org.hibernate.SQL - select cd1_0.patient_id,cd1_0.id,cd1_0.component_name,cd1_0.component_value,cd1_0.measured_date_time from clinicaldata cd1_0 where cd1_0.patient_id=?
2026-08-26 03:48:06 TRACE org.hibernate.orm.jdbc.bind - binding parameter (1:BIGINT) <- [7]
2026-08-26 03:48:06 DEBUG org.hibernate.SQL - select cd1_0.patient_id,cd1_0.id,cd1_0.component_name,cd1_0.component_value,cd1_0.measured_date_time from clinicaldata cd1_0 where cd1_0.patient_id=?
2026-08-26 03:48:06 TRACE org.hibernate.orm.jdbc.bind - binding parameter (1:BIGINT) <- [6]
2026-08-26 03:48:06 DEBUG org.hibernate.SQL - select cd1_0.patient_id,cd1_0.id,cd1_0.component_name,cd1_0.component_value,cd1_0.measured_date_time from clinicaldata cd1_0 where cd1_0.patient_id=?
2026-08-26 03:48:06 TRACE org.hibernate.orm.jdbc.bind - binding parameter (1:BIGINT) <- [5]
2026-08-26 03:48:06 DEBUG org.hibernate.SQL - select cd1_0.patient_id,cd1_0.id,cd1_0.component_name,cd1_0.component_value,cd1_0.measured_date_time from clinicaldata cd1_0 where cd1_0.patient_id=?
2026-08-26 03:48:06 TRACE org.hibernate.orm.jdbc.bind - binding parameter (1:BIGINT) <- [4]
2026-08-26 03:48:06 DEBUG org.hibernate.SQL - select cd1_0.patient_id,cd1_0.id,cd1_0.component_name,cd1_0.component_value,cd1_0.measured_date_time from clinicaldata cd1_0 where cd1_0.patient_id=?
2026-08-26 03:48:06 TRACE org.hibernate.orm.jdbc.bind - binding parameter (1:BIGINT) <- [3]
2026-08-26 03:48:06 DEBUG org.hibernate.SQL - select cd1_0.patient_id,cd1_0.id,cd1_0.component_name,cd1_0.component_value,cd1_0.measured_date_time from clinicaldata cd1_0 where cd1_0.patient_id=?
2026-08-26 03:48:06 TRACE org.hibernate.orm.jdbc.bind - binding parameter (1:BIGINT) <- [2]
2026-08-26 03:48:06 DEBUG org.hibernate.SQL - select cd1_0.patient_id,cd1_0.id,cd1_0.component_name,cd1_0.component_value,cd1_0.measured_date_time from clinicaldata cd1_0 where cd1_0.patient_id=?
2026-08-26 03:48:06 TRACE org.hibernate.orm.jdbc.bind - binding parameter (1:BIGINT) <- [1]
2026-08-26 03:48:08 WARN  o.s.w.s.m.m.a.ExceptionHandlerExceptionResolver - Resolved [org.springframework.web.servlet.resource.NoResourceFoundException: No static resource api/patients/patient-services/api/patients/3 for request '/patient-services/api/patients/patient-services/api/patients/3'.]
2026-08-26 03:48:08 WARN  o.s.w.s.m.m.a.ExceptionHandlerExceptionResolver - Resolved [org.springframework.web.servlet.resource.NoResourceFoundException: No static resource api/patients/patient-services/api/patients/3 for request '/patient-services/api/patients/patient-services/api/patients/3'.]
2026-08-26 03:48:34 INFO  c.v.c.p.PatientClinicalDataApiApplication - Starting PatientClinicalDataApiApplication using Java 17.0.8 with PID 1424 (D:\GitHub\Patient-clinical-data-api\target\classes started by DELL in D:\GitHub\Patient-clinical-data-api)
2026-08-26 03:48:34 DEBUG c.v.c.p.PatientClinicalDataApiApplication - Running with Spring Boot v4.2.0-SNAPSHOT, Spring v7.1.0-M1
2026-08-26 03:48:34 INFO  c.v.c.p.PatientClinicalDataApiApplication - No active profile set, falling back to 1 default profile: "default"
2026-08-26 03:48:34 INFO  o.s.b.d.e.DevToolsPropertyDefaultsPostProcessor - Devtools property defaults active! Set 'spring.devtools.add-properties' to 'false' to disable
2026-08-26 03:48:34 INFO  o.s.b.d.e.DevToolsPropertyDefaultsPostProcessor - For additional web related logging consider setting the 'logging.level.web' property to 'DEBUG'
2026-08-26 03:48:36 INFO  o.s.d.r.c.RepositoryConfigurationDelegate - Bootstrapping Spring Data JPA repositories in DEFAULT mode.
2026-08-26 03:48:36 INFO  o.s.d.r.c.RepositoryConfigurationDelegate - Finished Spring Data repository scanning in 74 ms. Found 2 JPA repository interfaces.
2026-08-26 03:48:37 INFO  o.s.boot.tomcat.TomcatWebServer - Tomcat initialized with port 8080 (http)
2026-08-26 03:48:37 INFO  o.a.catalina.core.StandardService - Starting service [Tomcat]
2026-08-26 03:48:37 INFO  o.a.catalina.core.StandardEngine - Starting Servlet engine: [Apache Tomcat/11.0.24]
2026-08-26 03:48:38 INFO  o.s.b.w.c.s.WebApplicationContextInitializer - Root WebApplicationContext: initialization completed in 3055 ms
2026-08-26 03:48:38 INFO  com.zaxxer.hikari.HikariDataSource - HikariPool-1 - Starting...
2026-08-26 03:48:39 INFO  com.zaxxer.hikari.pool.HikariPool - HikariPool-1 - Added connection com.mysql.cj.jdbc.ConnectionImpl@6acac583
2026-08-26 03:48:39 INFO  com.zaxxer.hikari.HikariDataSource - HikariPool-1 - Start completed.
2026-08-26 03:48:39 INFO  org.hibernate.orm.jpa - HHH008540: Processing PersistenceUnitInfo [name: default]
2026-08-26 03:48:39 INFO  org.hibernate.orm.core - HHH000001: Hibernate ORM core version 7.4.5.Final
2026-08-26 03:48:40 INFO  o.s.o.j.p.SpringPersistenceUnitInfo - No LoadTimeWeaver setup: ignoring JPA class transformer
2026-08-26 03:48:40 INFO  o.hibernate.orm.connections.pooling - HHH10001005: Database info:
	Database JDBC URL [jdbc:mysql://localhost:3306/clinicals?useSSL=false&serverTimezone=UTC]
	Database driver: MySQL Connector/J
	Database dialect: MySQLDialect
	Database version: 8.0.27
	Default catalog/schema: clinicals/undefined
	Autocommit mode: undefined/unknown
	Isolation level: REPEATABLE_READ [default REPEATABLE_READ]
	JDBC fetch size: none
	Pool: DataSourceConnectionProvider
	Minimum pool size: undefined/unknown
	Maximum pool size: undefined/unknown
2026-08-26 03:48:44 INFO  org.hibernate.orm.core - HHH000489: No JTA platform available (set 'hibernate.transaction.jta.platform' to enable JTA platform integration)
2026-08-26 03:48:44 INFO  o.s.o.j.LocalContainerEntityManagerFactoryBean - Initialized JPA EntityManagerFactory for persistence unit 'default'
2026-08-26 03:48:44 INFO  o.s.d.j.r.q.QueryEnhancerFactories - Hibernate is in classpath; If applicable, HQL parser will be used.
2026-08-26 03:48:44 WARN  o.s.b.j.a.JpaBaseConfiguration$JpaWebConfiguration - spring.jpa.open-in-view is enabled by default. Therefore, database queries may be performed during view rendering. Explicitly configure spring.jpa.open-in-view to disable this warning
2026-08-26 03:48:45 INFO  o.s.b.a.e.web.EndpointLinksResolver - Exposing 1 endpoint beneath base path '/actuator'
2026-08-26 03:48:46 INFO  o.s.boot.tomcat.TomcatWebServer - Tomcat started on port 8080 (http) with context path '/patient-services'
2026-08-26 03:48:46 INFO  c.v.c.p.PatientClinicalDataApiApplication - Started PatientClinicalDataApiApplication in 12.253 seconds (process running for 12.869)
2026-08-26 03:48:47 INFO  o.a.c.c.C.[.[.[/patient-services] - Initializing Spring DispatcherServlet 'dispatcherServlet'
2026-08-26 03:48:47 INFO  o.s.web.servlet.DispatcherServlet - Initializing Servlet 'dispatcherServlet'
2026-08-26 03:48:47 INFO  o.s.web.servlet.DispatcherServlet - Completed initialization in 5 ms
2026-08-26 03:50:03 INFO  c.v.c.p.r.PatientController - Fetching all patients
2026-08-26 03:50:03 DEBUG org.hibernate.SQL - select p1_0.id,p1_0.age,p1_0.first_name,p1_0.last_name from patient p1_0
2026-08-26 03:50:03 DEBUG org.hibernate.SQL - select cd1_0.patient_id,cd1_0.id,cd1_0.component_name,cd1_0.component_value,cd1_0.measured_date_time from clinicaldata cd1_0 where cd1_0.patient_id=?
2026-08-26 03:50:03 TRACE org.hibernate.orm.jdbc.bind - binding parameter (1:BIGINT) <- [17]
2026-08-26 03:50:03 DEBUG org.hibernate.SQL - select cd1_0.patient_id,cd1_0.id,cd1_0.component_name,cd1_0.component_value,cd1_0.measured_date_time from clinicaldata cd1_0 where cd1_0.patient_id=?
2026-08-26 03:50:03 TRACE org.hibernate.orm.jdbc.bind - binding parameter (1:BIGINT) <- [16]
2026-08-26 03:50:03 DEBUG org.hibernate.SQL - select cd1_0.patient_id,cd1_0.id,cd1_0.component_name,cd1_0.component_value,cd1_0.measured_date_time from clinicaldata cd1_0 where cd1_0.patient_id=?
2026-08-26 03:50:03 TRACE org.hibernate.orm.jdbc.bind - binding parameter (1:BIGINT) <- [15]
2026-08-26 03:50:03 DEBUG org.hibernate.SQL - select cd1_0.patient_id,cd1_0.id,cd1_0.component_name,cd1_0.component_value,cd1_0.measured_date_time from clinicaldata cd1_0 where cd1_0.patient_id=?
2026-08-26 03:50:03 TRACE org.hibernate.orm.jdbc.bind - binding parameter (1:BIGINT) <- [14]
2026-08-26 03:50:03 DEBUG org.hibernate.SQL - select cd1_0.patient_id,cd1_0.id,cd1_0.component_name,cd1_0.component_value,cd1_0.measured_date_time from clinicaldata cd1_0 where cd1_0.patient_id=?
2026-08-26 03:50:03 TRACE org.hibernate.orm.jdbc.bind - binding parameter (1:BIGINT) <- [13]
2026-08-26 03:50:03 DEBUG org.hibernate.SQL - select cd1_0.patient_id,cd1_0.id,cd1_0.component_name,cd1_0.component_value,cd1_0.measured_date_time from clinicaldata cd1_0 where cd1_0.patient_id=?
2026-08-26 03:50:03 TRACE org.hibernate.orm.jdbc.bind - binding parameter (1:BIGINT) <- [12]
2026-08-26 03:50:03 DEBUG org.hibernate.SQL - select cd1_0.patient_id,cd1_0.id,cd1_0.component_name,cd1_0.component_value,cd1_0.measured_date_time from clinicaldata cd1_0 where cd1_0.patient_id=?
2026-08-26 03:50:03 TRACE org.hibernate.orm.jdbc.bind - binding parameter (1:BIGINT) <- [11]
2026-08-26 03:50:03 DEBUG org.hibernate.SQL - select cd1_0.patient_id,cd1_0.id,cd1_0.component_name,cd1_0.component_value,cd1_0.measured_date_time from clinicaldata cd1_0 where cd1_0.patient_id=?
2026-08-26 03:50:03 TRACE org.hibernate.orm.jdbc.bind - binding parameter (1:BIGINT) <- [10]
2026-08-26 03:50:03 DEBUG org.hibernate.SQL - select cd1_0.patient_id,cd1_0.id,cd1_0.component_name,cd1_0.component_value,cd1_0.measured_date_time from clinicaldata cd1_0 where cd1_0.patient_id=?
2026-08-26 03:50:03 TRACE org.hibernate.orm.jdbc.bind - binding parameter (1:BIGINT) <- [9]
2026-08-26 03:50:03 DEBUG org.hibernate.SQL - select cd1_0.patient_id,cd1_0.id,cd1_0.component_name,cd1_0.component_value,cd1_0.measured_date_time from clinicaldata cd1_0 where cd1_0.patient_id=?
2026-08-26 03:50:03 TRACE org.hibernate.orm.jdbc.bind - binding parameter (1:BIGINT) <- [8]
2026-08-26 03:50:03 DEBUG org.hibernate.SQL - select cd1_0.patient_id,cd1_0.id,cd1_0.component_name,cd1_0.component_value,cd1_0.measured_date_time from clinicaldata cd1_0 where cd1_0.patient_id=?
2026-08-26 03:50:03 TRACE org.hibernate.orm.jdbc.bind - binding parameter (1:BIGINT) <- [7]
2026-08-26 03:50:03 DEBUG org.hibernate.SQL - select cd1_0.patient_id,cd1_0.id,cd1_0.component_name,cd1_0.component_value,cd1_0.measured_date_time from clinicaldata cd1_0 where cd1_0.patient_id=?
2026-08-26 03:50:03 TRACE org.hibernate.orm.jdbc.bind - binding parameter (1:BIGINT) <- [6]
2026-08-26 03:50:03 DEBUG org.hibernate.SQL - select cd1_0.patient_id,cd1_0.id,cd1_0.component_name,cd1_0.component_value,cd1_0.measured_date_time from clinicaldata cd1_0 where cd1_0.patient_id=?
2026-08-26 03:50:03 TRACE org.hibernate.orm.jdbc.bind - binding parameter (1:BIGINT) <- [5]
2026-08-26 03:50:03 DEBUG org.hibernate.SQL - select cd1_0.patient_id,cd1_0.id,cd1_0.component_name,cd1_0.component_value,cd1_0.measured_date_time from clinicaldata cd1_0 where cd1_0.patient_id=?
2026-08-26 03:50:03 TRACE org.hibernate.orm.jdbc.bind - binding parameter (1:BIGINT) <- [4]
2026-08-26 03:50:03 DEBUG org.hibernate.SQL - select cd1_0.patient_id,cd1_0.id,cd1_0.component_name,cd1_0.component_value,cd1_0.measured_date_time from clinicaldata cd1_0 where cd1_0.patient_id=?
2026-08-26 03:50:03 TRACE org.hibernate.orm.jdbc.bind - binding parameter (1:BIGINT) <- [3]
2026-08-26 03:50:03 DEBUG org.hibernate.SQL - select cd1_0.patient_id,cd1_0.id,cd1_0.component_name,cd1_0.component_value,cd1_0.measured_date_time from clinicaldata cd1_0 where cd1_0.patient_id=?
2026-08-26 03:50:03 TRACE org.hibernate.orm.jdbc.bind - binding parameter (1:BIGINT) <- [2]
2026-08-26 03:50:03 DEBUG org.hibernate.SQL - select cd1_0.patient_id,cd1_0.id,cd1_0.component_name,cd1_0.component_value,cd1_0.measured_date_time from clinicaldata cd1_0 where cd1_0.patient_id=?
2026-08-26 03:50:03 TRACE org.hibernate.orm.jdbc.bind - binding parameter (1:BIGINT) <- [1]
2026-08-26 03:50:03 INFO  c.v.c.p.r.PatientController - Fetching all patients
2026-08-26 03:50:03 DEBUG org.hibernate.SQL - select p1_0.id,p1_0.age,p1_0.first_name,p1_0.last_name from patient p1_0
2026-08-26 03:50:03 DEBUG org.hibernate.SQL - select cd1_0.patient_id,cd1_0.id,cd1_0.component_name,cd1_0.component_value,cd1_0.measured_date_time from clinicaldata cd1_0 where cd1_0.patient_id=?
2026-08-26 03:50:03 TRACE org.hibernate.orm.jdbc.bind - binding parameter (1:BIGINT) <- [17]
2026-08-26 03:50:03 DEBUG org.hibernate.SQL - select cd1_0.patient_id,cd1_0.id,cd1_0.component_name,cd1_0.component_value,cd1_0.measured_date_time from clinicaldata cd1_0 where cd1_0.patient_id=?
2026-08-26 03:50:03 TRACE org.hibernate.orm.jdbc.bind - binding parameter (1:BIGINT) <- [16]
2026-08-26 03:50:03 DEBUG org.hibernate.SQL - select cd1_0.patient_id,cd1_0.id,cd1_0.component_name,cd1_0.component_value,cd1_0.measured_date_time from clinicaldata cd1_0 where cd1_0.patient_id=?
2026-08-26 03:50:03 TRACE org.hibernate.orm.jdbc.bind - binding parameter (1:BIGINT) <- [15]
2026-08-26 03:50:03 DEBUG org.hibernate.SQL - select cd1_0.patient_id,cd1_0.id,cd1_0.component_name,cd1_0.component_value,cd1_0.measured_date_time from clinicaldata cd1_0 where cd1_0.patient_id=?
2026-08-26 03:50:03 TRACE org.hibernate.orm.jdbc.bind - binding parameter (1:BIGINT) <- [14]
2026-08-26 03:50:03 DEBUG org.hibernate.SQL - select cd1_0.patient_id,cd1_0.id,cd1_0.component_name,cd1_0.component_value,cd1_0.measured_date_time from clinicaldata cd1_0 where cd1_0.patient_id=?
2026-08-26 03:50:03 TRACE org.hibernate.orm.jdbc.bind - binding parameter (1:BIGINT) <- [13]
2026-08-26 03:50:03 DEBUG org.hibernate.SQL - select cd1_0.patient_id,cd1_0.id,cd1_0.component_name,cd1_0.component_value,cd1_0.measured_date_time from clinicaldata cd1_0 where cd1_0.patient_id=?
2026-08-26 03:50:03 TRACE org.hibernate.orm.jdbc.bind - binding parameter (1:BIGINT) <- [12]
2026-08-26 03:50:03 DEBUG org.hibernate.SQL - select cd1_0.patient_id,cd1_0.id,cd1_0.component_name,cd1_0.component_value,cd1_0.measured_date_time from clinicaldata cd1_0 where cd1_0.patient_id=?
2026-08-26 03:50:03 TRACE org.hibernate.orm.jdbc.bind - binding parameter (1:BIGINT) <- [11]
2026-08-26 03:50:03 DEBUG org.hibernate.SQL - select cd1_0.patient_id,cd1_0.id,cd1_0.component_name,cd1_0.component_value,cd1_0.measured_date_time from clinicaldata cd1_0 where cd1_0.patient_id=?
2026-08-26 03:50:03 TRACE org.hibernate.orm.jdbc.bind - binding parameter (1:BIGINT) <- [10]
2026-08-26 03:50:03 DEBUG org.hibernate.SQL - select cd1_0.patient_id,cd1_0.id,cd1_0.component_name,cd1_0.component_value,cd1_0.measured_date_time from clinicaldata cd1_0 where cd1_0.patient_id=?
2026-08-26 03:50:03 TRACE org.hibernate.orm.jdbc.bind - binding parameter (1:BIGINT) <- [9]
2026-08-26 03:50:03 DEBUG org.hibernate.SQL - select cd1_0.patient_id,cd1_0.id,cd1_0.component_name,cd1_0.component_value,cd1_0.measured_date_time from clinicaldata cd1_0 where cd1_0.patient_id=?
2026-08-26 03:50:03 TRACE org.hibernate.orm.jdbc.bind - binding parameter (1:BIGINT) <- [8]
2026-08-26 03:50:03 DEBUG org.hibernate.SQL - select cd1_0.patient_id,cd1_0.id,cd1_0.component_name,cd1_0.component_value,cd1_0.measured_date_time from clinicaldata cd1_0 where cd1_0.patient_id=?
2026-08-26 03:50:03 TRACE org.hibernate.orm.jdbc.bind - binding parameter (1:BIGINT) <- [7]
2026-08-26 03:50:03 DEBUG org.hibernate.SQL - select cd1_0.patient_id,cd1_0.id,cd1_0.component_name,cd1_0.component_value,cd1_0.measured_date_time from clinicaldata cd1_0 where cd1_0.patient_id=?
2026-08-26 03:50:03 TRACE org.hibernate.orm.jdbc.bind - binding parameter (1:BIGINT) <- [6]
2026-08-26 03:50:03 DEBUG org.hibernate.SQL - select cd1_0.patient_id,cd1_0.id,cd1_0.component_name,cd1_0.component_value,cd1_0.measured_date_time from clinicaldata cd1_0 where cd1_0.patient_id=?
2026-08-26 03:50:03 TRACE org.hibernate.orm.jdbc.bind - binding parameter (1:BIGINT) <- [5]
2026-08-26 03:50:03 DEBUG org.hibernate.SQL - select cd1_0.patient_id,cd1_0.id,cd1_0.component_name,cd1_0.component_value,cd1_0.measured_date_time from clinicaldata cd1_0 where cd1_0.patient_id=?
2026-08-26 03:50:03 TRACE org.hibernate.orm.jdbc.bind - binding parameter (1:BIGINT) <- [4]
2026-08-26 03:50:03 DEBUG org.hibernate.SQL - select cd1_0.patient_id,cd1_0.id,cd1_0.component_name,cd1_0.component_value,cd1_0.measured_date_time from clinicaldata cd1_0 where cd1_0.patient_id=?
2026-08-26 03:50:03 TRACE org.hibernate.orm.jdbc.bind - binding parameter (1:BIGINT) <- [3]
2026-08-26 03:50:03 DEBUG org.hibernate.SQL - select cd1_0.patient_id,cd1_0.id,cd1_0.component_name,cd1_0.component_value,cd1_0.measured_date_time from clinicaldata cd1_0 where cd1_0.patient_id=?
2026-08-26 03:50:03 TRACE org.hibernate.orm.jdbc.bind - binding parameter (1:BIGINT) <- [2]
2026-08-26 03:50:03 DEBUG org.hibernate.SQL - select cd1_0.patient_id,cd1_0.id,cd1_0.component_name,cd1_0.component_value,cd1_0.measured_date_time from clinicaldata cd1_0 where cd1_0.patient_id=?
2026-08-26 03:50:03 TRACE org.hibernate.orm.jdbc.bind - binding parameter (1:BIGINT) <- [1]
2026-08-26 03:50:04 INFO  c.v.c.p.r.PatientController - Fetching all patients
2026-08-26 03:50:04 DEBUG org.hibernate.SQL - select p1_0.id,p1_0.age,p1_0.first_name,p1_0.last_name from patient p1_0
2026-08-26 03:50:04 DEBUG org.hibernate.SQL - select cd1_0.patient_id,cd1_0.id,cd1_0.component_name,cd1_0.component_value,cd1_0.measured_date_time from clinicaldata cd1_0 where cd1_0.patient_id=?
2026-08-26 03:50:04 TRACE org.hibernate.orm.jdbc.bind - binding parameter (1:BIGINT) <- [17]
2026-08-26 03:50:04 DEBUG org.hibernate.SQL - select cd1_0.patient_id,cd1_0.id,cd1_0.component_name,cd1_0.component_value,cd1_0.measured_date_time from clinicaldata cd1_0 where cd1_0.patient_id=?
2026-08-26 03:50:04 TRACE org.hibernate.orm.jdbc.bind - binding parameter (1:BIGINT) <- [16]
2026-08-26 03:50:04 DEBUG org.hibernate.SQL - select cd1_0.patient_id,cd1_0.id,cd1_0.component_name,cd1_0.component_value,cd1_0.measured_date_time from clinicaldata cd1_0 where cd1_0.patient_id=?
2026-08-26 03:50:04 TRACE org.hibernate.orm.jdbc.bind - binding parameter (1:BIGINT) <- [15]
2026-08-26 03:50:04 DEBUG org.hibernate.SQL - select cd1_0.patient_id,cd1_0.id,cd1_0.component_name,cd1_0.component_value,cd1_0.measured_date_time from clinicaldata cd1_0 where cd1_0.patient_id=?
2026-08-26 03:50:04 TRACE org.hibernate.orm.jdbc.bind - binding parameter (1:BIGINT) <- [14]
2026-08-26 03:50:04 DEBUG org.hibernate.SQL - select cd1_0.patient_id,cd1_0.id,cd1_0.component_name,cd1_0.component_value,cd1_0.measured_date_time from clinicaldata cd1_0 where cd1_0.patient_id=?
2026-08-26 03:50:04 TRACE org.hibernate.orm.jdbc.bind - binding parameter (1:BIGINT) <- [13]
2026-08-26 03:50:04 DEBUG org.hibernate.SQL - select cd1_0.patient_id,cd1_0.id,cd1_0.component_name,cd1_0.component_value,cd1_0.measured_date_time from clinicaldata cd1_0 where cd1_0.patient_id=?
2026-08-26 03:50:04 TRACE org.hibernate.orm.jdbc.bind - binding parameter (1:BIGINT) <- [12]
2026-08-26 03:50:04 DEBUG org.hibernate.SQL - select cd1_0.patient_id,cd1_0.id,cd1_0.component_name,cd1_0.component_value,cd1_0.measured_date_time from clinicaldata cd1_0 where cd1_0.patient_id=?
2026-08-26 03:50:04 TRACE org.hibernate.orm.jdbc.bind - binding parameter (1:BIGINT) <- [11]
2026-08-26 03:50:04 DEBUG org.hibernate.SQL - select cd1_0.patient_id,cd1_0.id,cd1_0.component_name,cd1_0.component_value,cd1_0.measured_date_time from clinicaldata cd1_0 where cd1_0.patient_id=?
2026-08-26 03:50:04 TRACE org.hibernate.orm.jdbc.bind - binding parameter (1:BIGINT) <- [10]
2026-08-26 03:50:04 DEBUG org.hibernate.SQL - select cd1_0.patient_id,cd1_0.id,cd1_0.component_name,cd1_0.component_value,cd1_0.measured_date_time from clinicaldata cd1_0 where cd1_0.patient_id=?
2026-08-26 03:50:04 TRACE org.hibernate.orm.jdbc.bind - binding parameter (1:BIGINT) <- [9]
2026-08-26 03:50:04 DEBUG org.hibernate.SQL - select cd1_0.patient_id,cd1_0.id,cd1_0.component_name,cd1_0.component_value,cd1_0.measured_date_time from clinicaldata cd1_0 where cd1_0.patient_id=?
2026-08-26 03:50:04 TRACE org.hibernate.orm.jdbc.bind - binding parameter (1:BIGINT) <- [8]
2026-08-26 03:50:04 DEBUG org.hibernate.SQL - select cd1_0.patient_id,cd1_0.id,cd1_0.component_name,cd1_0.component_value,cd1_0.measured_date_time from clinicaldata cd1_0 where cd1_0.patient_id=?
2026-08-26 03:50:04 TRACE org.hibernate.orm.jdbc.bind - binding parameter (1:BIGINT) <- [7]
2026-08-26 03:50:04 DEBUG org.hibernate.SQL - select cd1_0.patient_id,cd1_0.id,cd1_0.component_name,cd1_0.component_value,cd1_0.measured_date_time from clinicaldata cd1_0 where cd1_0.patient_id=?
2026-08-26 03:50:04 TRACE org.hibernate.orm.jdbc.bind - binding parameter (1:BIGINT) <- [6]
2026-08-26 03:50:04 DEBUG org.hibernate.SQL - select cd1_0.patient_id,cd1_0.id,cd1_0.component_name,cd1_0.component_value,cd1_0.measured_date_time from clinicaldata cd1_0 where cd1_0.patient_id=?
2026-08-26 03:50:04 TRACE org.hibernate.orm.jdbc.bind - binding parameter (1:BIGINT) <- [5]
2026-08-26 03:50:04 DEBUG org.hibernate.SQL - select cd1_0.patient_id,cd1_0.id,cd1_0.component_name,cd1_0.component_value,cd1_0.measured_date_time from clinicaldata cd1_0 where cd1_0.patient_id=?
2026-08-26 03:50:04 TRACE org.hibernate.orm.jdbc.bind - binding parameter (1:BIGINT) <- [4]
2026-08-26 03:50:04 DEBUG org.hibernate.SQL - select cd1_0.patient_id,cd1_0.id,cd1_0.component_name,cd1_0.component_value,cd1_0.measured_date_time from clinicaldata cd1_0 where cd1_0.patient_id=?
2026-08-26 03:50:04 TRACE org.hibernate.orm.jdbc.bind - binding parameter (1:BIGINT) <- [3]
2026-08-26 03:50:04 DEBUG org.hibernate.SQL - select cd1_0.patient_id,cd1_0.id,cd1_0.component_name,cd1_0.component_value,cd1_0.measured_date_time from clinicaldata cd1_0 where cd1_0.patient_id=?
2026-08-26 03:50:04 TRACE org.hibernate.orm.jdbc.bind - binding parameter (1:BIGINT) <- [2]
2026-08-26 03:50:04 DEBUG org.hibernate.SQL - select cd1_0.patient_id,cd1_0.id,cd1_0.component_name,cd1_0.component_value,cd1_0.measured_date_time from clinicaldata cd1_0 where cd1_0.patient_id=?
2026-08-26 03:50:04 TRACE org.hibernate.orm.jdbc.bind - binding parameter (1:BIGINT) <- [1]
2026-08-26 03:50:04 INFO  c.v.c.p.r.PatientController - Fetching all patients
2026-08-26 03:50:04 DEBUG org.hibernate.SQL - select p1_0.id,p1_0.age,p1_0.first_name,p1_0.last_name from patient p1_0
2026-08-26 03:50:04 DEBUG org.hibernate.SQL - select cd1_0.patient_id,cd1_0.id,cd1_0.component_name,cd1_0.component_value,cd1_0.measured_date_time from clinicaldata cd1_0 where cd1_0.patient_id=?
2026-08-26 03:50:04 TRACE org.hibernate.orm.jdbc.bind - binding parameter (1:BIGINT) <- [17]
2026-08-26 03:50:04 DEBUG org.hibernate.SQL - select cd1_0.patient_id,cd1_0.id,cd1_0.component_name,cd1_0.component_value,cd1_0.measured_date_time from clinicaldata cd1_0 where cd1_0.patient_id=?
2026-08-26 03:50:04 TRACE org.hibernate.orm.jdbc.bind - binding parameter (1:BIGINT) <- [16]
2026-08-26 03:50:04 DEBUG org.hibernate.SQL - select cd1_0.patient_id,cd1_0.id,cd1_0.component_name,cd1_0.component_value,cd1_0.measured_date_time from clinicaldata cd1_0 where cd1_0.patient_id=?
2026-08-26 03:50:04 TRACE org.hibernate.orm.jdbc.bind - binding parameter (1:BIGINT) <- [15]
2026-08-26 03:50:04 DEBUG org.hibernate.SQL - select cd1_0.patient_id,cd1_0.id,cd1_0.component_name,cd1_0.component_value,cd1_0.measured_date_time from clinicaldata cd1_0 where cd1_0.patient_id=?
2026-08-26 03:50:04 TRACE org.hibernate.orm.jdbc.bind - binding parameter (1:BIGINT) <- [14]
2026-08-26 03:50:04 DEBUG org.hibernate.SQL - select cd1_0.patient_id,cd1_0.id,cd1_0.component_name,cd1_0.component_value,cd1_0.measured_date_time from clinicaldata cd1_0 where cd1_0.patient_id=?
2026-08-26 03:50:04 TRACE org.hibernate.orm.jdbc.bind - binding parameter (1:BIGINT) <- [13]
2026-08-26 03:50:04 DEBUG org.hibernate.SQL - select cd1_0.patient_id,cd1_0.id,cd1_0.component_name,cd1_0.component_value,cd1_0.measured_date_time from clinicaldata cd1_0 where cd1_0.patient_id=?
2026-08-26 03:50:04 TRACE org.hibernate.orm.jdbc.bind - binding parameter (1:BIGINT) <- [12]
2026-08-26 03:50:04 DEBUG org.hibernate.SQL - select cd1_0.patient_id,cd1_0.id,cd1_0.component_name,cd1_0.component_value,cd1_0.measured_date_time from clinicaldata cd1_0 where cd1_0.patient_id=?
2026-08-26 03:50:04 TRACE org.hibernate.orm.jdbc.bind - binding parameter (1:BIGINT) <- [11]
2026-08-26 03:50:04 DEBUG org.hibernate.SQL - select cd1_0.patient_id,cd1_0.id,cd1_0.component_name,cd1_0.component_value,cd1_0.measured_date_time from clinicaldata cd1_0 where cd1_0.patient_id=?
2026-08-26 03:50:04 TRACE org.hibernate.orm.jdbc.bind - binding parameter (1:BIGINT) <- [10]
2026-08-26 03:50:04 DEBUG org.hibernate.SQL - select cd1_0.patient_id,cd1_0.id,cd1_0.component_name,cd1_0.component_value,cd1_0.measured_date_time from clinicaldata cd1_0 where cd1_0.patient_id=?
2026-08-26 03:50:05 TRACE org.hibernate.orm.jdbc.bind - binding parameter (1:BIGINT) <- [9]
2026-08-26 03:50:05 DEBUG org.hibernate.SQL - select cd1_0.patient_id,cd1_0.id,cd1_0.component_name,cd1_0.component_value,cd1_0.measured_date_time from clinicaldata cd1_0 where cd1_0.patient_id=?
2026-08-26 03:50:05 TRACE org.hibernate.orm.jdbc.bind - binding parameter (1:BIGINT) <- [8]
2026-08-26 03:50:05 DEBUG org.hibernate.SQL - select cd1_0.patient_id,cd1_0.id,cd1_0.component_name,cd1_0.component_value,cd1_0.measured_date_time from clinicaldata cd1_0 where cd1_0.patient_id=?
2026-08-26 03:50:05 TRACE org.hibernate.orm.jdbc.bind - binding parameter (1:BIGINT) <- [7]
2026-08-26 03:50:05 DEBUG org.hibernate.SQL - select cd1_0.patient_id,cd1_0.id,cd1_0.component_name,cd1_0.component_value,cd1_0.measured_date_time from clinicaldata cd1_0 where cd1_0.patient_id=?
2026-08-26 03:50:05 TRACE org.hibernate.orm.jdbc.bind - binding parameter (1:BIGINT) <- [6]
2026-08-26 03:50:05 DEBUG org.hibernate.SQL - select cd1_0.patient_id,cd1_0.id,cd1_0.component_name,cd1_0.component_value,cd1_0.measured_date_time from clinicaldata cd1_0 where cd1_0.patient_id=?
2026-08-26 03:50:05 TRACE org.hibernate.orm.jdbc.bind - binding parameter (1:BIGINT) <- [5]
2026-08-26 03:50:05 DEBUG org.hibernate.SQL - select cd1_0.patient_id,cd1_0.id,cd1_0.component_name,cd1_0.component_value,cd1_0.measured_date_time from clinicaldata cd1_0 where cd1_0.patient_id=?
2026-08-26 03:50:05 TRACE org.hibernate.orm.jdbc.bind - binding parameter (1:BIGINT) <- [4]
2026-08-26 03:50:05 DEBUG org.hibernate.SQL - select cd1_0.patient_id,cd1_0.id,cd1_0.component_name,cd1_0.component_value,cd1_0.measured_date_time from clinicaldata cd1_0 where cd1_0.patient_id=?
2026-08-26 03:50:05 TRACE org.hibernate.orm.jdbc.bind - binding parameter (1:BIGINT) <- [3]
2026-08-26 03:50:05 DEBUG org.hibernate.SQL - select cd1_0.patient_id,cd1_0.id,cd1_0.component_name,cd1_0.component_value,cd1_0.measured_date_time from clinicaldata cd1_0 where cd1_0.patient_id=?
2026-08-26 03:50:05 TRACE org.hibernate.orm.jdbc.bind - binding parameter (1:BIGINT) <- [2]
2026-08-26 03:50:05 DEBUG org.hibernate.SQL - select cd1_0.patient_id,cd1_0.id,cd1_0.component_name,cd1_0.component_value,cd1_0.measured_date_time from clinicaldata cd1_0 where cd1_0.patient_id=?
2026-08-26 03:50:05 TRACE org.hibernate.orm.jdbc.bind - binding parameter (1:BIGINT) <- [1]
2026-08-26 03:50:06 DEBUG c.v.c.p.r.PatientController - Fetching patient with id 3
2026-08-26 03:50:06 DEBUG org.hibernate.SQL - select p1_0.id,p1_0.age,p1_0.first_name,p1_0.last_name,cd1_0.patient_id,cd1_0.id,cd1_0.component_name,cd1_0.component_value,cd1_0.measured_date_time from patient p1_0 left join clinicaldata cd1_0 on p1_0.id=cd1_0.patient_id where p1_0.id=?
2026-08-26 03:50:06 TRACE org.hibernate.orm.jdbc.bind - binding parameter (1:BIGINT) <- [3]
2026-08-26 03:50:06 DEBUG c.v.c.p.r.PatientController - Fetching patient with id 3
2026-08-26 03:50:06 DEBUG org.hibernate.SQL - select p1_0.id,p1_0.age,p1_0.first_name,p1_0.last_name,cd1_0.patient_id,cd1_0.id,cd1_0.component_name,cd1_0.component_value,cd1_0.measured_date_time from patient p1_0 left join clinicaldata cd1_0 on p1_0.id=cd1_0.patient_id where p1_0.id=?
2026-08-26 03:50:06 TRACE org.hibernate.orm.jdbc.bind - binding parameter (1:BIGINT) <- [3]
2026-08-26 03:50:17 INFO  c.v.c.p.r.PatientController - Fetching all patients
2026-08-26 03:50:17 DEBUG org.hibernate.SQL - select p1_0.id,p1_0.age,p1_0.first_name,p1_0.last_name from patient p1_0
2026-08-26 03:50:17 DEBUG org.hibernate.SQL - select cd1_0.patient_id,cd1_0.id,cd1_0.component_name,cd1_0.component_value,cd1_0.measured_date_time from clinicaldata cd1_0 where cd1_0.patient_id=?
2026-08-26 03:50:17 TRACE org.hibernate.orm.jdbc.bind - binding parameter (1:BIGINT) <- [17]
2026-08-26 03:50:17 DEBUG org.hibernate.SQL - select cd1_0.patient_id,cd1_0.id,cd1_0.component_name,cd1_0.component_value,cd1_0.measured_date_time from clinicaldata cd1_0 where cd1_0.patient_id=?
2026-08-26 03:50:17 TRACE org.hibernate.orm.jdbc.bind - binding parameter (1:BIGINT) <- [16]
2026-08-26 03:50:17 DEBUG org.hibernate.SQL - select cd1_0.patient_id,cd1_0.id,cd1_0.component_name,cd1_0.component_value,cd1_0.measured_date_time from clinicaldata cd1_0 where cd1_0.patient_id=?
2026-08-26 03:50:17 TRACE org.hibernate.orm.jdbc.bind - binding parameter (1:BIGINT) <- [15]
2026-08-26 03:50:17 DEBUG org.hibernate.SQL - select cd1_0.patient_id,cd1_0.id,cd1_0.component_name,cd1_0.component_value,cd1_0.measured_date_time from clinicaldata cd1_0 where cd1_0.patient_id=?
2026-08-26 03:50:17 TRACE org.hibernate.orm.jdbc.bind - binding parameter (1:BIGINT) <- [14]
2026-08-26 03:50:17 DEBUG org.hibernate.SQL - select cd1_0.patient_id,cd1_0.id,cd1_0.component_name,cd1_0.component_value,cd1_0.measured_date_time from clinicaldata cd1_0 where cd1_0.patient_id=?
2026-08-26 03:50:17 TRACE org.hibernate.orm.jdbc.bind - binding parameter (1:BIGINT) <- [13]
2026-08-26 03:50:17 DEBUG org.hibernate.SQL - select cd1_0.patient_id,cd1_0.id,cd1_0.component_name,cd1_0.component_value,cd1_0.measured_date_time from clinicaldata cd1_0 where cd1_0.patient_id=?
2026-08-26 03:50:17 TRACE org.hibernate.orm.jdbc.bind - binding parameter (1:BIGINT) <- [12]
2026-08-26 03:50:17 DEBUG org.hibernate.SQL - select cd1_0.patient_id,cd1_0.id,cd1_0.component_name,cd1_0.component_value,cd1_0.measured_date_time from clinicaldata cd1_0 where cd1_0.patient_id=?
2026-08-26 03:50:17 TRACE org.hibernate.orm.jdbc.bind - binding parameter (1:BIGINT) <- [11]
2026-08-26 03:50:17 DEBUG org.hibernate.SQL - select cd1_0.patient_id,cd1_0.id,cd1_0.component_name,cd1_0.component_value,cd1_0.measured_date_time from clinicaldata cd1_0 where cd1_0.patient_id=?
2026-08-26 03:50:17 TRACE org.hibernate.orm.jdbc.bind - binding parameter (1:BIGINT) <- [10]
2026-08-26 03:50:17 DEBUG org.hibernate.SQL - select cd1_0.patient_id,cd1_0.id,cd1_0.component_name,cd1_0.component_value,cd1_0.measured_date_time from clinicaldata cd1_0 where cd1_0.patient_id=?
2026-08-26 03:50:17 TRACE org.hibernate.orm.jdbc.bind - binding parameter (1:BIGINT) <- [9]
2026-08-26 03:50:17 DEBUG org.hibernate.SQL - select cd1_0.patient_id,cd1_0.id,cd1_0.component_name,cd1_0.component_value,cd1_0.measured_date_time from clinicaldata cd1_0 where cd1_0.patient_id=?
2026-08-26 03:50:17 TRACE org.hibernate.orm.jdbc.bind - binding parameter (1:BIGINT) <- [8]
2026-08-26 03:50:17 DEBUG org.hibernate.SQL - select cd1_0.patient_id,cd1_0.id,cd1_0.component_name,cd1_0.component_value,cd1_0.measured_date_time from clinicaldata cd1_0 where cd1_0.patient_id=?
2026-08-26 03:50:17 TRACE org.hibernate.orm.jdbc.bind - binding parameter (1:BIGINT) <- [7]
2026-08-26 03:50:17 DEBUG org.hibernate.SQL - select cd1_0.patient_id,cd1_0.id,cd1_0.component_name,cd1_0.component_value,cd1_0.measured_date_time from clinicaldata cd1_0 where cd1_0.patient_id=?
2026-08-26 03:50:17 TRACE org.hibernate.orm.jdbc.bind - binding parameter (1:BIGINT) <- [6]
2026-08-26 03:50:17 DEBUG org.hibernate.SQL - select cd1_0.patient_id,cd1_0.id,cd1_0.component_name,cd1_0.component_value,cd1_0.measured_date_time from clinicaldata cd1_0 where cd1_0.patient_id=?
2026-08-26 03:50:17 TRACE org.hibernate.orm.jdbc.bind - binding parameter (1:BIGINT) <- [5]
2026-08-26 03:50:17 DEBUG org.hibernate.SQL - select cd1_0.patient_id,cd1_0.id,cd1_0.component_name,cd1_0.component_value,cd1_0.measured_date_time from clinicaldata cd1_0 where cd1_0.patient_id=?
2026-08-26 03:50:17 TRACE org.hibernate.orm.jdbc.bind - binding parameter (1:BIGINT) <- [4]
2026-08-26 03:50:17 DEBUG org.hibernate.SQL - select cd1_0.patient_id,cd1_0.id,cd1_0.component_name,cd1_0.component_value,cd1_0.measured_date_time from clinicaldata cd1_0 where cd1_0.patient_id=?
2026-08-26 03:50:17 TRACE org.hibernate.orm.jdbc.bind - binding parameter (1:BIGINT) <- [3]
2026-08-26 03:50:17 DEBUG org.hibernate.SQL - select cd1_0.patient_id,cd1_0.id,cd1_0.component_name,cd1_0.component_value,cd1_0.measured_date_time from clinicaldata cd1_0 where cd1_0.patient_id=?
2026-08-26 03:50:17 TRACE org.hibernate.orm.jdbc.bind - binding parameter (1:BIGINT) <- [2]
2026-08-26 03:50:17 DEBUG org.hibernate.SQL - select cd1_0.patient_id,cd1_0.id,cd1_0.component_name,cd1_0.component_value,cd1_0.measured_date_time from clinicaldata cd1_0 where cd1_0.patient_id=?
2026-08-26 03:50:17 TRACE org.hibernate.orm.jdbc.bind - binding parameter (1:BIGINT) <- [1]
2026-08-26 03:50:17 INFO  c.v.c.p.r.PatientController - Fetching all patients
2026-08-26 03:50:17 DEBUG org.hibernate.SQL - select p1_0.id,p1_0.age,p1_0.first_name,p1_0.last_name from patient p1_0
2026-08-26 03:50:17 DEBUG org.hibernate.SQL - select cd1_0.patient_id,cd1_0.id,cd1_0.component_name,cd1_0.component_value,cd1_0.measured_date_time from clinicaldata cd1_0 where cd1_0.patient_id=?
2026-08-26 03:50:17 TRACE org.hibernate.orm.jdbc.bind - binding parameter (1:BIGINT) <- [17]
2026-08-26 03:50:17 DEBUG org.hibernate.SQL - select cd1_0.patient_id,cd1_0.id,cd1_0.component_name,cd1_0.component_value,cd1_0.measured_date_time from clinicaldata cd1_0 where cd1_0.patient_id=?
2026-08-26 03:50:17 TRACE org.hibernate.orm.jdbc.bind - binding parameter (1:BIGINT) <- [16]
2026-08-26 03:50:17 DEBUG org.hibernate.SQL - select cd1_0.patient_id,cd1_0.id,cd1_0.component_name,cd1_0.component_value,cd1_0.measured_date_time from clinicaldata cd1_0 where cd1_0.patient_id=?
2026-08-26 03:50:17 TRACE org.hibernate.orm.jdbc.bind - binding parameter (1:BIGINT) <- [15]
2026-08-26 03:50:17 DEBUG org.hibernate.SQL - select cd1_0.patient_id,cd1_0.id,cd1_0.component_name,cd1_0.component_value,cd1_0.measured_date_time from clinicaldata cd1_0 where cd1_0.patient_id=?
2026-08-26 03:50:17 TRACE org.hibernate.orm.jdbc.bind - binding parameter (1:BIGINT) <- [14]
2026-08-26 03:50:17 DEBUG org.hibernate.SQL - select cd1_0.patient_id,cd1_0.id,cd1_0.component_name,cd1_0.component_value,cd1_0.measured_date_time from clinicaldata cd1_0 where cd1_0.patient_id=?
2026-08-26 03:50:17 TRACE org.hibernate.orm.jdbc.bind - binding parameter (1:BIGINT) <- [13]
2026-08-26 03:50:17 DEBUG org.hibernate.SQL - select cd1_0.patient_id,cd1_0.id,cd1_0.component_name,cd1_0.component_value,cd1_0.measured_date_time from clinicaldata cd1_0 where cd1_0.patient_id=?
2026-08-26 03:50:17 TRACE org.hibernate.orm.jdbc.bind - binding parameter (1:BIGINT) <- [12]
2026-08-26 03:50:17 DEBUG org.hibernate.SQL - select cd1_0.patient_id,cd1_0.id,cd1_0.component_name,cd1_0.component_value,cd1_0.measured_date_time from clinicaldata cd1_0 where cd1_0.patient_id=?
2026-08-26 03:50:17 TRACE org.hibernate.orm.jdbc.bind - binding parameter (1:BIGINT) <- [11]
2026-08-26 03:50:17 DEBUG org.hibernate.SQL - select cd1_0.patient_id,cd1_0.id,cd1_0.component_name,cd1_0.component_value,cd1_0.measured_date_time from clinicaldata cd1_0 where cd1_0.patient_id=?
2026-08-26 03:50:17 TRACE org.hibernate.orm.jdbc.bind - binding parameter (1:BIGINT) <- [10]
2026-08-26 03:50:17 DEBUG org.hibernate.SQL - select cd1_0.patient_id,cd1_0.id,cd1_0.component_name,cd1_0.component_value,cd1_0.measured_date_time from clinicaldata cd1_0 where cd1_0.patient_id=?
2026-08-26 03:50:17 TRACE org.hibernate.orm.jdbc.bind - binding parameter (1:BIGINT) <- [9]
2026-08-26 03:50:17 DEBUG org.hibernate.SQL - select cd1_0.patient_id,cd1_0.id,cd1_0.component_name,cd1_0.component_value,cd1_0.measured_date_time from clinicaldata cd1_0 where cd1_0.patient_id=?
2026-08-26 03:50:17 TRACE org.hibernate.orm.jdbc.bind - binding parameter (1:BIGINT) <- [8]
2026-08-26 03:50:17 DEBUG org.hibernate.SQL - select cd1_0.patient_id,cd1_0.id,cd1_0.component_name,cd1_0.component_value,cd1_0.measured_date_time from clinicaldata cd1_0 where cd1_0.patient_id=?
2026-08-26 03:50:17 TRACE org.hibernate.orm.jdbc.bind - binding parameter (1:BIGINT) <- [7]
2026-08-26 03:50:17 DEBUG org.hibernate.SQL - select cd1_0.patient_id,cd1_0.id,cd1_0.component_name,cd1_0.component_value,cd1_0.measured_date_time from clinicaldata cd1_0 where cd1_0.patient_id=?
2026-08-26 03:50:17 TRACE org.hibernate.orm.jdbc.bind - binding parameter (1:BIGINT) <- [6]
2026-08-26 03:50:17 DEBUG org.hibernate.SQL - select cd1_0.patient_id,cd1_0.id,cd1_0.component_name,cd1_0.component_value,cd1_0.measured_date_time from clinicaldata cd1_0 where cd1_0.patient_id=?
2026-08-26 03:50:17 TRACE org.hibernate.orm.jdbc.bind - binding parameter (1:BIGINT) <- [5]
2026-08-26 03:50:17 DEBUG org.hibernate.SQL - select cd1_0.patient_id,cd1_0.id,cd1_0.component_name,cd1_0.component_value,cd1_0.measured_date_time from clinicaldata cd1_0 where cd1_0.patient_id=?
2026-08-26 03:50:17 TRACE org.hibernate.orm.jdbc.bind - binding parameter (1:BIGINT) <- [4]
2026-08-26 03:50:17 DEBUG org.hibernate.SQL - select cd1_0.patient_id,cd1_0.id,cd1_0.component_name,cd1_0.component_value,cd1_0.measured_date_time from clinicaldata cd1_0 where cd1_0.patient_id=?
2026-08-26 03:50:17 TRACE org.hibernate.orm.jdbc.bind - binding parameter (1:BIGINT) <- [3]
2026-08-26 03:50:17 DEBUG org.hibernate.SQL - select cd1_0.patient_id,cd1_0.id,cd1_0.component_name,cd1_0.component_value,cd1_0.measured_date_time from clinicaldata cd1_0 where cd1_0.patient_id=?
2026-08-26 03:50:17 TRACE org.hibernate.orm.jdbc.bind - binding parameter (1:BIGINT) <- [2]
2026-08-26 03:50:17 DEBUG org.hibernate.SQL - select cd1_0.patient_id,cd1_0.id,cd1_0.component_name,cd1_0.component_value,cd1_0.measured_date_time from clinicaldata cd1_0 where cd1_0.patient_id=?
2026-08-26 03:50:17 TRACE org.hibernate.orm.jdbc.bind - binding parameter (1:BIGINT) <- [1]
2026-08-26 03:50:20 DEBUG c.v.c.p.r.PatientController - Fetching patient with id 14
2026-08-26 03:50:20 DEBUG org.hibernate.SQL - select p1_0.id,p1_0.age,p1_0.first_name,p1_0.last_name,cd1_0.patient_id,cd1_0.id,cd1_0.component_name,cd1_0.component_value,cd1_0.measured_date_time from patient p1_0 left join clinicaldata cd1_0 on p1_0.id=cd1_0.patient_id where p1_0.id=?
2026-08-26 03:50:20 TRACE org.hibernate.orm.jdbc.bind - binding parameter (1:BIGINT) <- [14]
2026-08-26 03:50:20 DEBUG c.v.c.p.r.PatientController - Fetching patient with id 14
2026-08-26 03:50:20 DEBUG org.hibernate.SQL - select p1_0.id,p1_0.age,p1_0.first_name,p1_0.last_name,cd1_0.patient_id,cd1_0.id,cd1_0.component_name,cd1_0.component_value,cd1_0.measured_date_time from patient p1_0 left join clinicaldata cd1_0 on p1_0.id=cd1_0.patient_id where p1_0.id=?
2026-08-26 03:50:20 TRACE org.hibernate.orm.jdbc.bind - binding parameter (1:BIGINT) <- [14]
2026-08-26 03:53:46 DEBUG c.v.c.p.r.PatientController - Fetching patient with id 14
2026-08-26 03:53:46 DEBUG org.hibernate.SQL - select p1_0.id,p1_0.age,p1_0.first_name,p1_0.last_name,cd1_0.patient_id,cd1_0.id,cd1_0.component_name,cd1_0.component_value,cd1_0.measured_date_time from patient p1_0 left join clinicaldata cd1_0 on p1_0.id=cd1_0.patient_id where p1_0.id=?
2026-08-26 03:53:46 TRACE org.hibernate.orm.jdbc.bind - binding parameter (1:BIGINT) <- [14]
2026-08-26 03:55:53 INFO  c.v.c.p.PatientClinicalDataApiApplication - Starting PatientClinicalDataApiApplication using Java 17.0.8 with PID 7212 (D:\GitHub\Patient-clinical-data-api\target\classes started by DELL in D:\GitHub\Patient-clinical-data-api)
2026-08-26 03:55:54 DEBUG c.v.c.p.PatientClinicalDataApiApplication - Running with Spring Boot v4.2.0-SNAPSHOT, Spring v7.1.0-M1
2026-08-26 03:55:54 INFO  c.v.c.p.PatientClinicalDataApiApplication - No active profile set, falling back to 1 default profile: "default"
2026-08-26 03:55:54 INFO  o.s.b.d.e.DevToolsPropertyDefaultsPostProcessor - Devtools property defaults active! Set 'spring.devtools.add-properties' to 'false' to disable
2026-08-26 03:55:54 INFO  o.s.b.d.e.DevToolsPropertyDefaultsPostProcessor - For additional web related logging consider setting the 'logging.level.web' property to 'DEBUG'
2026-08-26 03:55:55 INFO  o.s.d.r.c.RepositoryConfigurationDelegate - Bootstrapping Spring Data JPA repositories in DEFAULT mode.
2026-08-26 03:55:56 INFO  o.s.d.r.c.RepositoryConfigurationDelegate - Finished Spring Data repository scanning in 140 ms. Found 2 JPA repository interfaces.
2026-08-26 03:55:57 INFO  o.s.boot.tomcat.TomcatWebServer - Tomcat initialized with port 8080 (http)
2026-08-26 03:55:57 INFO  o.a.catalina.core.StandardService - Starting service [Tomcat]
2026-08-26 03:55:57 INFO  o.a.catalina.core.StandardEngine - Starting Servlet engine: [Apache Tomcat/11.0.24]
2026-08-26 03:55:57 INFO  o.s.b.w.c.s.WebApplicationContextInitializer - Root WebApplicationContext: initialization completed in 3433 ms
2026-08-26 03:55:57 INFO  com.zaxxer.hikari.HikariDataSource - HikariPool-1 - Starting...
2026-08-26 03:55:58 INFO  com.zaxxer.hikari.pool.HikariPool - HikariPool-1 - Added connection com.mysql.cj.jdbc.ConnectionImpl@7f1bc5ac
2026-08-26 03:55:58 INFO  com.zaxxer.hikari.HikariDataSource - HikariPool-1 - Start completed.
2026-08-26 03:55:58 INFO  org.hibernate.orm.jpa - HHH008540: Processing PersistenceUnitInfo [name: default]
2026-08-26 03:55:58 INFO  org.hibernate.orm.core - HHH000001: Hibernate ORM core version 7.4.5.Final
2026-08-26 03:55:59 INFO  o.s.o.j.p.SpringPersistenceUnitInfo - No LoadTimeWeaver setup: ignoring JPA class transformer
2026-08-26 03:55:59 INFO  o.hibernate.orm.connections.pooling - HHH10001005: Database info:
	Database JDBC URL [jdbc:mysql://localhost:3306/clinicals?useSSL=false&serverTimezone=UTC]
	Database driver: MySQL Connector/J
	Database dialect: MySQLDialect
	Database version: 8.0.27
	Default catalog/schema: clinicals/undefined
	Autocommit mode: undefined/unknown
	Isolation level: REPEATABLE_READ [default REPEATABLE_READ]
	JDBC fetch size: none
	Pool: DataSourceConnectionProvider
	Minimum pool size: undefined/unknown
	Maximum pool size: undefined/unknown
2026-08-26 03:56:01 INFO  org.hibernate.orm.core - HHH000489: No JTA platform available (set 'hibernate.transaction.jta.platform' to enable JTA platform integration)
2026-08-26 03:56:01 INFO  o.s.o.j.LocalContainerEntityManagerFactoryBean - Initialized JPA EntityManagerFactory for persistence unit 'default'
2026-08-26 03:56:02 INFO  o.s.d.j.r.q.QueryEnhancerFactories - Hibernate is in classpath; If applicable, HQL parser will be used.
2026-08-26 03:56:02 WARN  o.s.b.j.a.JpaBaseConfiguration$JpaWebConfiguration - spring.jpa.open-in-view is enabled by default. Therefore, database queries may be performed during view rendering. Explicitly configure spring.jpa.open-in-view to disable this warning
2026-08-26 03:56:04 INFO  o.s.b.a.e.web.EndpointLinksResolver - Exposing 1 endpoint beneath base path '/actuator'
2026-08-26 03:56:04 INFO  o.s.boot.tomcat.TomcatWebServer - Tomcat started on port 8080 (http) with context path '/patient-services'
2026-08-26 03:56:04 INFO  c.v.c.p.PatientClinicalDataApiApplication - Started PatientClinicalDataApiApplication in 11.267 seconds (process running for 11.849)
2026-08-26 03:56:05 INFO  o.a.c.c.C.[.[.[/patient-services] - Initializing Spring DispatcherServlet 'dispatcherServlet'
2026-08-26 03:56:05 INFO  o.s.web.servlet.DispatcherServlet - Initializing Servlet 'dispatcherServlet'
2026-08-26 03:56:05 INFO  o.s.web.servlet.DispatcherServlet - Completed initialization in 3 ms
2026-08-26 04:01:58 INFO  c.v.c.p.r.PatientController - Fetching all patients
2026-08-26 04:01:59 DEBUG org.hibernate.SQL - select p1_0.id,p1_0.age,p1_0.first_name,p1_0.last_name from patient p1_0
2026-08-26 04:01:59 DEBUG org.hibernate.SQL - select cd1_0.patient_id,cd1_0.id,cd1_0.component_name,cd1_0.component_value,cd1_0.measured_date_time from clinicaldata cd1_0 where cd1_0.patient_id=?
2026-08-26 04:01:59 TRACE org.hibernate.orm.jdbc.bind - binding parameter (1:BIGINT) <- [17]
2026-08-26 04:01:59 DEBUG org.hibernate.SQL - select cd1_0.patient_id,cd1_0.id,cd1_0.component_name,cd1_0.component_value,cd1_0.measured_date_time from clinicaldata cd1_0 where cd1_0.patient_id=?
2026-08-26 04:01:59 TRACE org.hibernate.orm.jdbc.bind - binding parameter (1:BIGINT) <- [16]
2026-08-26 04:01:59 DEBUG org.hibernate.SQL - select cd1_0.patient_id,cd1_0.id,cd1_0.component_name,cd1_0.component_value,cd1_0.measured_date_time from clinicaldata cd1_0 where cd1_0.patient_id=?
2026-08-26 04:01:59 TRACE org.hibernate.orm.jdbc.bind - binding parameter (1:BIGINT) <- [15]
2026-08-26 04:01:59 DEBUG org.hibernate.SQL - select cd1_0.patient_id,cd1_0.id,cd1_0.component_name,cd1_0.component_value,cd1_0.measured_date_time from clinicaldata cd1_0 where cd1_0.patient_id=?
2026-08-26 04:01:59 TRACE org.hibernate.orm.jdbc.bind - binding parameter (1:BIGINT) <- [14]
2026-08-26 04:01:59 DEBUG org.hibernate.SQL - select cd1_0.patient_id,cd1_0.id,cd1_0.component_name,cd1_0.component_value,cd1_0.measured_date_time from clinicaldata cd1_0 where cd1_0.patient_id=?
2026-08-26 04:01:59 TRACE org.hibernate.orm.jdbc.bind - binding parameter (1:BIGINT) <- [13]
2026-08-26 04:01:59 DEBUG org.hibernate.SQL - select cd1_0.patient_id,cd1_0.id,cd1_0.component_name,cd1_0.component_value,cd1_0.measured_date_time from clinicaldata cd1_0 where cd1_0.patient_id=?
2026-08-26 04:01:59 TRACE org.hibernate.orm.jdbc.bind - binding parameter (1:BIGINT) <- [12]
2026-08-26 04:01:59 DEBUG org.hibernate.SQL - select cd1_0.patient_id,cd1_0.id,cd1_0.component_name,cd1_0.component_value,cd1_0.measured_date_time from clinicaldata cd1_0 where cd1_0.patient_id=?
2026-08-26 04:01:59 TRACE org.hibernate.orm.jdbc.bind - binding parameter (1:BIGINT) <- [11]
2026-08-26 04:01:59 DEBUG org.hibernate.SQL - select cd1_0.patient_id,cd1_0.id,cd1_0.component_name,cd1_0.component_value,cd1_0.measured_date_time from clinicaldata cd1_0 where cd1_0.patient_id=?
2026-08-26 04:01:59 TRACE org.hibernate.orm.jdbc.bind - binding parameter (1:BIGINT) <- [10]
2026-08-26 04:01:59 DEBUG org.hibernate.SQL - select cd1_0.patient_id,cd1_0.id,cd1_0.component_name,cd1_0.component_value,cd1_0.measured_date_time from clinicaldata cd1_0 where cd1_0.patient_id=?
2026-08-26 04:01:59 TRACE org.hibernate.orm.jdbc.bind - binding parameter (1:BIGINT) <- [9]
2026-08-26 04:01:59 DEBUG org.hibernate.SQL - select cd1_0.patient_id,cd1_0.id,cd1_0.component_name,cd1_0.component_value,cd1_0.measured_date_time from clinicaldata cd1_0 where cd1_0.patient_id=?
2026-08-26 04:01:59 TRACE org.hibernate.orm.jdbc.bind - binding parameter (1:BIGINT) <- [8]
2026-08-26 04:01:59 DEBUG org.hibernate.SQL - select cd1_0.patient_id,cd1_0.id,cd1_0.component_name,cd1_0.component_value,cd1_0.measured_date_time from clinicaldata cd1_0 where cd1_0.patient_id=?
2026-08-26 04:01:59 TRACE org.hibernate.orm.jdbc.bind - binding parameter (1:BIGINT) <- [7]
2026-08-26 04:01:59 DEBUG org.hibernate.SQL - select cd1_0.patient_id,cd1_0.id,cd1_0.component_name,cd1_0.component_value,cd1_0.measured_date_time from clinicaldata cd1_0 where cd1_0.patient_id=?
2026-08-26 04:01:59 TRACE org.hibernate.orm.jdbc.bind - binding parameter (1:BIGINT) <- [6]
2026-08-26 04:01:59 DEBUG org.hibernate.SQL - select cd1_0.patient_id,cd1_0.id,cd1_0.component_name,cd1_0.component_value,cd1_0.measured_date_time from clinicaldata cd1_0 where cd1_0.patient_id=?
2026-08-26 04:01:59 TRACE org.hibernate.orm.jdbc.bind - binding parameter (1:BIGINT) <- [5]
2026-08-26 04:01:59 DEBUG org.hibernate.SQL - select cd1_0.patient_id,cd1_0.id,cd1_0.component_name,cd1_0.component_value,cd1_0.measured_date_time from clinicaldata cd1_0 where cd1_0.patient_id=?
2026-08-26 04:01:59 TRACE org.hibernate.orm.jdbc.bind - binding parameter (1:BIGINT) <- [4]
2026-08-26 04:01:59 DEBUG org.hibernate.SQL - select cd1_0.patient_id,cd1_0.id,cd1_0.component_name,cd1_0.component_value,cd1_0.measured_date_time from clinicaldata cd1_0 where cd1_0.patient_id=?
2026-08-26 04:01:59 TRACE org.hibernate.orm.jdbc.bind - binding parameter (1:BIGINT) <- [3]
2026-08-26 04:01:59 DEBUG org.hibernate.SQL - select cd1_0.patient_id,cd1_0.id,cd1_0.component_name,cd1_0.component_value,cd1_0.measured_date_time from clinicaldata cd1_0 where cd1_0.patient_id=?
2026-08-26 04:01:59 TRACE org.hibernate.orm.jdbc.bind - binding parameter (1:BIGINT) <- [2]
2026-08-26 04:01:59 DEBUG org.hibernate.SQL - select cd1_0.patient_id,cd1_0.id,cd1_0.component_name,cd1_0.component_value,cd1_0.measured_date_time from clinicaldata cd1_0 where cd1_0.patient_id=?
2026-08-26 04:01:59 TRACE org.hibernate.orm.jdbc.bind - binding parameter (1:BIGINT) <- [1]
2026-08-26 04:01:59 INFO  c.v.c.p.r.PatientController - Fetching all patients
2026-08-26 04:01:59 DEBUG org.hibernate.SQL - select p1_0.id,p1_0.age,p1_0.first_name,p1_0.last_name from patient p1_0
2026-08-26 04:01:59 DEBUG org.hibernate.SQL - select cd1_0.patient_id,cd1_0.id,cd1_0.component_name,cd1_0.component_value,cd1_0.measured_date_time from clinicaldata cd1_0 where cd1_0.patient_id=?
2026-08-26 04:01:59 TRACE org.hibernate.orm.jdbc.bind - binding parameter (1:BIGINT) <- [17]
2026-08-26 04:01:59 DEBUG org.hibernate.SQL - select cd1_0.patient_id,cd1_0.id,cd1_0.component_name,cd1_0.component_value,cd1_0.measured_date_time from clinicaldata cd1_0 where cd1_0.patient_id=?
2026-08-26 04:01:59 TRACE org.hibernate.orm.jdbc.bind - binding parameter (1:BIGINT) <- [16]
2026-08-26 04:01:59 DEBUG org.hibernate.SQL - select cd1_0.patient_id,cd1_0.id,cd1_0.component_name,cd1_0.component_value,cd1_0.measured_date_time from clinicaldata cd1_0 where cd1_0.patient_id=?
2026-08-26 04:01:59 TRACE org.hibernate.orm.jdbc.bind - binding parameter (1:BIGINT) <- [15]
2026-08-26 04:01:59 DEBUG org.hibernate.SQL - select cd1_0.patient_id,cd1_0.id,cd1_0.component_name,cd1_0.component_value,cd1_0.measured_date_time from clinicaldata cd1_0 where cd1_0.patient_id=?
2026-08-26 04:01:59 TRACE org.hibernate.orm.jdbc.bind - binding parameter (1:BIGINT) <- [14]
2026-08-26 04:01:59 DEBUG org.hibernate.SQL - select cd1_0.patient_id,cd1_0.id,cd1_0.component_name,cd1_0.component_value,cd1_0.measured_date_time from clinicaldata cd1_0 where cd1_0.patient_id=?
2026-08-26 04:01:59 TRACE org.hibernate.orm.jdbc.bind - binding parameter (1:BIGINT) <- [13]
2026-08-26 04:01:59 DEBUG org.hibernate.SQL - select cd1_0.patient_id,cd1_0.id,cd1_0.component_name,cd1_0.component_value,cd1_0.measured_date_time from clinicaldata cd1_0 where cd1_0.patient_id=?
2026-08-26 04:01:59 TRACE org.hibernate.orm.jdbc.bind - binding parameter (1:BIGINT) <- [12]
2026-08-26 04:01:59 DEBUG org.hibernate.SQL - select cd1_0.patient_id,cd1_0.id,cd1_0.component_name,cd1_0.component_value,cd1_0.measured_date_time from clinicaldata cd1_0 where cd1_0.patient_id=?
2026-08-26 04:01:59 TRACE org.hibernate.orm.jdbc.bind - binding parameter (1:BIGINT) <- [11]
2026-08-26 04:01:59 DEBUG org.hibernate.SQL - select cd1_0.patient_id,cd1_0.id,cd1_0.component_name,cd1_0.component_value,cd1_0.measured_date_time from clinicaldata cd1_0 where cd1_0.patient_id=?
2026-08-26 04:01:59 TRACE org.hibernate.orm.jdbc.bind - binding parameter (1:BIGINT) <- [10]
2026-08-26 04:01:59 DEBUG org.hibernate.SQL - select cd1_0.patient_id,cd1_0.id,cd1_0.component_name,cd1_0.component_value,cd1_0.measured_date_time from clinicaldata cd1_0 where cd1_0.patient_id=?
2026-08-26 04:01:59 TRACE org.hibernate.orm.jdbc.bind - binding parameter (1:BIGINT) <- [9]
2026-08-26 04:01:59 DEBUG org.hibernate.SQL - select cd1_0.patient_id,cd1_0.id,cd1_0.component_name,cd1_0.component_value,cd1_0.measured_date_time from clinicaldata cd1_0 where cd1_0.patient_id=?
2026-08-26 04:01:59 TRACE org.hibernate.orm.jdbc.bind - binding parameter (1:BIGINT) <- [8]
2026-08-26 04:01:59 DEBUG org.hibernate.SQL - select cd1_0.patient_id,cd1_0.id,cd1_0.component_name,cd1_0.component_value,cd1_0.measured_date_time from clinicaldata cd1_0 where cd1_0.patient_id=?
2026-08-26 04:01:59 TRACE org.hibernate.orm.jdbc.bind - binding parameter (1:BIGINT) <- [7]
2026-08-26 04:01:59 DEBUG org.hibernate.SQL - select cd1_0.patient_id,cd1_0.id,cd1_0.component_name,cd1_0.component_value,cd1_0.measured_date_time from clinicaldata cd1_0 where cd1_0.patient_id=?
2026-08-26 04:01:59 TRACE org.hibernate.orm.jdbc.bind - binding parameter (1:BIGINT) <- [6]
2026-08-26 04:01:59 DEBUG org.hibernate.SQL - select cd1_0.patient_id,cd1_0.id,cd1_0.component_name,cd1_0.component_value,cd1_0.measured_date_time from clinicaldata cd1_0 where cd1_0.patient_id=?
2026-08-26 04:01:59 TRACE org.hibernate.orm.jdbc.bind - binding parameter (1:BIGINT) <- [5]
2026-08-26 04:01:59 DEBUG org.hibernate.SQL - select cd1_0.patient_id,cd1_0.id,cd1_0.component_name,cd1_0.component_value,cd1_0.measured_date_time from clinicaldata cd1_0 where cd1_0.patient_id=?
2026-08-26 04:01:59 TRACE org.hibernate.orm.jdbc.bind - binding parameter (1:BIGINT) <- [4]
2026-08-26 04:01:59 DEBUG org.hibernate.SQL - select cd1_0.patient_id,cd1_0.id,cd1_0.component_name,cd1_0.component_value,cd1_0.measured_date_time from clinicaldata cd1_0 where cd1_0.patient_id=?
2026-08-26 04:01:59 TRACE org.hibernate.orm.jdbc.bind - binding parameter (1:BIGINT) <- [3]
2026-08-26 04:01:59 DEBUG org.hibernate.SQL - select cd1_0.patient_id,cd1_0.id,cd1_0.component_name,cd1_0.component_value,cd1_0.measured_date_time from clinicaldata cd1_0 where cd1_0.patient_id=?
2026-08-26 04:01:59 TRACE org.hibernate.orm.jdbc.bind - binding parameter (1:BIGINT) <- [2]
2026-08-26 04:01:59 DEBUG org.hibernate.SQL - select cd1_0.patient_id,cd1_0.id,cd1_0.component_name,cd1_0.component_value,cd1_0.measured_date_time from clinicaldata cd1_0 where cd1_0.patient_id=?
2026-08-26 04:01:59 TRACE org.hibernate.orm.jdbc.bind - binding parameter (1:BIGINT) <- [1]
2026-08-26 04:02:01 WARN  o.s.w.s.m.m.a.ExceptionHandlerExceptionResolver - Resolved [org.springframework.web.servlet.resource.NoResourceFoundException: No static resource api/1 for request '/patient-services/api/1'.]
2026-08-26 04:02:01 WARN  o.s.w.s.m.m.a.ExceptionHandlerExceptionResolver - Resolved [org.springframework.web.servlet.resource.NoResourceFoundException: No static resource api/1 for request '/patient-services/api/1'.]
2026-08-26 04:02:04 INFO  c.v.c.p.r.PatientController - Fetching all patients
2026-08-26 04:02:04 DEBUG org.hibernate.SQL - select p1_0.id,p1_0.age,p1_0.first_name,p1_0.last_name from patient p1_0
2026-08-26 04:02:04 DEBUG org.hibernate.SQL - select cd1_0.patient_id,cd1_0.id,cd1_0.component_name,cd1_0.component_value,cd1_0.measured_date_time from clinicaldata cd1_0 where cd1_0.patient_id=?
2026-08-26 04:02:04 TRACE org.hibernate.orm.jdbc.bind - binding parameter (1:BIGINT) <- [17]
2026-08-26 04:02:04 DEBUG org.hibernate.SQL - select cd1_0.patient_id,cd1_0.id,cd1_0.component_name,cd1_0.component_value,cd1_0.measured_date_time from clinicaldata cd1_0 where cd1_0.patient_id=?
2026-08-26 04:02:04 TRACE org.hibernate.orm.jdbc.bind - binding parameter (1:BIGINT) <- [16]
2026-08-26 04:02:04 DEBUG org.hibernate.SQL - select cd1_0.patient_id,cd1_0.id,cd1_0.component_name,cd1_0.component_value,cd1_0.measured_date_time from clinicaldata cd1_0 where cd1_0.patient_id=?
2026-08-26 04:02:04 TRACE org.hibernate.orm.jdbc.bind - binding parameter (1:BIGINT) <- [15]
2026-08-26 04:02:04 DEBUG org.hibernate.SQL - select cd1_0.patient_id,cd1_0.id,cd1_0.component_name,cd1_0.component_value,cd1_0.measured_date_time from clinicaldata cd1_0 where cd1_0.patient_id=?
2026-08-26 04:02:04 TRACE org.hibernate.orm.jdbc.bind - binding parameter (1:BIGINT) <- [14]
2026-08-26 04:02:04 DEBUG org.hibernate.SQL - select cd1_0.patient_id,cd1_0.id,cd1_0.component_name,cd1_0.component_value,cd1_0.measured_date_time from clinicaldata cd1_0 where cd1_0.patient_id=?
2026-08-26 04:02:04 TRACE org.hibernate.orm.jdbc.bind - binding parameter (1:BIGINT) <- [13]
2026-08-26 04:02:04 DEBUG org.hibernate.SQL - select cd1_0.patient_id,cd1_0.id,cd1_0.component_name,cd1_0.component_value,cd1_0.measured_date_time from clinicaldata cd1_0 where cd1_0.patient_id=?
2026-08-26 04:02:04 TRACE org.hibernate.orm.jdbc.bind - binding parameter (1:BIGINT) <- [12]
2026-08-26 04:02:04 DEBUG org.hibernate.SQL - select cd1_0.patient_id,cd1_0.id,cd1_0.component_name,cd1_0.component_value,cd1_0.measured_date_time from clinicaldata cd1_0 where cd1_0.patient_id=?
2026-08-26 04:02:04 TRACE org.hibernate.orm.jdbc.bind - binding parameter (1:BIGINT) <- [11]
2026-08-26 04:02:04 DEBUG org.hibernate.SQL - select cd1_0.patient_id,cd1_0.id,cd1_0.component_name,cd1_0.component_value,cd1_0.measured_date_time from clinicaldata cd1_0 where cd1_0.patient_id=?
2026-08-26 04:02:04 TRACE org.hibernate.orm.jdbc.bind - binding parameter (1:BIGINT) <- [10]
2026-08-26 04:02:04 DEBUG org.hibernate.SQL - select cd1_0.patient_id,cd1_0.id,cd1_0.component_name,cd1_0.component_value,cd1_0.measured_date_time from clinicaldata cd1_0 where cd1_0.patient_id=?
2026-08-26 04:02:04 TRACE org.hibernate.orm.jdbc.bind - binding parameter (1:BIGINT) <- [9]
2026-08-26 04:02:04 DEBUG org.hibernate.SQL - select cd1_0.patient_id,cd1_0.id,cd1_0.component_name,cd1_0.component_value,cd1_0.measured_date_time from clinicaldata cd1_0 where cd1_0.patient_id=?
2026-08-26 04:02:04 TRACE org.hibernate.orm.jdbc.bind - binding parameter (1:BIGINT) <- [8]
2026-08-26 04:02:04 DEBUG org.hibernate.SQL - select cd1_0.patient_id,cd1_0.id,cd1_0.component_name,cd1_0.component_value,cd1_0.measured_date_time from clinicaldata cd1_0 where cd1_0.patient_id=?
2026-08-26 04:02:04 TRACE org.hibernate.orm.jdbc.bind - binding parameter (1:BIGINT) <- [7]
2026-08-26 04:02:04 DEBUG org.hibernate.SQL - select cd1_0.patient_id,cd1_0.id,cd1_0.component_name,cd1_0.component_value,cd1_0.measured_date_time from clinicaldata cd1_0 where cd1_0.patient_id=?
2026-08-26 04:02:04 TRACE org.hibernate.orm.jdbc.bind - binding parameter (1:BIGINT) <- [6]
2026-08-26 04:02:04 DEBUG org.hibernate.SQL - select cd1_0.patient_id,cd1_0.id,cd1_0.component_name,cd1_0.component_value,cd1_0.measured_date_time from clinicaldata cd1_0 where cd1_0.patient_id=?
2026-08-26 04:02:04 TRACE org.hibernate.orm.jdbc.bind - binding parameter (1:BIGINT) <- [5]
2026-08-26 04:02:04 DEBUG org.hibernate.SQL - select cd1_0.patient_id,cd1_0.id,cd1_0.component_name,cd1_0.component_value,cd1_0.measured_date_time from clinicaldata cd1_0 where cd1_0.patient_id=?
2026-08-26 04:02:04 TRACE org.hibernate.orm.jdbc.bind - binding parameter (1:BIGINT) <- [4]
2026-08-26 04:02:04 DEBUG org.hibernate.SQL - select cd1_0.patient_id,cd1_0.id,cd1_0.component_name,cd1_0.component_value,cd1_0.measured_date_time from clinicaldata cd1_0 where cd1_0.patient_id=?
2026-08-26 04:02:04 TRACE org.hibernate.orm.jdbc.bind - binding parameter (1:BIGINT) <- [3]
2026-08-26 04:02:04 DEBUG org.hibernate.SQL - select cd1_0.patient_id,cd1_0.id,cd1_0.component_name,cd1_0.component_value,cd1_0.measured_date_time from clinicaldata cd1_0 where cd1_0.patient_id=?
2026-08-26 04:02:04 TRACE org.hibernate.orm.jdbc.bind - binding parameter (1:BIGINT) <- [2]
2026-08-26 04:02:04 DEBUG org.hibernate.SQL - select cd1_0.patient_id,cd1_0.id,cd1_0.component_name,cd1_0.component_value,cd1_0.measured_date_time from clinicaldata cd1_0 where cd1_0.patient_id=?
2026-08-26 04:02:04 TRACE org.hibernate.orm.jdbc.bind - binding parameter (1:BIGINT) <- [1]
2026-08-26 04:02:04 INFO  c.v.c.p.r.PatientController - Fetching all patients
2026-08-26 04:02:04 DEBUG org.hibernate.SQL - select p1_0.id,p1_0.age,p1_0.first_name,p1_0.last_name from patient p1_0
2026-08-26 04:02:04 DEBUG org.hibernate.SQL - select cd1_0.patient_id,cd1_0.id,cd1_0.component_name,cd1_0.component_value,cd1_0.measured_date_time from clinicaldata cd1_0 where cd1_0.patient_id=?
2026-08-26 04:02:04 TRACE org.hibernate.orm.jdbc.bind - binding parameter (1:BIGINT) <- [17]
2026-08-26 04:02:04 DEBUG org.hibernate.SQL - select cd1_0.patient_id,cd1_0.id,cd1_0.component_name,cd1_0.component_value,cd1_0.measured_date_time from clinicaldata cd1_0 where cd1_0.patient_id=?
2026-08-26 04:02:04 TRACE org.hibernate.orm.jdbc.bind - binding parameter (1:BIGINT) <- [16]
2026-08-26 04:02:04 DEBUG org.hibernate.SQL - select cd1_0.patient_id,cd1_0.id,cd1_0.component_name,cd1_0.component_value,cd1_0.measured_date_time from clinicaldata cd1_0 where cd1_0.patient_id=?
2026-08-26 04:02:04 TRACE org.hibernate.orm.jdbc.bind - binding parameter (1:BIGINT) <- [15]
2026-08-26 04:02:04 DEBUG org.hibernate.SQL - select cd1_0.patient_id,cd1_0.id,cd1_0.component_name,cd1_0.component_value,cd1_0.measured_date_time from clinicaldata cd1_0 where cd1_0.patient_id=?
2026-08-26 04:02:04 TRACE org.hibernate.orm.jdbc.bind - binding parameter (1:BIGINT) <- [14]
2026-08-26 04:02:04 DEBUG org.hibernate.SQL - select cd1_0.patient_id,cd1_0.id,cd1_0.component_name,cd1_0.component_value,cd1_0.measured_date_time from clinicaldata cd1_0 where cd1_0.patient_id=?
2026-08-26 04:02:04 TRACE org.hibernate.orm.jdbc.bind - binding parameter (1:BIGINT) <- [13]
2026-08-26 04:02:04 DEBUG org.hibernate.SQL - select cd1_0.patient_id,cd1_0.id,cd1_0.component_name,cd1_0.component_value,cd1_0.measured_date_time from clinicaldata cd1_0 where cd1_0.patient_id=?
2026-08-26 04:02:04 TRACE org.hibernate.orm.jdbc.bind - binding parameter (1:BIGINT) <- [12]
2026-08-26 04:02:04 DEBUG org.hibernate.SQL - select cd1_0.patient_id,cd1_0.id,cd1_0.component_name,cd1_0.component_value,cd1_0.measured_date_time from clinicaldata cd1_0 where cd1_0.patient_id=?
2026-08-26 04:02:04 TRACE org.hibernate.orm.jdbc.bind - binding parameter (1:BIGINT) <- [11]
2026-08-26 04:02:05 DEBUG org.hibernate.SQL - select cd1_0.patient_id,cd1_0.id,cd1_0.component_name,cd1_0.component_value,cd1_0.measured_date_time from clinicaldata cd1_0 where cd1_0.patient_id=?
2026-08-26 04:02:05 TRACE org.hibernate.orm.jdbc.bind - binding parameter (1:BIGINT) <- [10]
2026-08-26 04:02:05 DEBUG org.hibernate.SQL - select cd1_0.patient_id,cd1_0.id,cd1_0.component_name,cd1_0.component_value,cd1_0.measured_date_time from clinicaldata cd1_0 where cd1_0.patient_id=?
2026-08-26 04:02:05 TRACE org.hibernate.orm.jdbc.bind - binding parameter (1:BIGINT) <- [9]
2026-08-26 04:02:05 DEBUG org.hibernate.SQL - select cd1_0.patient_id,cd1_0.id,cd1_0.component_name,cd1_0.component_value,cd1_0.measured_date_time from clinicaldata cd1_0 where cd1_0.patient_id=?
2026-08-26 04:02:05 TRACE org.hibernate.orm.jdbc.bind - binding parameter (1:BIGINT) <- [8]
2026-08-26 04:02:05 DEBUG org.hibernate.SQL - select cd1_0.patient_id,cd1_0.id,cd1_0.component_name,cd1_0.component_value,cd1_0.measured_date_time from clinicaldata cd1_0 where cd1_0.patient_id=?
2026-08-26 04:02:05 TRACE org.hibernate.orm.jdbc.bind - binding parameter (1:BIGINT) <- [7]
2026-08-26 04:02:05 DEBUG org.hibernate.SQL - select cd1_0.patient_id,cd1_0.id,cd1_0.component_name,cd1_0.component_value,cd1_0.measured_date_time from clinicaldata cd1_0 where cd1_0.patient_id=?
2026-08-26 04:02:05 TRACE org.hibernate.orm.jdbc.bind - binding parameter (1:BIGINT) <- [6]
2026-08-26 04:02:05 DEBUG org.hibernate.SQL - select cd1_0.patient_id,cd1_0.id,cd1_0.component_name,cd1_0.component_value,cd1_0.measured_date_time from clinicaldata cd1_0 where cd1_0.patient_id=?
2026-08-26 04:02:05 TRACE org.hibernate.orm.jdbc.bind - binding parameter (1:BIGINT) <- [5]
2026-08-26 04:02:05 DEBUG org.hibernate.SQL - select cd1_0.patient_id,cd1_0.id,cd1_0.component_name,cd1_0.component_value,cd1_0.measured_date_time from clinicaldata cd1_0 where cd1_0.patient_id=?
2026-08-26 04:02:05 TRACE org.hibernate.orm.jdbc.bind - binding parameter (1:BIGINT) <- [4]
2026-08-26 04:02:05 DEBUG org.hibernate.SQL - select cd1_0.patient_id,cd1_0.id,cd1_0.component_name,cd1_0.component_value,cd1_0.measured_date_time from clinicaldata cd1_0 where cd1_0.patient_id=?
2026-08-26 04:02:05 TRACE org.hibernate.orm.jdbc.bind - binding parameter (1:BIGINT) <- [3]
2026-08-26 04:02:05 DEBUG org.hibernate.SQL - select cd1_0.patient_id,cd1_0.id,cd1_0.component_name,cd1_0.component_value,cd1_0.measured_date_time from clinicaldata cd1_0 where cd1_0.patient_id=?
2026-08-26 04:02:05 TRACE org.hibernate.orm.jdbc.bind - binding parameter (1:BIGINT) <- [2]
2026-08-26 04:02:05 DEBUG org.hibernate.SQL - select cd1_0.patient_id,cd1_0.id,cd1_0.component_name,cd1_0.component_value,cd1_0.measured_date_time from clinicaldata cd1_0 where cd1_0.patient_id=?
2026-08-26 04:02:05 TRACE org.hibernate.orm.jdbc.bind - binding parameter (1:BIGINT) <- [1]
2026-08-26 04:02:17 WARN  o.s.w.s.m.m.a.ExceptionHandlerExceptionResolver - Resolved [org.springframework.web.servlet.resource.NoResourceFoundException: No static resource api for request '/patient-services/api'.]
2026-08-26 04:03:37 INFO  c.v.c.p.r.PatientController - Fetching all patients
2026-08-26 04:03:37 DEBUG org.hibernate.SQL - select p1_0.id,p1_0.age,p1_0.first_name,p1_0.last_name from patient p1_0
2026-08-26 04:03:37 DEBUG org.hibernate.SQL - select cd1_0.patient_id,cd1_0.id,cd1_0.component_name,cd1_0.component_value,cd1_0.measured_date_time from clinicaldata cd1_0 where cd1_0.patient_id=?
2026-08-26 04:03:37 TRACE org.hibernate.orm.jdbc.bind - binding parameter (1:BIGINT) <- [17]
2026-08-26 04:03:37 DEBUG org.hibernate.SQL - select cd1_0.patient_id,cd1_0.id,cd1_0.component_name,cd1_0.component_value,cd1_0.measured_date_time from clinicaldata cd1_0 where cd1_0.patient_id=?
2026-08-26 04:03:37 TRACE org.hibernate.orm.jdbc.bind - binding parameter (1:BIGINT) <- [16]
2026-08-26 04:03:37 DEBUG org.hibernate.SQL - select cd1_0.patient_id,cd1_0.id,cd1_0.component_name,cd1_0.component_value,cd1_0.measured_date_time from clinicaldata cd1_0 where cd1_0.patient_id=?
2026-08-26 04:03:37 TRACE org.hibernate.orm.jdbc.bind - binding parameter (1:BIGINT) <- [15]
2026-08-26 04:03:37 DEBUG org.hibernate.SQL - select cd1_0.patient_id,cd1_0.id,cd1_0.component_name,cd1_0.component_value,cd1_0.measured_date_time from clinicaldata cd1_0 where cd1_0.patient_id=?
2026-08-26 04:03:37 TRACE org.hibernate.orm.jdbc.bind - binding parameter (1:BIGINT) <- [14]
2026-08-26 04:03:37 DEBUG org.hibernate.SQL - select cd1_0.patient_id,cd1_0.id,cd1_0.component_name,cd1_0.component_value,cd1_0.measured_date_time from clinicaldata cd1_0 where cd1_0.patient_id=?
2026-08-26 04:03:37 TRACE org.hibernate.orm.jdbc.bind - binding parameter (1:BIGINT) <- [13]
2026-08-26 04:03:37 DEBUG org.hibernate.SQL - select cd1_0.patient_id,cd1_0.id,cd1_0.component_name,cd1_0.component_value,cd1_0.measured_date_time from clinicaldata cd1_0 where cd1_0.patient_id=?
2026-08-26 04:03:37 TRACE org.hibernate.orm.jdbc.bind - binding parameter (1:BIGINT) <- [12]
2026-08-26 04:03:37 DEBUG org.hibernate.SQL - select cd1_0.patient_id,cd1_0.id,cd1_0.component_name,cd1_0.component_value,cd1_0.measured_date_time from clinicaldata cd1_0 where cd1_0.patient_id=?
2026-08-26 04:03:37 TRACE org.hibernate.orm.jdbc.bind - binding parameter (1:BIGINT) <- [11]
2026-08-26 04:03:37 DEBUG org.hibernate.SQL - select cd1_0.patient_id,cd1_0.id,cd1_0.component_name,cd1_0.component_value,cd1_0.measured_date_time from clinicaldata cd1_0 where cd1_0.patient_id=?
2026-08-26 04:03:37 TRACE org.hibernate.orm.jdbc.bind - binding parameter (1:BIGINT) <- [10]
2026-08-26 04:03:37 DEBUG org.hibernate.SQL - select cd1_0.patient_id,cd1_0.id,cd1_0.component_name,cd1_0.component_value,cd1_0.measured_date_time from clinicaldata cd1_0 where cd1_0.patient_id=?
2026-08-26 04:03:37 TRACE org.hibernate.orm.jdbc.bind - binding parameter (1:BIGINT) <- [9]
2026-08-26 04:03:37 DEBUG org.hibernate.SQL - select cd1_0.patient_id,cd1_0.id,cd1_0.component_name,cd1_0.component_value,cd1_0.measured_date_time from clinicaldata cd1_0 where cd1_0.patient_id=?
2026-08-26 04:03:37 TRACE org.hibernate.orm.jdbc.bind - binding parameter (1:BIGINT) <- [8]
2026-08-26 04:03:37 DEBUG org.hibernate.SQL - select cd1_0.patient_id,cd1_0.id,cd1_0.component_name,cd1_0.component_value,cd1_0.measured_date_time from clinicaldata cd1_0 where cd1_0.patient_id=?
2026-08-26 04:03:37 TRACE org.hibernate.orm.jdbc.bind - binding parameter (1:BIGINT) <- [7]
2026-08-26 04:03:37 DEBUG org.hibernate.SQL - select cd1_0.patient_id,cd1_0.id,cd1_0.component_name,cd1_0.component_value,cd1_0.measured_date_time from clinicaldata cd1_0 where cd1_0.patient_id=?
2026-08-26 04:03:37 TRACE org.hibernate.orm.jdbc.bind - binding parameter (1:BIGINT) <- [6]
2026-08-26 04:03:37 DEBUG org.hibernate.SQL - select cd1_0.patient_id,cd1_0.id,cd1_0.component_name,cd1_0.component_value,cd1_0.measured_date_time from clinicaldata cd1_0 where cd1_0.patient_id=?
2026-08-26 04:03:37 TRACE org.hibernate.orm.jdbc.bind - binding parameter (1:BIGINT) <- [5]
2026-08-26 04:03:37 DEBUG org.hibernate.SQL - select cd1_0.patient_id,cd1_0.id,cd1_0.component_name,cd1_0.component_value,cd1_0.measured_date_time from clinicaldata cd1_0 where cd1_0.patient_id=?
2026-08-26 04:03:37 TRACE org.hibernate.orm.jdbc.bind - binding parameter (1:BIGINT) <- [4]
2026-08-26 04:03:37 DEBUG org.hibernate.SQL - select cd1_0.patient_id,cd1_0.id,cd1_0.component_name,cd1_0.component_value,cd1_0.measured_date_time from clinicaldata cd1_0 where cd1_0.patient_id=?
2026-08-26 04:03:37 TRACE org.hibernate.orm.jdbc.bind - binding parameter (1:BIGINT) <- [3]
2026-08-26 04:03:37 DEBUG org.hibernate.SQL - select cd1_0.patient_id,cd1_0.id,cd1_0.component_name,cd1_0.component_value,cd1_0.measured_date_time from clinicaldata cd1_0 where cd1_0.patient_id=?
2026-08-26 04:03:37 TRACE org.hibernate.orm.jdbc.bind - binding parameter (1:BIGINT) <- [2]
2026-08-26 04:03:37 DEBUG org.hibernate.SQL - select cd1_0.patient_id,cd1_0.id,cd1_0.component_name,cd1_0.component_value,cd1_0.measured_date_time from clinicaldata cd1_0 where cd1_0.patient_id=?
2026-08-26 04:03:37 TRACE org.hibernate.orm.jdbc.bind - binding parameter (1:BIGINT) <- [1]
2026-08-26 04:03:37 INFO  c.v.c.p.r.PatientController - Fetching all patients
2026-08-26 04:03:37 DEBUG org.hibernate.SQL - select p1_0.id,p1_0.age,p1_0.first_name,p1_0.last_name from patient p1_0
2026-08-26 04:03:37 DEBUG org.hibernate.SQL - select cd1_0.patient_id,cd1_0.id,cd1_0.component_name,cd1_0.component_value,cd1_0.measured_date_time from clinicaldata cd1_0 where cd1_0.patient_id=?
2026-08-26 04:03:37 TRACE org.hibernate.orm.jdbc.bind - binding parameter (1:BIGINT) <- [17]
2026-08-26 04:03:37 DEBUG org.hibernate.SQL - select cd1_0.patient_id,cd1_0.id,cd1_0.component_name,cd1_0.component_value,cd1_0.measured_date_time from clinicaldata cd1_0 where cd1_0.patient_id=?
2026-08-26 04:03:37 TRACE org.hibernate.orm.jdbc.bind - binding parameter (1:BIGINT) <- [16]
2026-08-26 04:03:37 DEBUG org.hibernate.SQL - select cd1_0.patient_id,cd1_0.id,cd1_0.component_name,cd1_0.component_value,cd1_0.measured_date_time from clinicaldata cd1_0 where cd1_0.patient_id=?
2026-08-26 04:03:37 TRACE org.hibernate.orm.jdbc.bind - binding parameter (1:BIGINT) <- [15]
2026-08-26 04:03:37 DEBUG org.hibernate.SQL - select cd1_0.patient_id,cd1_0.id,cd1_0.component_name,cd1_0.component_value,cd1_0.measured_date_time from clinicaldata cd1_0 where cd1_0.patient_id=?
2026-08-26 04:03:37 TRACE org.hibernate.orm.jdbc.bind - binding parameter (1:BIGINT) <- [14]
2026-08-26 04:03:37 DEBUG org.hibernate.SQL - select cd1_0.patient_id,cd1_0.id,cd1_0.component_name,cd1_0.component_value,cd1_0.measured_date_time from clinicaldata cd1_0 where cd1_0.patient_id=?
2026-08-26 04:03:37 TRACE org.hibernate.orm.jdbc.bind - binding parameter (1:BIGINT) <- [13]
2026-08-26 04:03:37 DEBUG org.hibernate.SQL - select cd1_0.patient_id,cd1_0.id,cd1_0.component_name,cd1_0.component_value,cd1_0.measured_date_time from clinicaldata cd1_0 where cd1_0.patient_id=?
2026-08-26 04:03:37 TRACE org.hibernate.orm.jdbc.bind - binding parameter (1:BIGINT) <- [12]
2026-08-26 04:03:37 DEBUG org.hibernate.SQL - select cd1_0.patient_id,cd1_0.id,cd1_0.component_name,cd1_0.component_value,cd1_0.measured_date_time from clinicaldata cd1_0 where cd1_0.patient_id=?
2026-08-26 04:03:37 TRACE org.hibernate.orm.jdbc.bind - binding parameter (1:BIGINT) <- [11]
2026-08-26 04:03:37 DEBUG org.hibernate.SQL - select cd1_0.patient_id,cd1_0.id,cd1_0.component_name,cd1_0.component_value,cd1_0.measured_date_time from clinicaldata cd1_0 where cd1_0.patient_id=?
2026-08-26 04:03:37 TRACE org.hibernate.orm.jdbc.bind - binding parameter (1:BIGINT) <- [10]
2026-08-26 04:03:37 DEBUG org.hibernate.SQL - select cd1_0.patient_id,cd1_0.id,cd1_0.component_name,cd1_0.component_value,cd1_0.measured_date_time from clinicaldata cd1_0 where cd1_0.patient_id=?
2026-08-26 04:03:37 TRACE org.hibernate.orm.jdbc.bind - binding parameter (1:BIGINT) <- [9]
2026-08-26 04:03:37 DEBUG org.hibernate.SQL - select cd1_0.patient_id,cd1_0.id,cd1_0.component_name,cd1_0.component_value,cd1_0.measured_date_time from clinicaldata cd1_0 where cd1_0.patient_id=?
2026-08-26 04:03:37 TRACE org.hibernate.orm.jdbc.bind - binding parameter (1:BIGINT) <- [8]
2026-08-26 04:03:37 DEBUG org.hibernate.SQL - select cd1_0.patient_id,cd1_0.id,cd1_0.component_name,cd1_0.component_value,cd1_0.measured_date_time from clinicaldata cd1_0 where cd1_0.patient_id=?
2026-08-26 04:03:37 TRACE org.hibernate.orm.jdbc.bind - binding parameter (1:BIGINT) <- [7]
2026-08-26 04:03:37 DEBUG org.hibernate.SQL - select cd1_0.patient_id,cd1_0.id,cd1_0.component_name,cd1_0.component_value,cd1_0.measured_date_time from clinicaldata cd1_0 where cd1_0.patient_id=?
2026-08-26 04:03:37 TRACE org.hibernate.orm.jdbc.bind - binding parameter (1:BIGINT) <- [6]
2026-08-26 04:03:37 DEBUG org.hibernate.SQL - select cd1_0.patient_id,cd1_0.id,cd1_0.component_name,cd1_0.component_value,cd1_0.measured_date_time from clinicaldata cd1_0 where cd1_0.patient_id=?
2026-08-26 04:03:37 TRACE org.hibernate.orm.jdbc.bind - binding parameter (1:BIGINT) <- [5]
2026-08-26 04:03:37 DEBUG org.hibernate.SQL - select cd1_0.patient_id,cd1_0.id,cd1_0.component_name,cd1_0.component_value,cd1_0.measured_date_time from clinicaldata cd1_0 where cd1_0.patient_id=?
2026-08-26 04:03:37 TRACE org.hibernate.orm.jdbc.bind - binding parameter (1:BIGINT) <- [4]
2026-08-26 04:03:37 DEBUG org.hibernate.SQL - select cd1_0.patient_id,cd1_0.id,cd1_0.component_name,cd1_0.component_value,cd1_0.measured_date_time from clinicaldata cd1_0 where cd1_0.patient_id=?
2026-08-26 04:03:37 TRACE org.hibernate.orm.jdbc.bind - binding parameter (1:BIGINT) <- [3]
2026-08-26 04:03:37 DEBUG org.hibernate.SQL - select cd1_0.patient_id,cd1_0.id,cd1_0.component_name,cd1_0.component_value,cd1_0.measured_date_time from clinicaldata cd1_0 where cd1_0.patient_id=?
2026-08-26 04:03:37 TRACE org.hibernate.orm.jdbc.bind - binding parameter (1:BIGINT) <- [2]
2026-08-26 04:03:37 DEBUG org.hibernate.SQL - select cd1_0.patient_id,cd1_0.id,cd1_0.component_name,cd1_0.component_value,cd1_0.measured_date_time from clinicaldata cd1_0 where cd1_0.patient_id=?
2026-08-26 04:03:37 TRACE org.hibernate.orm.jdbc.bind - binding parameter (1:BIGINT) <- [1]
2026-08-26 04:03:39 DEBUG c.v.c.p.r.PatientController - Fetching patient with id 3
2026-08-26 04:03:39 DEBUG org.hibernate.SQL - select p1_0.id,p1_0.age,p1_0.first_name,p1_0.last_name,cd1_0.patient_id,cd1_0.id,cd1_0.component_name,cd1_0.component_value,cd1_0.measured_date_time from patient p1_0 left join clinicaldata cd1_0 on p1_0.id=cd1_0.patient_id where p1_0.id=?
2026-08-26 04:03:39 TRACE org.hibernate.orm.jdbc.bind - binding parameter (1:BIGINT) <- [3]
2026-08-26 04:03:39 DEBUG c.v.c.p.r.PatientController - Fetching patient with id 3
2026-08-26 04:03:39 DEBUG org.hibernate.SQL - select p1_0.id,p1_0.age,p1_0.first_name,p1_0.last_name,cd1_0.patient_id,cd1_0.id,cd1_0.component_name,cd1_0.component_value,cd1_0.measured_date_time from patient p1_0 left join clinicaldata cd1_0 on p1_0.id=cd1_0.patient_id where p1_0.id=?
2026-08-26 04:03:39 TRACE org.hibernate.orm.jdbc.bind - binding parameter (1:BIGINT) <- [3]
2026-08-26 04:03:42 INFO  c.v.c.p.r.PatientController - Fetching all patients
2026-08-26 04:03:42 DEBUG org.hibernate.SQL - select p1_0.id,p1_0.age,p1_0.first_name,p1_0.last_name from patient p1_0
2026-08-26 04:03:42 DEBUG org.hibernate.SQL - select cd1_0.patient_id,cd1_0.id,cd1_0.component_name,cd1_0.component_value,cd1_0.measured_date_time from clinicaldata cd1_0 where cd1_0.patient_id=?
2026-08-26 04:03:42 TRACE org.hibernate.orm.jdbc.bind - binding parameter (1:BIGINT) <- [17]
2026-08-26 04:03:42 DEBUG org.hibernate.SQL - select cd1_0.patient_id,cd1_0.id,cd1_0.component_name,cd1_0.component_value,cd1_0.measured_date_time from clinicaldata cd1_0 where cd1_0.patient_id=?
2026-08-26 04:03:42 TRACE org.hibernate.orm.jdbc.bind - binding parameter (1:BIGINT) <- [16]
2026-08-26 04:03:42 DEBUG org.hibernate.SQL - select cd1_0.patient_id,cd1_0.id,cd1_0.component_name,cd1_0.component_value,cd1_0.measured_date_time from clinicaldata cd1_0 where cd1_0.patient_id=?
2026-08-26 04:03:42 TRACE org.hibernate.orm.jdbc.bind - binding parameter (1:BIGINT) <- [15]
2026-08-26 04:03:42 DEBUG org.hibernate.SQL - select cd1_0.patient_id,cd1_0.id,cd1_0.component_name,cd1_0.component_value,cd1_0.measured_date_time from clinicaldata cd1_0 where cd1_0.patient_id=?
2026-08-26 04:03:42 TRACE org.hibernate.orm.jdbc.bind - binding parameter (1:BIGINT) <- [14]
2026-08-26 04:03:42 DEBUG org.hibernate.SQL - select cd1_0.patient_id,cd1_0.id,cd1_0.component_name,cd1_0.component_value,cd1_0.measured_date_time from clinicaldata cd1_0 where cd1_0.patient_id=?
2026-08-26 04:03:42 TRACE org.hibernate.orm.jdbc.bind - binding parameter (1:BIGINT) <- [13]
2026-08-26 04:03:42 DEBUG org.hibernate.SQL - select cd1_0.patient_id,cd1_0.id,cd1_0.component_name,cd1_0.component_value,cd1_0.measured_date_time from clinicaldata cd1_0 where cd1_0.patient_id=?
2026-08-26 04:03:42 TRACE org.hibernate.orm.jdbc.bind - binding parameter (1:BIGINT) <- [12]
2026-08-26 04:03:42 DEBUG org.hibernate.SQL - select cd1_0.patient_id,cd1_0.id,cd1_0.component_name,cd1_0.component_value,cd1_0.measured_date_time from clinicaldata cd1_0 where cd1_0.patient_id=?
2026-08-26 04:03:42 TRACE org.hibernate.orm.jdbc.bind - binding parameter (1:BIGINT) <- [11]
2026-08-26 04:03:42 DEBUG org.hibernate.SQL - select cd1_0.patient_id,cd1_0.id,cd1_0.component_name,cd1_0.component_value,cd1_0.measured_date_time from clinicaldata cd1_0 where cd1_0.patient_id=?
2026-08-26 04:03:42 TRACE org.hibernate.orm.jdbc.bind - binding parameter (1:BIGINT) <- [10]
2026-08-26 04:03:42 DEBUG org.hibernate.SQL - select cd1_0.patient_id,cd1_0.id,cd1_0.component_name,cd1_0.component_value,cd1_0.measured_date_time from clinicaldata cd1_0 where cd1_0.patient_id=?
2026-08-26 04:03:42 TRACE org.hibernate.orm.jdbc.bind - binding parameter (1:BIGINT) <- [9]
2026-08-26 04:03:42 DEBUG org.hibernate.SQL - select cd1_0.patient_id,cd1_0.id,cd1_0.component_name,cd1_0.component_value,cd1_0.measured_date_time from clinicaldata cd1_0 where cd1_0.patient_id=?
2026-08-26 04:03:42 TRACE org.hibernate.orm.jdbc.bind - binding parameter (1:BIGINT) <- [8]
2026-08-26 04:03:42 DEBUG org.hibernate.SQL - select cd1_0.patient_id,cd1_0.id,cd1_0.component_name,cd1_0.component_value,cd1_0.measured_date_time from clinicaldata cd1_0 where cd1_0.patient_id=?
2026-08-26 04:03:42 TRACE org.hibernate.orm.jdbc.bind - binding parameter (1:BIGINT) <- [7]
2026-08-26 04:03:42 DEBUG org.hibernate.SQL - select cd1_0.patient_id,cd1_0.id,cd1_0.component_name,cd1_0.component_value,cd1_0.measured_date_time from clinicaldata cd1_0 where cd1_0.patient_id=?
2026-08-26 04:03:42 TRACE org.hibernate.orm.jdbc.bind - binding parameter (1:BIGINT) <- [6]
2026-08-26 04:03:42 DEBUG org.hibernate.SQL - select cd1_0.patient_id,cd1_0.id,cd1_0.component_name,cd1_0.component_value,cd1_0.measured_date_time from clinicaldata cd1_0 where cd1_0.patient_id=?
2026-08-26 04:03:42 TRACE org.hibernate.orm.jdbc.bind - binding parameter (1:BIGINT) <- [5]
2026-08-26 04:03:42 DEBUG org.hibernate.SQL - select cd1_0.patient_id,cd1_0.id,cd1_0.component_name,cd1_0.component_value,cd1_0.measured_date_time from clinicaldata cd1_0 where cd1_0.patient_id=?
2026-08-26 04:03:42 TRACE org.hibernate.orm.jdbc.bind - binding parameter (1:BIGINT) <- [4]
2026-08-26 04:03:42 DEBUG org.hibernate.SQL - select cd1_0.patient_id,cd1_0.id,cd1_0.component_name,cd1_0.component_value,cd1_0.measured_date_time from clinicaldata cd1_0 where cd1_0.patient_id=?
2026-08-26 04:03:42 TRACE org.hibernate.orm.jdbc.bind - binding parameter (1:BIGINT) <- [3]
2026-08-26 04:03:42 DEBUG org.hibernate.SQL - select cd1_0.patient_id,cd1_0.id,cd1_0.component_name,cd1_0.component_value,cd1_0.measured_date_time from clinicaldata cd1_0 where cd1_0.patient_id=?
2026-08-26 04:03:42 TRACE org.hibernate.orm.jdbc.bind - binding parameter (1:BIGINT) <- [2]
2026-08-26 04:03:42 DEBUG org.hibernate.SQL - select cd1_0.patient_id,cd1_0.id,cd1_0.component_name,cd1_0.component_value,cd1_0.measured_date_time from clinicaldata cd1_0 where cd1_0.patient_id=?
2026-08-26 04:03:42 TRACE org.hibernate.orm.jdbc.bind - binding parameter (1:BIGINT) <- [1]
2026-08-26 04:03:42 INFO  c.v.c.p.r.PatientController - Fetching all patients
2026-08-26 04:03:42 DEBUG org.hibernate.SQL - select p1_0.id,p1_0.age,p1_0.first_name,p1_0.last_name from patient p1_0
2026-08-26 04:03:42 DEBUG org.hibernate.SQL - select cd1_0.patient_id,cd1_0.id,cd1_0.component_name,cd1_0.component_value,cd1_0.measured_date_time from clinicaldata cd1_0 where cd1_0.patient_id=?
2026-08-26 04:03:42 TRACE org.hibernate.orm.jdbc.bind - binding parameter (1:BIGINT) <- [17]
2026-08-26 04:03:42 DEBUG org.hibernate.SQL - select cd1_0.patient_id,cd1_0.id,cd1_0.component_name,cd1_0.component_value,cd1_0.measured_date_time from clinicaldata cd1_0 where cd1_0.patient_id=?
2026-08-26 04:03:42 TRACE org.hibernate.orm.jdbc.bind - binding parameter (1:BIGINT) <- [16]
2026-08-26 04:03:42 DEBUG org.hibernate.SQL - select cd1_0.patient_id,cd1_0.id,cd1_0.component_name,cd1_0.component_value,cd1_0.measured_date_time from clinicaldata cd1_0 where cd1_0.patient_id=?
2026-08-26 04:03:42 TRACE org.hibernate.orm.jdbc.bind - binding parameter (1:BIGINT) <- [15]
2026-08-26 04:03:42 DEBUG org.hibernate.SQL - select cd1_0.patient_id,cd1_0.id,cd1_0.component_name,cd1_0.component_value,cd1_0.measured_date_time from clinicaldata cd1_0 where cd1_0.patient_id=?
2026-08-26 04:03:42 TRACE org.hibernate.orm.jdbc.bind - binding parameter (1:BIGINT) <- [14]
2026-08-26 04:03:42 DEBUG org.hibernate.SQL - select cd1_0.patient_id,cd1_0.id,cd1_0.component_name,cd1_0.component_value,cd1_0.measured_date_time from clinicaldata cd1_0 where cd1_0.patient_id=?
2026-08-26 04:03:42 TRACE org.hibernate.orm.jdbc.bind - binding parameter (1:BIGINT) <- [13]
2026-08-26 04:03:42 DEBUG org.hibernate.SQL - select cd1_0.patient_id,cd1_0.id,cd1_0.component_name,cd1_0.component_value,cd1_0.measured_date_time from clinicaldata cd1_0 where cd1_0.patient_id=?
2026-08-26 04:03:42 TRACE org.hibernate.orm.jdbc.bind - binding parameter (1:BIGINT) <- [12]
2026-08-26 04:03:42 DEBUG org.hibernate.SQL - select cd1_0.patient_id,cd1_0.id,cd1_0.component_name,cd1_0.component_value,cd1_0.measured_date_time from clinicaldata cd1_0 where cd1_0.patient_id=?
2026-08-26 04:03:42 TRACE org.hibernate.orm.jdbc.bind - binding parameter (1:BIGINT) <- [11]
2026-08-26 04:03:42 DEBUG org.hibernate.SQL - select cd1_0.patient_id,cd1_0.id,cd1_0.component_name,cd1_0.component_value,cd1_0.measured_date_time from clinicaldata cd1_0 where cd1_0.patient_id=?
2026-08-26 04:03:42 TRACE org.hibernate.orm.jdbc.bind - binding parameter (1:BIGINT) <- [10]
2026-08-26 04:03:42 DEBUG org.hibernate.SQL - select cd1_0.patient_id,cd1_0.id,cd1_0.component_name,cd1_0.component_value,cd1_0.measured_date_time from clinicaldata cd1_0 where cd1_0.patient_id=?
2026-08-26 04:03:42 TRACE org.hibernate.orm.jdbc.bind - binding parameter (1:BIGINT) <- [9]
2026-08-26 04:03:42 DEBUG org.hibernate.SQL - select cd1_0.patient_id,cd1_0.id,cd1_0.component_name,cd1_0.component_value,cd1_0.measured_date_time from clinicaldata cd1_0 where cd1_0.patient_id=?
2026-08-26 04:03:42 TRACE org.hibernate.orm.jdbc.bind - binding parameter (1:BIGINT) <- [8]
2026-08-26 04:03:42 DEBUG org.hibernate.SQL - select cd1_0.patient_id,cd1_0.id,cd1_0.component_name,cd1_0.component_value,cd1_0.measured_date_time from clinicaldata cd1_0 where cd1_0.patient_id=?
2026-08-26 04:03:42 TRACE org.hibernate.orm.jdbc.bind - binding parameter (1:BIGINT) <- [7]
2026-08-26 04:03:42 DEBUG org.hibernate.SQL - select cd1_0.patient_id,cd1_0.id,cd1_0.component_name,cd1_0.component_value,cd1_0.measured_date_time from clinicaldata cd1_0 where cd1_0.patient_id=?
2026-08-26 04:03:42 TRACE org.hibernate.orm.jdbc.bind - binding parameter (1:BIGINT) <- [6]
2026-08-26 04:03:42 DEBUG org.hibernate.SQL - select cd1_0.patient_id,cd1_0.id,cd1_0.component_name,cd1_0.component_value,cd1_0.measured_date_time from clinicaldata cd1_0 where cd1_0.patient_id=?
2026-08-26 04:03:42 TRACE org.hibernate.orm.jdbc.bind - binding parameter (1:BIGINT) <- [5]
2026-08-26 04:03:42 DEBUG org.hibernate.SQL - select cd1_0.patient_id,cd1_0.id,cd1_0.component_name,cd1_0.component_value,cd1_0.measured_date_time from clinicaldata cd1_0 where cd1_0.patient_id=?
2026-08-26 04:03:42 TRACE org.hibernate.orm.jdbc.bind - binding parameter (1:BIGINT) <- [4]
2026-08-26 04:03:42 DEBUG org.hibernate.SQL - select cd1_0.patient_id,cd1_0.id,cd1_0.component_name,cd1_0.component_value,cd1_0.measured_date_time from clinicaldata cd1_0 where cd1_0.patient_id=?
2026-08-26 04:03:42 TRACE org.hibernate.orm.jdbc.bind - binding parameter (1:BIGINT) <- [3]
2026-08-26 04:03:42 DEBUG org.hibernate.SQL - select cd1_0.patient_id,cd1_0.id,cd1_0.component_name,cd1_0.component_value,cd1_0.measured_date_time from clinicaldata cd1_0 where cd1_0.patient_id=?
2026-08-26 04:03:42 TRACE org.hibernate.orm.jdbc.bind - binding parameter (1:BIGINT) <- [2]
2026-08-26 04:03:42 DEBUG org.hibernate.SQL - select cd1_0.patient_id,cd1_0.id,cd1_0.component_name,cd1_0.component_value,cd1_0.measured_date_time from clinicaldata cd1_0 where cd1_0.patient_id=?
2026-08-26 04:03:42 TRACE org.hibernate.orm.jdbc.bind - binding parameter (1:BIGINT) <- [1]
2026-08-26 04:04:20 DEBUG org.hibernate.SQL - insert into patient (age,first_name,last_name) values (?,?,?)
2026-08-26 04:04:20 TRACE org.hibernate.orm.jdbc.bind - binding parameter (1:INTEGER) <- [50]
2026-08-26 04:04:20 TRACE org.hibernate.orm.jdbc.bind - binding parameter (2:VARCHAR) <- [Mark]
2026-08-26 04:04:20 TRACE org.hibernate.orm.jdbc.bind - binding parameter (3:VARCHAR) <- [Dolly]
2026-08-26 04:04:24 INFO  c.v.c.p.r.PatientController - Fetching all patients
2026-08-26 04:04:24 DEBUG org.hibernate.SQL - select p1_0.id,p1_0.age,p1_0.first_name,p1_0.last_name from patient p1_0
2026-08-26 04:04:24 DEBUG org.hibernate.SQL - select cd1_0.patient_id,cd1_0.id,cd1_0.component_name,cd1_0.component_value,cd1_0.measured_date_time from clinicaldata cd1_0 where cd1_0.patient_id=?
2026-08-26 04:04:24 TRACE org.hibernate.orm.jdbc.bind - binding parameter (1:BIGINT) <- [18]
2026-08-26 04:04:24 DEBUG org.hibernate.SQL - select cd1_0.patient_id,cd1_0.id,cd1_0.component_name,cd1_0.component_value,cd1_0.measured_date_time from clinicaldata cd1_0 where cd1_0.patient_id=?
2026-08-26 04:04:24 TRACE org.hibernate.orm.jdbc.bind - binding parameter (1:BIGINT) <- [17]
2026-08-26 04:04:24 DEBUG org.hibernate.SQL - select cd1_0.patient_id,cd1_0.id,cd1_0.component_name,cd1_0.component_value,cd1_0.measured_date_time from clinicaldata cd1_0 where cd1_0.patient_id=?
2026-08-26 04:04:24 TRACE org.hibernate.orm.jdbc.bind - binding parameter (1:BIGINT) <- [16]
2026-08-26 04:04:24 DEBUG org.hibernate.SQL - select cd1_0.patient_id,cd1_0.id,cd1_0.component_name,cd1_0.component_value,cd1_0.measured_date_time from clinicaldata cd1_0 where cd1_0.patient_id=?
2026-08-26 04:04:24 TRACE org.hibernate.orm.jdbc.bind - binding parameter (1:BIGINT) <- [15]
2026-08-26 04:04:24 DEBUG org.hibernate.SQL - select cd1_0.patient_id,cd1_0.id,cd1_0.component_name,cd1_0.component_value,cd1_0.measured_date_time from clinicaldata cd1_0 where cd1_0.patient_id=?
2026-08-26 04:04:24 TRACE org.hibernate.orm.jdbc.bind - binding parameter (1:BIGINT) <- [14]
2026-08-26 04:04:24 DEBUG org.hibernate.SQL - select cd1_0.patient_id,cd1_0.id,cd1_0.component_name,cd1_0.component_value,cd1_0.measured_date_time from clinicaldata cd1_0 where cd1_0.patient_id=?
2026-08-26 04:04:24 TRACE org.hibernate.orm.jdbc.bind - binding parameter (1:BIGINT) <- [13]
2026-08-26 04:04:24 DEBUG org.hibernate.SQL - select cd1_0.patient_id,cd1_0.id,cd1_0.component_name,cd1_0.component_value,cd1_0.measured_date_time from clinicaldata cd1_0 where cd1_0.patient_id=?
2026-08-26 04:04:24 TRACE org.hibernate.orm.jdbc.bind - binding parameter (1:BIGINT) <- [12]
2026-08-26 04:04:24 DEBUG org.hibernate.SQL - select cd1_0.patient_id,cd1_0.id,cd1_0.component_name,cd1_0.component_value,cd1_0.measured_date_time from clinicaldata cd1_0 where cd1_0.patient_id=?
2026-08-26 04:04:24 TRACE org.hibernate.orm.jdbc.bind - binding parameter (1:BIGINT) <- [11]
2026-08-26 04:04:24 DEBUG org.hibernate.SQL - select cd1_0.patient_id,cd1_0.id,cd1_0.component_name,cd1_0.component_value,cd1_0.measured_date_time from clinicaldata cd1_0 where cd1_0.patient_id=?
2026-08-26 04:04:25 TRACE org.hibernate.orm.jdbc.bind - binding parameter (1:BIGINT) <- [10]
2026-08-26 04:04:25 DEBUG org.hibernate.SQL - select cd1_0.patient_id,cd1_0.id,cd1_0.component_name,cd1_0.component_value,cd1_0.measured_date_time from clinicaldata cd1_0 where cd1_0.patient_id=?
2026-08-26 04:04:25 TRACE org.hibernate.orm.jdbc.bind - binding parameter (1:BIGINT) <- [9]
2026-08-26 04:04:25 DEBUG org.hibernate.SQL - select cd1_0.patient_id,cd1_0.id,cd1_0.component_name,cd1_0.component_value,cd1_0.measured_date_time from clinicaldata cd1_0 where cd1_0.patient_id=?
2026-08-26 04:04:25 TRACE org.hibernate.orm.jdbc.bind - binding parameter (1:BIGINT) <- [8]
2026-08-26 04:04:25 DEBUG org.hibernate.SQL - select cd1_0.patient_id,cd1_0.id,cd1_0.component_name,cd1_0.component_value,cd1_0.measured_date_time from clinicaldata cd1_0 where cd1_0.patient_id=?
2026-08-26 04:04:25 TRACE org.hibernate.orm.jdbc.bind - binding parameter (1:BIGINT) <- [7]
2026-08-26 04:04:25 DEBUG org.hibernate.SQL - select cd1_0.patient_id,cd1_0.id,cd1_0.component_name,cd1_0.component_value,cd1_0.measured_date_time from clinicaldata cd1_0 where cd1_0.patient_id=?
2026-08-26 04:04:25 TRACE org.hibernate.orm.jdbc.bind - binding parameter (1:BIGINT) <- [6]
2026-08-26 04:04:25 DEBUG org.hibernate.SQL - select cd1_0.patient_id,cd1_0.id,cd1_0.component_name,cd1_0.component_value,cd1_0.measured_date_time from clinicaldata cd1_0 where cd1_0.patient_id=?
2026-08-26 04:04:25 TRACE org.hibernate.orm.jdbc.bind - binding parameter (1:BIGINT) <- [5]
2026-08-26 04:04:25 DEBUG org.hibernate.SQL - select cd1_0.patient_id,cd1_0.id,cd1_0.component_name,cd1_0.component_value,cd1_0.measured_date_time from clinicaldata cd1_0 where cd1_0.patient_id=?
2026-08-26 04:04:25 TRACE org.hibernate.orm.jdbc.bind - binding parameter (1:BIGINT) <- [4]
2026-08-26 04:04:25 DEBUG org.hibernate.SQL - select cd1_0.patient_id,cd1_0.id,cd1_0.component_name,cd1_0.component_value,cd1_0.measured_date_time from clinicaldata cd1_0 where cd1_0.patient_id=?
2026-08-26 04:04:25 TRACE org.hibernate.orm.jdbc.bind - binding parameter (1:BIGINT) <- [3]
2026-08-26 04:04:25 DEBUG org.hibernate.SQL - select cd1_0.patient_id,cd1_0.id,cd1_0.component_name,cd1_0.component_value,cd1_0.measured_date_time from clinicaldata cd1_0 where cd1_0.patient_id=?
2026-08-26 04:04:25 TRACE org.hibernate.orm.jdbc.bind - binding parameter (1:BIGINT) <- [2]
2026-08-26 04:04:25 DEBUG org.hibernate.SQL - select cd1_0.patient_id,cd1_0.id,cd1_0.component_name,cd1_0.component_value,cd1_0.measured_date_time from clinicaldata cd1_0 where cd1_0.patient_id=?
2026-08-26 04:04:25 TRACE org.hibernate.orm.jdbc.bind - binding parameter (1:BIGINT) <- [1]
2026-08-26 04:04:25 INFO  c.v.c.p.r.PatientController - Fetching all patients
2026-08-26 04:04:25 DEBUG org.hibernate.SQL - select p1_0.id,p1_0.age,p1_0.first_name,p1_0.last_name from patient p1_0
2026-08-26 04:04:25 DEBUG org.hibernate.SQL - select cd1_0.patient_id,cd1_0.id,cd1_0.component_name,cd1_0.component_value,cd1_0.measured_date_time from clinicaldata cd1_0 where cd1_0.patient_id=?
2026-08-26 04:04:25 TRACE org.hibernate.orm.jdbc.bind - binding parameter (1:BIGINT) <- [18]
2026-08-26 04:04:25 DEBUG org.hibernate.SQL - select cd1_0.patient_id,cd1_0.id,cd1_0.component_name,cd1_0.component_value,cd1_0.measured_date_time from clinicaldata cd1_0 where cd1_0.patient_id=?
2026-08-26 04:04:25 TRACE org.hibernate.orm.jdbc.bind - binding parameter (1:BIGINT) <- [17]
2026-08-26 04:04:25 DEBUG org.hibernate.SQL - select cd1_0.patient_id,cd1_0.id,cd1_0.component_name,cd1_0.component_value,cd1_0.measured_date_time from clinicaldata cd1_0 where cd1_0.patient_id=?
2026-08-26 04:04:25 TRACE org.hibernate.orm.jdbc.bind - binding parameter (1:BIGINT) <- [16]
2026-08-26 04:04:25 DEBUG org.hibernate.SQL - select cd1_0.patient_id,cd1_0.id,cd1_0.component_name,cd1_0.component_value,cd1_0.measured_date_time from clinicaldata cd1_0 where cd1_0.patient_id=?
2026-08-26 04:04:25 TRACE org.hibernate.orm.jdbc.bind - binding parameter (1:BIGINT) <- [15]
2026-08-26 04:04:25 DEBUG org.hibernate.SQL - select cd1_0.patient_id,cd1_0.id,cd1_0.component_name,cd1_0.component_value,cd1_0.measured_date_time from clinicaldata cd1_0 where cd1_0.patient_id=?
2026-08-26 04:04:25 TRACE org.hibernate.orm.jdbc.bind - binding parameter (1:BIGINT) <- [14]
2026-08-26 04:04:25 DEBUG org.hibernate.SQL - select cd1_0.patient_id,cd1_0.id,cd1_0.component_name,cd1_0.component_value,cd1_0.measured_date_time from clinicaldata cd1_0 where cd1_0.patient_id=?
2026-08-26 04:04:25 TRACE org.hibernate.orm.jdbc.bind - binding parameter (1:BIGINT) <- [13]
2026-08-26 04:04:25 DEBUG org.hibernate.SQL - select cd1_0.patient_id,cd1_0.id,cd1_0.component_name,cd1_0.component_value,cd1_0.measured_date_time from clinicaldata cd1_0 where cd1_0.patient_id=?
2026-08-26 04:04:25 TRACE org.hibernate.orm.jdbc.bind - binding parameter (1:BIGINT) <- [12]
2026-08-26 04:04:25 DEBUG org.hibernate.SQL - select cd1_0.patient_id,cd1_0.id,cd1_0.component_name,cd1_0.component_value,cd1_0.measured_date_time from clinicaldata cd1_0 where cd1_0.patient_id=?
2026-08-26 04:04:25 TRACE org.hibernate.orm.jdbc.bind - binding parameter (1:BIGINT) <- [11]
2026-08-26 04:04:25 DEBUG org.hibernate.SQL - select cd1_0.patient_id,cd1_0.id,cd1_0.component_name,cd1_0.component_value,cd1_0.measured_date_time from clinicaldata cd1_0 where cd1_0.patient_id=?
2026-08-26 04:04:25 TRACE org.hibernate.orm.jdbc.bind - binding parameter (1:BIGINT) <- [10]
2026-08-26 04:04:25 DEBUG org.hibernate.SQL - select cd1_0.patient_id,cd1_0.id,cd1_0.component_name,cd1_0.component_value,cd1_0.measured_date_time from clinicaldata cd1_0 where cd1_0.patient_id=?
2026-08-26 04:04:25 TRACE org.hibernate.orm.jdbc.bind - binding parameter (1:BIGINT) <- [9]
2026-08-26 04:04:25 DEBUG org.hibernate.SQL - select cd1_0.patient_id,cd1_0.id,cd1_0.component_name,cd1_0.component_value,cd1_0.measured_date_time from clinicaldata cd1_0 where cd1_0.patient_id=?
2026-08-26 04:04:25 TRACE org.hibernate.orm.jdbc.bind - binding parameter (1:BIGINT) <- [8]
2026-08-26 04:04:25 DEBUG org.hibernate.SQL - select cd1_0.patient_id,cd1_0.id,cd1_0.component_name,cd1_0.component_value,cd1_0.measured_date_time from clinicaldata cd1_0 where cd1_0.patient_id=?
2026-08-26 04:04:25 TRACE org.hibernate.orm.jdbc.bind - binding parameter (1:BIGINT) <- [7]
2026-08-26 04:04:25 DEBUG org.hibernate.SQL - select cd1_0.patient_id,cd1_0.id,cd1_0.component_name,cd1_0.component_value,cd1_0.measured_date_time from clinicaldata cd1_0 where cd1_0.patient_id=?
2026-08-26 04:04:25 TRACE org.hibernate.orm.jdbc.bind - binding parameter (1:BIGINT) <- [6]
2026-08-26 04:04:25 DEBUG org.hibernate.SQL - select cd1_0.patient_id,cd1_0.id,cd1_0.component_name,cd1_0.component_value,cd1_0.measured_date_time from clinicaldata cd1_0 where cd1_0.patient_id=?
2026-08-26 04:04:25 TRACE org.hibernate.orm.jdbc.bind - binding parameter (1:BIGINT) <- [5]
2026-08-26 04:04:25 DEBUG org.hibernate.SQL - select cd1_0.patient_id,cd1_0.id,cd1_0.component_name,cd1_0.component_value,cd1_0.measured_date_time from clinicaldata cd1_0 where cd1_0.patient_id=?
2026-08-26 04:04:25 TRACE org.hibernate.orm.jdbc.bind - binding parameter (1:BIGINT) <- [4]
2026-08-26 04:04:25 DEBUG org.hibernate.SQL - select cd1_0.patient_id,cd1_0.id,cd1_0.component_name,cd1_0.component_value,cd1_0.measured_date_time from clinicaldata cd1_0 where cd1_0.patient_id=?
2026-08-26 04:04:25 TRACE org.hibernate.orm.jdbc.bind - binding parameter (1:BIGINT) <- [3]
2026-08-26 04:04:25 DEBUG org.hibernate.SQL - select cd1_0.patient_id,cd1_0.id,cd1_0.component_name,cd1_0.component_value,cd1_0.measured_date_time from clinicaldata cd1_0 where cd1_0.patient_id=?
2026-08-26 04:04:25 TRACE org.hibernate.orm.jdbc.bind - binding parameter (1:BIGINT) <- [2]
2026-08-26 04:04:25 DEBUG org.hibernate.SQL - select cd1_0.patient_id,cd1_0.id,cd1_0.component_name,cd1_0.component_value,cd1_0.measured_date_time from clinicaldata cd1_0 where cd1_0.patient_id=?
2026-08-26 04:04:25 TRACE org.hibernate.orm.jdbc.bind - binding parameter (1:BIGINT) <- [1]
2026-08-26 04:04:29 DEBUG c.v.c.p.r.PatientController - Fetching patient with id 4
2026-08-26 04:04:29 DEBUG org.hibernate.SQL - select p1_0.id,p1_0.age,p1_0.first_name,p1_0.last_name,cd1_0.patient_id,cd1_0.id,cd1_0.component_name,cd1_0.component_value,cd1_0.measured_date_time from patient p1_0 left join clinicaldata cd1_0 on p1_0.id=cd1_0.patient_id where p1_0.id=?
2026-08-26 04:04:29 TRACE org.hibernate.orm.jdbc.bind - binding parameter (1:BIGINT) <- [4]
2026-08-26 04:04:29 DEBUG c.v.c.p.r.PatientController - Fetching patient with id 4
2026-08-26 04:04:29 DEBUG org.hibernate.SQL - select p1_0.id,p1_0.age,p1_0.first_name,p1_0.last_name,cd1_0.patient_id,cd1_0.id,cd1_0.component_name,cd1_0.component_value,cd1_0.measured_date_time from patient p1_0 left join clinicaldata cd1_0 on p1_0.id=cd1_0.patient_id where p1_0.id=?
2026-08-26 04:04:29 TRACE org.hibernate.orm.jdbc.bind - binding parameter (1:BIGINT) <- [4]
2026-08-26 04:11:08 DEBUG c.v.c.p.r.PatientController - Fetching patient with id 4
2026-08-26 04:11:08 DEBUG org.hibernate.SQL - select p1_0.id,p1_0.age,p1_0.first_name,p1_0.last_name,cd1_0.patient_id,cd1_0.id,cd1_0.component_name,cd1_0.component_value,cd1_0.measured_date_time from patient p1_0 left join clinicaldata cd1_0 on p1_0.id=cd1_0.patient_id where p1_0.id=?
2026-08-26 04:11:08 TRACE org.hibernate.orm.jdbc.bind - binding parameter (1:BIGINT) <- [4]
2026-08-26 04:11:08 DEBUG c.v.c.p.r.PatientController - Fetching patient with id 4
2026-08-26 04:11:08 DEBUG org.hibernate.SQL - select p1_0.id,p1_0.age,p1_0.first_name,p1_0.last_name,cd1_0.patient_id,cd1_0.id,cd1_0.component_name,cd1_0.component_value,cd1_0.measured_date_time from patient p1_0 left join clinicaldata cd1_0 on p1_0.id=cd1_0.patient_id where p1_0.id=?
2026-08-26 04:11:08 TRACE org.hibernate.orm.jdbc.bind - binding parameter (1:BIGINT) <- [4]
2026-08-26 04:11:16 INFO  c.v.c.p.r.PatientController - Fetching all patients
2026-08-26 04:11:17 DEBUG org.hibernate.SQL - select p1_0.id,p1_0.age,p1_0.first_name,p1_0.last_name from patient p1_0
2026-08-26 04:11:17 DEBUG org.hibernate.SQL - select cd1_0.patient_id,cd1_0.id,cd1_0.component_name,cd1_0.component_value,cd1_0.measured_date_time from clinicaldata cd1_0 where cd1_0.patient_id=?
2026-08-26 04:11:17 TRACE org.hibernate.orm.jdbc.bind - binding parameter (1:BIGINT) <- [18]
2026-08-26 04:11:17 DEBUG org.hibernate.SQL - select cd1_0.patient_id,cd1_0.id,cd1_0.component_name,cd1_0.component_value,cd1_0.measured_date_time from clinicaldata cd1_0 where cd1_0.patient_id=?
2026-08-26 04:11:17 TRACE org.hibernate.orm.jdbc.bind - binding parameter (1:BIGINT) <- [17]
2026-08-26 04:11:17 DEBUG org.hibernate.SQL - select cd1_0.patient_id,cd1_0.id,cd1_0.component_name,cd1_0.component_value,cd1_0.measured_date_time from clinicaldata cd1_0 where cd1_0.patient_id=?
2026-08-26 04:11:17 TRACE org.hibernate.orm.jdbc.bind - binding parameter (1:BIGINT) <- [16]
2026-08-26 04:11:17 DEBUG org.hibernate.SQL - select cd1_0.patient_id,cd1_0.id,cd1_0.component_name,cd1_0.component_value,cd1_0.measured_date_time from clinicaldata cd1_0 where cd1_0.patient_id=?
2026-08-26 04:11:17 TRACE org.hibernate.orm.jdbc.bind - binding parameter (1:BIGINT) <- [15]
2026-08-26 04:11:17 DEBUG org.hibernate.SQL - select cd1_0.patient_id,cd1_0.id,cd1_0.component_name,cd1_0.component_value,cd1_0.measured_date_time from clinicaldata cd1_0 where cd1_0.patient_id=?
2026-08-26 04:11:17 TRACE org.hibernate.orm.jdbc.bind - binding parameter (1:BIGINT) <- [14]
2026-08-26 04:11:17 DEBUG org.hibernate.SQL - select cd1_0.patient_id,cd1_0.id,cd1_0.component_name,cd1_0.component_value,cd1_0.measured_date_time from clinicaldata cd1_0 where cd1_0.patient_id=?
2026-08-26 04:11:17 TRACE org.hibernate.orm.jdbc.bind - binding parameter (1:BIGINT) <- [13]
2026-08-26 04:11:17 DEBUG org.hibernate.SQL - select cd1_0.patient_id,cd1_0.id,cd1_0.component_name,cd1_0.component_value,cd1_0.measured_date_time from clinicaldata cd1_0 where cd1_0.patient_id=?
2026-08-26 04:11:17 TRACE org.hibernate.orm.jdbc.bind - binding parameter (1:BIGINT) <- [12]
2026-08-26 04:11:17 DEBUG org.hibernate.SQL - select cd1_0.patient_id,cd1_0.id,cd1_0.component_name,cd1_0.component_value,cd1_0.measured_date_time from clinicaldata cd1_0 where cd1_0.patient_id=?
2026-08-26 04:11:17 TRACE org.hibernate.orm.jdbc.bind - binding parameter (1:BIGINT) <- [11]
2026-08-26 04:11:17 DEBUG org.hibernate.SQL - select cd1_0.patient_id,cd1_0.id,cd1_0.component_name,cd1_0.component_value,cd1_0.measured_date_time from clinicaldata cd1_0 where cd1_0.patient_id=?
2026-08-26 04:11:17 TRACE org.hibernate.orm.jdbc.bind - binding parameter (1:BIGINT) <- [10]
2026-08-26 04:11:17 DEBUG org.hibernate.SQL - select cd1_0.patient_id,cd1_0.id,cd1_0.component_name,cd1_0.component_value,cd1_0.measured_date_time from clinicaldata cd1_0 where cd1_0.patient_id=?
2026-08-26 04:11:17 TRACE org.hibernate.orm.jdbc.bind - binding parameter (1:BIGINT) <- [9]
2026-08-26 04:11:17 DEBUG org.hibernate.SQL - select cd1_0.patient_id,cd1_0.id,cd1_0.component_name,cd1_0.component_value,cd1_0.measured_date_time from clinicaldata cd1_0 where cd1_0.patient_id=?
2026-08-26 04:11:17 TRACE org.hibernate.orm.jdbc.bind - binding parameter (1:BIGINT) <- [8]
2026-08-26 04:11:17 DEBUG org.hibernate.SQL - select cd1_0.patient_id,cd1_0.id,cd1_0.component_name,cd1_0.component_value,cd1_0.measured_date_time from clinicaldata cd1_0 where cd1_0.patient_id=?
2026-08-26 04:11:17 TRACE org.hibernate.orm.jdbc.bind - binding parameter (1:BIGINT) <- [7]
2026-08-26 04:11:17 DEBUG org.hibernate.SQL - select cd1_0.patient_id,cd1_0.id,cd1_0.component_name,cd1_0.component_value,cd1_0.measured_date_time from clinicaldata cd1_0 where cd1_0.patient_id=?
2026-08-26 04:11:17 TRACE org.hibernate.orm.jdbc.bind - binding parameter (1:BIGINT) <- [6]
2026-08-26 04:11:17 DEBUG org.hibernate.SQL - select cd1_0.patient_id,cd1_0.id,cd1_0.component_name,cd1_0.component_value,cd1_0.measured_date_time from clinicaldata cd1_0 where cd1_0.patient_id=?
2026-08-26 04:11:17 TRACE org.hibernate.orm.jdbc.bind - binding parameter (1:BIGINT) <- [5]
2026-08-26 04:11:17 DEBUG org.hibernate.SQL - select cd1_0.patient_id,cd1_0.id,cd1_0.component_name,cd1_0.component_value,cd1_0.measured_date_time from clinicaldata cd1_0 where cd1_0.patient_id=?
2026-08-26 04:11:17 TRACE org.hibernate.orm.jdbc.bind - binding parameter (1:BIGINT) <- [4]
2026-08-26 04:11:17 DEBUG org.hibernate.SQL - select cd1_0.patient_id,cd1_0.id,cd1_0.component_name,cd1_0.component_value,cd1_0.measured_date_time from clinicaldata cd1_0 where cd1_0.patient_id=?
2026-08-26 04:11:17 TRACE org.hibernate.orm.jdbc.bind - binding parameter (1:BIGINT) <- [3]
2026-08-26 04:11:17 DEBUG org.hibernate.SQL - select cd1_0.patient_id,cd1_0.id,cd1_0.component_name,cd1_0.component_value,cd1_0.measured_date_time from clinicaldata cd1_0 where cd1_0.patient_id=?
2026-08-26 04:11:17 TRACE org.hibernate.orm.jdbc.bind - binding parameter (1:BIGINT) <- [2]
2026-08-26 04:11:17 DEBUG org.hibernate.SQL - select cd1_0.patient_id,cd1_0.id,cd1_0.component_name,cd1_0.component_value,cd1_0.measured_date_time from clinicaldata cd1_0 where cd1_0.patient_id=?
2026-08-26 04:11:17 TRACE org.hibernate.orm.jdbc.bind - binding parameter (1:BIGINT) <- [1]
2026-08-26 04:11:17 INFO  c.v.c.p.r.PatientController - Fetching all patients
2026-08-26 04:11:17 DEBUG org.hibernate.SQL - select p1_0.id,p1_0.age,p1_0.first_name,p1_0.last_name from patient p1_0
2026-08-26 04:11:17 DEBUG org.hibernate.SQL - select cd1_0.patient_id,cd1_0.id,cd1_0.component_name,cd1_0.component_value,cd1_0.measured_date_time from clinicaldata cd1_0 where cd1_0.patient_id=?
2026-08-26 04:11:17 TRACE org.hibernate.orm.jdbc.bind - binding parameter (1:BIGINT) <- [18]
2026-08-26 04:11:17 DEBUG org.hibernate.SQL - select cd1_0.patient_id,cd1_0.id,cd1_0.component_name,cd1_0.component_value,cd1_0.measured_date_time from clinicaldata cd1_0 where cd1_0.patient_id=?
2026-08-26 04:11:17 TRACE org.hibernate.orm.jdbc.bind - binding parameter (1:BIGINT) <- [17]
2026-08-26 04:11:17 DEBUG org.hibernate.SQL - select cd1_0.patient_id,cd1_0.id,cd1_0.component_name,cd1_0.component_value,cd1_0.measured_date_time from clinicaldata cd1_0 where cd1_0.patient_id=?
2026-08-26 04:11:17 TRACE org.hibernate.orm.jdbc.bind - binding parameter (1:BIGINT) <- [16]
2026-08-26 04:11:17 DEBUG org.hibernate.SQL - select cd1_0.patient_id,cd1_0.id,cd1_0.component_name,cd1_0.component_value,cd1_0.measured_date_time from clinicaldata cd1_0 where cd1_0.patient_id=?
2026-08-26 04:11:17 TRACE org.hibernate.orm.jdbc.bind - binding parameter (1:BIGINT) <- [15]
2026-08-26 04:11:17 DEBUG org.hibernate.SQL - select cd1_0.patient_id,cd1_0.id,cd1_0.component_name,cd1_0.component_value,cd1_0.measured_date_time from clinicaldata cd1_0 where cd1_0.patient_id=?
2026-08-26 04:11:17 TRACE org.hibernate.orm.jdbc.bind - binding parameter (1:BIGINT) <- [14]
2026-08-26 04:11:17 DEBUG org.hibernate.SQL - select cd1_0.patient_id,cd1_0.id,cd1_0.component_name,cd1_0.component_value,cd1_0.measured_date_time from clinicaldata cd1_0 where cd1_0.patient_id=?
2026-08-26 04:11:17 TRACE org.hibernate.orm.jdbc.bind - binding parameter (1:BIGINT) <- [13]
2026-08-26 04:11:17 DEBUG org.hibernate.SQL - select cd1_0.patient_id,cd1_0.id,cd1_0.component_name,cd1_0.component_value,cd1_0.measured_date_time from clinicaldata cd1_0 where cd1_0.patient_id=?
2026-08-26 04:11:17 TRACE org.hibernate.orm.jdbc.bind - binding parameter (1:BIGINT) <- [12]
2026-08-26 04:11:17 DEBUG org.hibernate.SQL - select cd1_0.patient_id,cd1_0.id,cd1_0.component_name,cd1_0.component_value,cd1_0.measured_date_time from clinicaldata cd1_0 where cd1_0.patient_id=?
2026-08-26 04:11:17 TRACE org.hibernate.orm.jdbc.bind - binding parameter (1:BIGINT) <- [11]
2026-08-26 04:11:17 DEBUG org.hibernate.SQL - select cd1_0.patient_id,cd1_0.id,cd1_0.component_name,cd1_0.component_value,cd1_0.measured_date_time from clinicaldata cd1_0 where cd1_0.patient_id=?
2026-08-26 04:11:17 TRACE org.hibernate.orm.jdbc.bind - binding parameter (1:BIGINT) <- [10]
2026-08-26 04:11:17 DEBUG org.hibernate.SQL - select cd1_0.patient_id,cd1_0.id,cd1_0.component_name,cd1_0.component_value,cd1_0.measured_date_time from clinicaldata cd1_0 where cd1_0.patient_id=?
2026-08-26 04:11:17 TRACE org.hibernate.orm.jdbc.bind - binding parameter (1:BIGINT) <- [9]
2026-08-26 04:11:17 DEBUG org.hibernate.SQL - select cd1_0.patient_id,cd1_0.id,cd1_0.component_name,cd1_0.component_value,cd1_0.measured_date_time from clinicaldata cd1_0 where cd1_0.patient_id=?
2026-08-26 04:11:17 TRACE org.hibernate.orm.jdbc.bind - binding parameter (1:BIGINT) <- [8]
2026-08-26 04:11:17 DEBUG org.hibernate.SQL - select cd1_0.patient_id,cd1_0.id,cd1_0.component_name,cd1_0.component_value,cd1_0.measured_date_time from clinicaldata cd1_0 where cd1_0.patient_id=?
2026-08-26 04:11:17 TRACE org.hibernate.orm.jdbc.bind - binding parameter (1:BIGINT) <- [7]
2026-08-26 04:11:17 DEBUG org.hibernate.SQL - select cd1_0.patient_id,cd1_0.id,cd1_0.component_name,cd1_0.component_value,cd1_0.measured_date_time from clinicaldata cd1_0 where cd1_0.patient_id=?
2026-08-26 04:11:17 TRACE org.hibernate.orm.jdbc.bind - binding parameter (1:BIGINT) <- [6]
2026-08-26 04:11:17 DEBUG org.hibernate.SQL - select cd1_0.patient_id,cd1_0.id,cd1_0.component_name,cd1_0.component_value,cd1_0.measured_date_time from clinicaldata cd1_0 where cd1_0.patient_id=?
2026-08-26 04:11:17 TRACE org.hibernate.orm.jdbc.bind - binding parameter (1:BIGINT) <- [5]
2026-08-26 04:11:17 DEBUG org.hibernate.SQL - select cd1_0.patient_id,cd1_0.id,cd1_0.component_name,cd1_0.component_value,cd1_0.measured_date_time from clinicaldata cd1_0 where cd1_0.patient_id=?
2026-08-26 04:11:17 TRACE org.hibernate.orm.jdbc.bind - binding parameter (1:BIGINT) <- [4]
2026-08-26 04:11:17 DEBUG org.hibernate.SQL - select cd1_0.patient_id,cd1_0.id,cd1_0.component_name,cd1_0.component_value,cd1_0.measured_date_time from clinicaldata cd1_0 where cd1_0.patient_id=?
2026-08-26 04:11:17 TRACE org.hibernate.orm.jdbc.bind - binding parameter (1:BIGINT) <- [3]
2026-08-26 04:11:17 DEBUG org.hibernate.SQL - select cd1_0.patient_id,cd1_0.id,cd1_0.component_name,cd1_0.component_value,cd1_0.measured_date_time from clinicaldata cd1_0 where cd1_0.patient_id=?
2026-08-26 04:11:17 TRACE org.hibernate.orm.jdbc.bind - binding parameter (1:BIGINT) <- [2]
2026-08-26 04:11:17 DEBUG org.hibernate.SQL - select cd1_0.patient_id,cd1_0.id,cd1_0.component_name,cd1_0.component_value,cd1_0.measured_date_time from clinicaldata cd1_0 where cd1_0.patient_id=?
2026-08-26 04:11:17 TRACE org.hibernate.orm.jdbc.bind - binding parameter (1:BIGINT) <- [1]
2026-08-26 04:11:18 INFO  c.v.c.p.r.PatientController - Fetching all patients
2026-08-26 04:11:18 DEBUG org.hibernate.SQL - select p1_0.id,p1_0.age,p1_0.first_name,p1_0.last_name from patient p1_0
2026-08-26 04:11:18 DEBUG org.hibernate.SQL - select cd1_0.patient_id,cd1_0.id,cd1_0.component_name,cd1_0.component_value,cd1_0.measured_date_time from clinicaldata cd1_0 where cd1_0.patient_id=?
2026-08-26 04:11:18 TRACE org.hibernate.orm.jdbc.bind - binding parameter (1:BIGINT) <- [18]
2026-08-26 04:11:18 DEBUG org.hibernate.SQL - select cd1_0.patient_id,cd1_0.id,cd1_0.component_name,cd1_0.component_value,cd1_0.measured_date_time from clinicaldata cd1_0 where cd1_0.patient_id=?
2026-08-26 04:11:18 TRACE org.hibernate.orm.jdbc.bind - binding parameter (1:BIGINT) <- [17]
2026-08-26 04:11:18 DEBUG org.hibernate.SQL - select cd1_0.patient_id,cd1_0.id,cd1_0.component_name,cd1_0.component_value,cd1_0.measured_date_time from clinicaldata cd1_0 where cd1_0.patient_id=?
2026-08-26 04:11:18 TRACE org.hibernate.orm.jdbc.bind - binding parameter (1:BIGINT) <- [16]
2026-08-26 04:11:18 DEBUG org.hibernate.SQL - select cd1_0.patient_id,cd1_0.id,cd1_0.component_name,cd1_0.component_value,cd1_0.measured_date_time from clinicaldata cd1_0 where cd1_0.patient_id=?
2026-08-26 04:11:18 TRACE org.hibernate.orm.jdbc.bind - binding parameter (1:BIGINT) <- [15]
2026-08-26 04:11:18 DEBUG org.hibernate.SQL - select cd1_0.patient_id,cd1_0.id,cd1_0.component_name,cd1_0.component_value,cd1_0.measured_date_time from clinicaldata cd1_0 where cd1_0.patient_id=?
2026-08-26 04:11:18 TRACE org.hibernate.orm.jdbc.bind - binding parameter (1:BIGINT) <- [14]
2026-08-26 04:11:18 DEBUG org.hibernate.SQL - select cd1_0.patient_id,cd1_0.id,cd1_0.component_name,cd1_0.component_value,cd1_0.measured_date_time from clinicaldata cd1_0 where cd1_0.patient_id=?
2026-08-26 04:11:18 TRACE org.hibernate.orm.jdbc.bind - binding parameter (1:BIGINT) <- [13]
2026-08-26 04:11:18 DEBUG org.hibernate.SQL - select cd1_0.patient_id,cd1_0.id,cd1_0.component_name,cd1_0.component_value,cd1_0.measured_date_time from clinicaldata cd1_0 where cd1_0.patient_id=?
2026-08-26 04:11:18 TRACE org.hibernate.orm.jdbc.bind - binding parameter (1:BIGINT) <- [12]
2026-08-26 04:11:18 DEBUG org.hibernate.SQL - select cd1_0.patient_id,cd1_0.id,cd1_0.component_name,cd1_0.component_value,cd1_0.measured_date_time from clinicaldata cd1_0 where cd1_0.patient_id=?
2026-08-26 04:11:18 TRACE org.hibernate.orm.jdbc.bind - binding parameter (1:BIGINT) <- [11]
2026-08-26 04:11:18 DEBUG org.hibernate.SQL - select cd1_0.patient_id,cd1_0.id,cd1_0.component_name,cd1_0.component_value,cd1_0.measured_date_time from clinicaldata cd1_0 where cd1_0.patient_id=?
2026-08-26 04:11:18 TRACE org.hibernate.orm.jdbc.bind - binding parameter (1:BIGINT) <- [10]
2026-08-26 04:11:18 DEBUG org.hibernate.SQL - select cd1_0.patient_id,cd1_0.id,cd1_0.component_name,cd1_0.component_value,cd1_0.measured_date_time from clinicaldata cd1_0 where cd1_0.patient_id=?
2026-08-26 04:11:18 TRACE org.hibernate.orm.jdbc.bind - binding parameter (1:BIGINT) <- [9]
2026-08-26 04:11:18 DEBUG org.hibernate.SQL - select cd1_0.patient_id,cd1_0.id,cd1_0.component_name,cd1_0.component_value,cd1_0.measured_date_time from clinicaldata cd1_0 where cd1_0.patient_id=?
2026-08-26 04:11:18 TRACE org.hibernate.orm.jdbc.bind - binding parameter (1:BIGINT) <- [8]
2026-08-26 04:11:18 DEBUG org.hibernate.SQL - select cd1_0.patient_id,cd1_0.id,cd1_0.component_name,cd1_0.component_value,cd1_0.measured_date_time from clinicaldata cd1_0 where cd1_0.patient_id=?
2026-08-26 04:11:18 TRACE org.hibernate.orm.jdbc.bind - binding parameter (1:BIGINT) <- [7]
2026-08-26 04:11:18 DEBUG org.hibernate.SQL - select cd1_0.patient_id,cd1_0.id,cd1_0.component_name,cd1_0.component_value,cd1_0.measured_date_time from clinicaldata cd1_0 where cd1_0.patient_id=?
2026-08-26 04:11:18 TRACE org.hibernate.orm.jdbc.bind - binding parameter (1:BIGINT) <- [6]
2026-08-26 04:11:18 DEBUG org.hibernate.SQL - select cd1_0.patient_id,cd1_0.id,cd1_0.component_name,cd1_0.component_value,cd1_0.measured_date_time from clinicaldata cd1_0 where cd1_0.patient_id=?
2026-08-26 04:11:18 TRACE org.hibernate.orm.jdbc.bind - binding parameter (1:BIGINT) <- [5]
2026-08-26 04:11:18 DEBUG org.hibernate.SQL - select cd1_0.patient_id,cd1_0.id,cd1_0.component_name,cd1_0.component_value,cd1_0.measured_date_time from clinicaldata cd1_0 where cd1_0.patient_id=?
2026-08-26 04:11:18 TRACE org.hibernate.orm.jdbc.bind - binding parameter (1:BIGINT) <- [4]
2026-08-26 04:11:18 DEBUG org.hibernate.SQL - select cd1_0.patient_id,cd1_0.id,cd1_0.component_name,cd1_0.component_value,cd1_0.measured_date_time from clinicaldata cd1_0 where cd1_0.patient_id=?
2026-08-26 04:11:18 TRACE org.hibernate.orm.jdbc.bind - binding parameter (1:BIGINT) <- [3]
2026-08-26 04:11:18 DEBUG org.hibernate.SQL - select cd1_0.patient_id,cd1_0.id,cd1_0.component_name,cd1_0.component_value,cd1_0.measured_date_time from clinicaldata cd1_0 where cd1_0.patient_id=?
2026-08-26 04:11:18 TRACE org.hibernate.orm.jdbc.bind - binding parameter (1:BIGINT) <- [2]
2026-08-26 04:11:18 DEBUG org.hibernate.SQL - select cd1_0.patient_id,cd1_0.id,cd1_0.component_name,cd1_0.component_value,cd1_0.measured_date_time from clinicaldata cd1_0 where cd1_0.patient_id=?
2026-08-26 04:11:18 TRACE org.hibernate.orm.jdbc.bind - binding parameter (1:BIGINT) <- [1]
2026-08-26 04:11:32 DEBUG c.v.c.p.r.PatientController - Fetching patient with id 1
2026-08-26 04:11:32 DEBUG org.hibernate.SQL - select p1_0.id,p1_0.age,p1_0.first_name,p1_0.last_name,cd1_0.patient_id,cd1_0.id,cd1_0.component_name,cd1_0.component_value,cd1_0.measured_date_time from patient p1_0 left join clinicaldata cd1_0 on p1_0.id=cd1_0.patient_id where p1_0.id=?
2026-08-26 04:11:32 TRACE org.hibernate.orm.jdbc.bind - binding parameter (1:BIGINT) <- [1]
2026-08-26 04:11:32 DEBUG c.v.c.p.r.PatientController - Fetching patient with id 1
2026-08-26 04:11:32 DEBUG org.hibernate.SQL - select p1_0.id,p1_0.age,p1_0.first_name,p1_0.last_name,cd1_0.patient_id,cd1_0.id,cd1_0.component_name,cd1_0.component_value,cd1_0.measured_date_time from patient p1_0 left join clinicaldata cd1_0 on p1_0.id=cd1_0.patient_id where p1_0.id=?
2026-08-26 04:11:32 TRACE org.hibernate.orm.jdbc.bind - binding parameter (1:BIGINT) <- [1]
2026-08-26 04:11:46 DEBUG c.v.c.p.r.ClinicalDataController - Saving clinical data for patient: 1
2026-08-26 04:11:46 DEBUG org.hibernate.SQL - select p1_0.id,p1_0.age,p1_0.first_name,p1_0.last_name,cd1_0.patient_id,cd1_0.id,cd1_0.component_name,cd1_0.component_value,cd1_0.measured_date_time from patient p1_0 left join clinicaldata cd1_0 on p1_0.id=cd1_0.patient_id where p1_0.id=?
2026-08-26 04:11:46 TRACE org.hibernate.orm.jdbc.bind - binding parameter (1:BIGINT) <- [1]
2026-08-26 04:11:46 DEBUG org.hibernate.SQL - insert into clinicaldata (component_name,component_value,measured_date_time,patient_id) values (?,?,current_timestamp(6),?)
2026-08-26 04:11:46 TRACE org.hibernate.orm.jdbc.bind - binding parameter (1:VARCHAR) <- [Macky]
2026-08-26 04:11:46 TRACE org.hibernate.orm.jdbc.bind - binding parameter (2:VARCHAR) <- [52]
2026-08-26 04:11:46 TRACE org.hibernate.orm.jdbc.bind - binding parameter (3:BIGINT) <- [1]
2026-08-26 04:11:46 DEBUG org.hibernate.SQL - select cd1_0.measured_date_time from clinicaldata cd1_0 where cd1_0.id=?
2026-08-26 04:11:46 TRACE org.hibernate.orm.jdbc.bind - binding parameter (1:BIGINT) <- [101]
2026-08-26 17:15:49 INFO  c.v.c.p.PatientClinicalDataApiApplication - Starting PatientClinicalDataApiApplication using Java 17.0.8 with PID 24032 (D:\GitHub\Patient-clinical-data-api\target\classes started by DELL in D:\GitHub\Patient-clinical-data-api)
2026-08-26 17:15:49 DEBUG c.v.c.p.PatientClinicalDataApiApplication - Running with Spring Boot v4.2.0-SNAPSHOT, Spring v7.1.0-M1
2026-08-26 17:15:49 INFO  c.v.c.p.PatientClinicalDataApiApplication - No active profile set, falling back to 1 default profile: "default"
2026-08-26 17:15:49 INFO  o.s.b.d.e.DevToolsPropertyDefaultsPostProcessor - Devtools property defaults active! Set 'spring.devtools.add-properties' to 'false' to disable
2026-08-26 17:15:49 INFO  o.s.b.d.e.DevToolsPropertyDefaultsPostProcessor - For additional web related logging consider setting the 'logging.level.web' property to 'DEBUG'
2026-08-26 17:15:50 INFO  o.s.d.r.c.RepositoryConfigurationDelegate - Bootstrapping Spring Data JPA repositories in DEFAULT mode.
2026-08-26 17:15:50 INFO  o.s.d.r.c.RepositoryConfigurationDelegate - Finished Spring Data repository scanning in 82 ms. Found 2 JPA repository interfaces.
2026-08-26 17:15:51 INFO  o.s.boot.tomcat.TomcatWebServer - Tomcat initialized with port 8080 (http)
2026-08-26 17:15:51 INFO  o.a.catalina.core.StandardService - Starting service [Tomcat]
2026-08-26 17:15:51 INFO  o.a.catalina.core.StandardEngine - Starting Servlet engine: [Apache Tomcat/11.0.24]
2026-08-26 17:15:51 INFO  o.s.b.w.c.s.WebApplicationContextInitializer - Root WebApplicationContext: initialization completed in 2421 ms
2026-08-26 17:15:52 INFO  com.zaxxer.hikari.HikariDataSource - HikariPool-1 - Starting...
2026-08-26 17:15:52 INFO  com.zaxxer.hikari.pool.HikariPool - HikariPool-1 - Added connection com.mysql.cj.jdbc.ConnectionImpl@48658690
2026-08-26 17:15:52 INFO  com.zaxxer.hikari.HikariDataSource - HikariPool-1 - Start completed.
2026-08-26 17:15:52 INFO  org.hibernate.orm.jpa - HHH008540: Processing PersistenceUnitInfo [name: default]
2026-08-26 17:15:53 INFO  org.hibernate.orm.core - HHH000001: Hibernate ORM core version 7.4.5.Final
2026-08-26 17:15:53 INFO  o.s.o.j.p.SpringPersistenceUnitInfo - No LoadTimeWeaver setup: ignoring JPA class transformer
2026-08-26 17:15:54 INFO  o.hibernate.orm.connections.pooling - HHH10001005: Database info:
	Database JDBC URL [jdbc:mysql://localhost:3306/clinicals?useSSL=false&serverTimezone=UTC]
	Database driver: MySQL Connector/J
	Database dialect: MySQLDialect
	Database version: 8.0.27
	Default catalog/schema: clinicals/undefined
	Autocommit mode: undefined/unknown
	Isolation level: REPEATABLE_READ [default REPEATABLE_READ]
	JDBC fetch size: none
	Pool: DataSourceConnectionProvider
	Minimum pool size: undefined/unknown
	Maximum pool size: undefined/unknown
2026-08-26 17:15:55 INFO  org.hibernate.orm.core - HHH000489: No JTA platform available (set 'hibernate.transaction.jta.platform' to enable JTA platform integration)
2026-08-26 17:15:55 INFO  o.s.o.j.LocalContainerEntityManagerFactoryBean - Initialized JPA EntityManagerFactory for persistence unit 'default'
2026-08-26 17:15:55 INFO  o.s.d.j.r.q.QueryEnhancerFactories - Hibernate is in classpath; If applicable, HQL parser will be used.
2026-08-26 17:15:55 WARN  o.s.b.j.a.JpaBaseConfiguration$JpaWebConfiguration - spring.jpa.open-in-view is enabled by default. Therefore, database queries may be performed during view rendering. Explicitly configure spring.jpa.open-in-view to disable this warning
2026-08-26 17:15:56 INFO  o.s.b.a.e.web.EndpointLinksResolver - Exposing 1 endpoint beneath base path '/actuator'
2026-08-26 17:15:56 INFO  o.s.boot.tomcat.TomcatWebServer - Tomcat started on port 8080 (http) with context path '/patient-services'
2026-08-26 17:15:56 INFO  c.v.c.p.PatientClinicalDataApiApplication - Started PatientClinicalDataApiApplication in 8.293 seconds (process running for 9.076)
2026-08-26 17:15:58 INFO  o.a.c.c.C.[.[.[/patient-services] - Initializing Spring DispatcherServlet 'dispatcherServlet'
2026-08-26 17:15:58 INFO  o.s.web.servlet.DispatcherServlet - Initializing Servlet 'dispatcherServlet'
2026-08-26 17:15:58 INFO  o.s.web.servlet.DispatcherServlet - Completed initialization in 12 ms
2026-08-26 17:16:47 INFO  c.v.c.p.r.PatientController - Fetching all patients
2026-08-26 17:16:48 DEBUG org.hibernate.SQL - select p1_0.id,p1_0.age,p1_0.first_name,p1_0.last_name from patient p1_0
2026-08-26 17:16:48 DEBUG org.hibernate.SQL - select cd1_0.patient_id,cd1_0.id,cd1_0.component_name,cd1_0.component_value,cd1_0.measured_date_time from clinicaldata cd1_0 where cd1_0.patient_id=?
2026-08-26 17:16:48 TRACE org.hibernate.orm.jdbc.bind - binding parameter (1:BIGINT) <- [18]
2026-08-26 17:16:48 DEBUG org.hibernate.SQL - select cd1_0.patient_id,cd1_0.id,cd1_0.component_name,cd1_0.component_value,cd1_0.measured_date_time from clinicaldata cd1_0 where cd1_0.patient_id=?
2026-08-26 17:16:48 TRACE org.hibernate.orm.jdbc.bind - binding parameter (1:BIGINT) <- [17]
2026-08-26 17:16:48 DEBUG org.hibernate.SQL - select cd1_0.patient_id,cd1_0.id,cd1_0.component_name,cd1_0.component_value,cd1_0.measured_date_time from clinicaldata cd1_0 where cd1_0.patient_id=?
2026-08-26 17:16:48 TRACE org.hibernate.orm.jdbc.bind - binding parameter (1:BIGINT) <- [16]
2026-08-26 17:16:48 DEBUG org.hibernate.SQL - select cd1_0.patient_id,cd1_0.id,cd1_0.component_name,cd1_0.component_value,cd1_0.measured_date_time from clinicaldata cd1_0 where cd1_0.patient_id=?
2026-08-26 17:16:48 TRACE org.hibernate.orm.jdbc.bind - binding parameter (1:BIGINT) <- [15]
2026-08-26 17:16:48 DEBUG org.hibernate.SQL - select cd1_0.patient_id,cd1_0.id,cd1_0.component_name,cd1_0.component_value,cd1_0.measured_date_time from clinicaldata cd1_0 where cd1_0.patient_id=?
2026-08-26 17:16:48 TRACE org.hibernate.orm.jdbc.bind - binding parameter (1:BIGINT) <- [14]
2026-08-26 17:16:48 DEBUG org.hibernate.SQL - select cd1_0.patient_id,cd1_0.id,cd1_0.component_name,cd1_0.component_value,cd1_0.measured_date_time from clinicaldata cd1_0 where cd1_0.patient_id=?
2026-08-26 17:16:48 TRACE org.hibernate.orm.jdbc.bind - binding parameter (1:BIGINT) <- [13]
2026-08-26 17:16:48 DEBUG org.hibernate.SQL - select cd1_0.patient_id,cd1_0.id,cd1_0.component_name,cd1_0.component_value,cd1_0.measured_date_time from clinicaldata cd1_0 where cd1_0.patient_id=?
2026-08-26 17:16:48 TRACE org.hibernate.orm.jdbc.bind - binding parameter (1:BIGINT) <- [12]
2026-08-26 17:16:48 DEBUG org.hibernate.SQL - select cd1_0.patient_id,cd1_0.id,cd1_0.component_name,cd1_0.component_value,cd1_0.measured_date_time from clinicaldata cd1_0 where cd1_0.patient_id=?
2026-08-26 17:16:48 TRACE org.hibernate.orm.jdbc.bind - binding parameter (1:BIGINT) <- [11]
2026-08-26 17:16:48 DEBUG org.hibernate.SQL - select cd1_0.patient_id,cd1_0.id,cd1_0.component_name,cd1_0.component_value,cd1_0.measured_date_time from clinicaldata cd1_0 where cd1_0.patient_id=?
2026-08-26 17:16:48 TRACE org.hibernate.orm.jdbc.bind - binding parameter (1:BIGINT) <- [10]
2026-08-26 17:16:48 DEBUG org.hibernate.SQL - select cd1_0.patient_id,cd1_0.id,cd1_0.component_name,cd1_0.component_value,cd1_0.measured_date_time from clinicaldata cd1_0 where cd1_0.patient_id=?
2026-08-26 17:16:48 TRACE org.hibernate.orm.jdbc.bind - binding parameter (1:BIGINT) <- [9]
2026-08-26 17:16:48 DEBUG org.hibernate.SQL - select cd1_0.patient_id,cd1_0.id,cd1_0.component_name,cd1_0.component_value,cd1_0.measured_date_time from clinicaldata cd1_0 where cd1_0.patient_id=?
2026-08-26 17:16:48 TRACE org.hibernate.orm.jdbc.bind - binding parameter (1:BIGINT) <- [8]
2026-08-26 17:16:48 DEBUG org.hibernate.SQL - select cd1_0.patient_id,cd1_0.id,cd1_0.component_name,cd1_0.component_value,cd1_0.measured_date_time from clinicaldata cd1_0 where cd1_0.patient_id=?
2026-08-26 17:16:48 TRACE org.hibernate.orm.jdbc.bind - binding parameter (1:BIGINT) <- [7]
2026-08-26 17:16:48 DEBUG org.hibernate.SQL - select cd1_0.patient_id,cd1_0.id,cd1_0.component_name,cd1_0.component_value,cd1_0.measured_date_time from clinicaldata cd1_0 where cd1_0.patient_id=?
2026-08-26 17:16:48 TRACE org.hibernate.orm.jdbc.bind - binding parameter (1:BIGINT) <- [6]
2026-08-26 17:16:48 DEBUG org.hibernate.SQL - select cd1_0.patient_id,cd1_0.id,cd1_0.component_name,cd1_0.component_value,cd1_0.measured_date_time from clinicaldata cd1_0 where cd1_0.patient_id=?
2026-08-26 17:16:48 TRACE org.hibernate.orm.jdbc.bind - binding parameter (1:BIGINT) <- [5]
2026-08-26 17:16:48 DEBUG org.hibernate.SQL - select cd1_0.patient_id,cd1_0.id,cd1_0.component_name,cd1_0.component_value,cd1_0.measured_date_time from clinicaldata cd1_0 where cd1_0.patient_id=?
2026-08-26 17:16:48 TRACE org.hibernate.orm.jdbc.bind - binding parameter (1:BIGINT) <- [4]
2026-08-26 17:16:48 DEBUG org.hibernate.SQL - select cd1_0.patient_id,cd1_0.id,cd1_0.component_name,cd1_0.component_value,cd1_0.measured_date_time from clinicaldata cd1_0 where cd1_0.patient_id=?
2026-08-26 17:16:48 TRACE org.hibernate.orm.jdbc.bind - binding parameter (1:BIGINT) <- [3]
2026-08-26 17:16:48 DEBUG org.hibernate.SQL - select cd1_0.patient_id,cd1_0.id,cd1_0.component_name,cd1_0.component_value,cd1_0.measured_date_time from clinicaldata cd1_0 where cd1_0.patient_id=?
2026-08-26 17:16:48 TRACE org.hibernate.orm.jdbc.bind - binding parameter (1:BIGINT) <- [2]
2026-08-26 17:16:48 DEBUG org.hibernate.SQL - select cd1_0.patient_id,cd1_0.id,cd1_0.component_name,cd1_0.component_value,cd1_0.measured_date_time from clinicaldata cd1_0 where cd1_0.patient_id=?
2026-08-26 17:16:48 TRACE org.hibernate.orm.jdbc.bind - binding parameter (1:BIGINT) <- [1]
2026-08-26 17:16:48 INFO  c.v.c.p.r.PatientController - Fetching all patients
2026-08-26 17:16:48 DEBUG org.hibernate.SQL - select p1_0.id,p1_0.age,p1_0.first_name,p1_0.last_name from patient p1_0
2026-08-26 17:16:48 DEBUG org.hibernate.SQL - select cd1_0.patient_id,cd1_0.id,cd1_0.component_name,cd1_0.component_value,cd1_0.measured_date_time from clinicaldata cd1_0 where cd1_0.patient_id=?
2026-08-26 17:16:48 TRACE org.hibernate.orm.jdbc.bind - binding parameter (1:BIGINT) <- [18]
2026-08-26 17:16:48 DEBUG org.hibernate.SQL - select cd1_0.patient_id,cd1_0.id,cd1_0.component_name,cd1_0.component_value,cd1_0.measured_date_time from clinicaldata cd1_0 where cd1_0.patient_id=?
2026-08-26 17:16:48 TRACE org.hibernate.orm.jdbc.bind - binding parameter (1:BIGINT) <- [17]
2026-08-26 17:16:48 DEBUG org.hibernate.SQL - select cd1_0.patient_id,cd1_0.id,cd1_0.component_name,cd1_0.component_value,cd1_0.measured_date_time from clinicaldata cd1_0 where cd1_0.patient_id=?
2026-08-26 17:16:48 TRACE org.hibernate.orm.jdbc.bind - binding parameter (1:BIGINT) <- [16]
2026-08-26 17:16:48 DEBUG org.hibernate.SQL - select cd1_0.patient_id,cd1_0.id,cd1_0.component_name,cd1_0.component_value,cd1_0.measured_date_time from clinicaldata cd1_0 where cd1_0.patient_id=?
2026-08-26 17:16:48 TRACE org.hibernate.orm.jdbc.bind - binding parameter (1:BIGINT) <- [15]
2026-08-26 17:16:48 DEBUG org.hibernate.SQL - select cd1_0.patient_id,cd1_0.id,cd1_0.component_name,cd1_0.component_value,cd1_0.measured_date_time from clinicaldata cd1_0 where cd1_0.patient_id=?
2026-08-26 17:16:48 TRACE org.hibernate.orm.jdbc.bind - binding parameter (1:BIGINT) <- [14]
2026-08-26 17:16:48 DEBUG org.hibernate.SQL - select cd1_0.patient_id,cd1_0.id,cd1_0.component_name,cd1_0.component_value,cd1_0.measured_date_time from clinicaldata cd1_0 where cd1_0.patient_id=?
2026-08-26 17:16:48 TRACE org.hibernate.orm.jdbc.bind - binding parameter (1:BIGINT) <- [13]
2026-08-26 17:16:48 DEBUG org.hibernate.SQL - select cd1_0.patient_id,cd1_0.id,cd1_0.component_name,cd1_0.component_value,cd1_0.measured_date_time from clinicaldata cd1_0 where cd1_0.patient_id=?
2026-08-26 17:16:48 TRACE org.hibernate.orm.jdbc.bind - binding parameter (1:BIGINT) <- [12]
2026-08-26 17:16:48 DEBUG org.hibernate.SQL - select cd1_0.patient_id,cd1_0.id,cd1_0.component_name,cd1_0.component_value,cd1_0.measured_date_time from clinicaldata cd1_0 where cd1_0.patient_id=?
2026-08-26 17:16:48 TRACE org.hibernate.orm.jdbc.bind - binding parameter (1:BIGINT) <- [11]
2026-08-26 17:16:48 DEBUG org.hibernate.SQL - select cd1_0.patient_id,cd1_0.id,cd1_0.component_name,cd1_0.component_value,cd1_0.measured_date_time from clinicaldata cd1_0 where cd1_0.patient_id=?
2026-08-26 17:16:48 TRACE org.hibernate.orm.jdbc.bind - binding parameter (1:BIGINT) <- [10]
2026-08-26 17:16:48 DEBUG org.hibernate.SQL - select cd1_0.patient_id,cd1_0.id,cd1_0.component_name,cd1_0.component_value,cd1_0.measured_date_time from clinicaldata cd1_0 where cd1_0.patient_id=?
2026-08-26 17:16:48 TRACE org.hibernate.orm.jdbc.bind - binding parameter (1:BIGINT) <- [9]
2026-08-26 17:16:48 DEBUG org.hibernate.SQL - select cd1_0.patient_id,cd1_0.id,cd1_0.component_name,cd1_0.component_value,cd1_0.measured_date_time from clinicaldata cd1_0 where cd1_0.patient_id=?
2026-08-26 17:16:48 TRACE org.hibernate.orm.jdbc.bind - binding parameter (1:BIGINT) <- [8]
2026-08-26 17:16:48 DEBUG org.hibernate.SQL - select cd1_0.patient_id,cd1_0.id,cd1_0.component_name,cd1_0.component_value,cd1_0.measured_date_time from clinicaldata cd1_0 where cd1_0.patient_id=?
2026-08-26 17:16:48 TRACE org.hibernate.orm.jdbc.bind - binding parameter (1:BIGINT) <- [7]
2026-08-26 17:16:48 DEBUG org.hibernate.SQL - select cd1_0.patient_id,cd1_0.id,cd1_0.component_name,cd1_0.component_value,cd1_0.measured_date_time from clinicaldata cd1_0 where cd1_0.patient_id=?
2026-08-26 17:16:48 TRACE org.hibernate.orm.jdbc.bind - binding parameter (1:BIGINT) <- [6]
2026-08-26 17:16:48 DEBUG org.hibernate.SQL - select cd1_0.patient_id,cd1_0.id,cd1_0.component_name,cd1_0.component_value,cd1_0.measured_date_time from clinicaldata cd1_0 where cd1_0.patient_id=?
2026-08-26 17:16:48 TRACE org.hibernate.orm.jdbc.bind - binding parameter (1:BIGINT) <- [5]
2026-08-26 17:16:48 DEBUG org.hibernate.SQL - select cd1_0.patient_id,cd1_0.id,cd1_0.component_name,cd1_0.component_value,cd1_0.measured_date_time from clinicaldata cd1_0 where cd1_0.patient_id=?
2026-08-26 17:16:48 TRACE org.hibernate.orm.jdbc.bind - binding parameter (1:BIGINT) <- [4]
2026-08-26 17:16:48 DEBUG org.hibernate.SQL - select cd1_0.patient_id,cd1_0.id,cd1_0.component_name,cd1_0.component_value,cd1_0.measured_date_time from clinicaldata cd1_0 where cd1_0.patient_id=?
2026-08-26 17:16:48 TRACE org.hibernate.orm.jdbc.bind - binding parameter (1:BIGINT) <- [3]
2026-08-26 17:16:48 DEBUG org.hibernate.SQL - select cd1_0.patient_id,cd1_0.id,cd1_0.component_name,cd1_0.component_value,cd1_0.measured_date_time from clinicaldata cd1_0 where cd1_0.patient_id=?
2026-08-26 17:16:48 TRACE org.hibernate.orm.jdbc.bind - binding parameter (1:BIGINT) <- [2]
2026-08-26 17:16:48 DEBUG org.hibernate.SQL - select cd1_0.patient_id,cd1_0.id,cd1_0.component_name,cd1_0.component_value,cd1_0.measured_date_time from clinicaldata cd1_0 where cd1_0.patient_id=?
2026-08-26 17:16:48 TRACE org.hibernate.orm.jdbc.bind - binding parameter (1:BIGINT) <- [1]
2026-08-26 17:18:13 INFO  c.v.c.p.r.PatientController - Fetching all patients
2026-08-26 17:18:13 DEBUG org.hibernate.SQL - select p1_0.id,p1_0.age,p1_0.first_name,p1_0.last_name from patient p1_0
2026-08-26 17:18:13 DEBUG org.hibernate.SQL - select cd1_0.patient_id,cd1_0.id,cd1_0.component_name,cd1_0.component_value,cd1_0.measured_date_time from clinicaldata cd1_0 where cd1_0.patient_id=?
2026-08-26 17:18:13 TRACE org.hibernate.orm.jdbc.bind - binding parameter (1:BIGINT) <- [18]
2026-08-26 17:18:13 DEBUG org.hibernate.SQL - select cd1_0.patient_id,cd1_0.id,cd1_0.component_name,cd1_0.component_value,cd1_0.measured_date_time from clinicaldata cd1_0 where cd1_0.patient_id=?
2026-08-26 17:18:13 TRACE org.hibernate.orm.jdbc.bind - binding parameter (1:BIGINT) <- [17]
2026-08-26 17:18:13 DEBUG org.hibernate.SQL - select cd1_0.patient_id,cd1_0.id,cd1_0.component_name,cd1_0.component_value,cd1_0.measured_date_time from clinicaldata cd1_0 where cd1_0.patient_id=?
2026-08-26 17:18:13 TRACE org.hibernate.orm.jdbc.bind - binding parameter (1:BIGINT) <- [16]
2026-08-26 17:18:13 DEBUG org.hibernate.SQL - select cd1_0.patient_id,cd1_0.id,cd1_0.component_name,cd1_0.component_value,cd1_0.measured_date_time from clinicaldata cd1_0 where cd1_0.patient_id=?
2026-08-26 17:18:13 TRACE org.hibernate.orm.jdbc.bind - binding parameter (1:BIGINT) <- [15]
2026-08-26 17:18:13 DEBUG org.hibernate.SQL - select cd1_0.patient_id,cd1_0.id,cd1_0.component_name,cd1_0.component_value,cd1_0.measured_date_time from clinicaldata cd1_0 where cd1_0.patient_id=?
2026-08-26 17:18:13 TRACE org.hibernate.orm.jdbc.bind - binding parameter (1:BIGINT) <- [14]
2026-08-26 17:18:13 DEBUG org.hibernate.SQL - select cd1_0.patient_id,cd1_0.id,cd1_0.component_name,cd1_0.component_value,cd1_0.measured_date_time from clinicaldata cd1_0 where cd1_0.patient_id=?
2026-08-26 17:18:13 TRACE org.hibernate.orm.jdbc.bind - binding parameter (1:BIGINT) <- [13]
2026-08-26 17:18:13 DEBUG org.hibernate.SQL - select cd1_0.patient_id,cd1_0.id,cd1_0.component_name,cd1_0.component_value,cd1_0.measured_date_time from clinicaldata cd1_0 where cd1_0.patient_id=?
2026-08-26 17:18:13 TRACE org.hibernate.orm.jdbc.bind - binding parameter (1:BIGINT) <- [12]
2026-08-26 17:18:13 DEBUG org.hibernate.SQL - select cd1_0.patient_id,cd1_0.id,cd1_0.component_name,cd1_0.component_value,cd1_0.measured_date_time from clinicaldata cd1_0 where cd1_0.patient_id=?
2026-08-26 17:18:13 TRACE org.hibernate.orm.jdbc.bind - binding parameter (1:BIGINT) <- [11]
2026-08-26 17:18:13 DEBUG org.hibernate.SQL - select cd1_0.patient_id,cd1_0.id,cd1_0.component_name,cd1_0.component_value,cd1_0.measured_date_time from clinicaldata cd1_0 where cd1_0.patient_id=?
2026-08-26 17:18:13 TRACE org.hibernate.orm.jdbc.bind - binding parameter (1:BIGINT) <- [10]
2026-08-26 17:18:13 DEBUG org.hibernate.SQL - select cd1_0.patient_id,cd1_0.id,cd1_0.component_name,cd1_0.component_value,cd1_0.measured_date_time from clinicaldata cd1_0 where cd1_0.patient_id=?
2026-08-26 17:18:13 TRACE org.hibernate.orm.jdbc.bind - binding parameter (1:BIGINT) <- [9]
2026-08-26 17:18:13 DEBUG org.hibernate.SQL - select cd1_0.patient_id,cd1_0.id,cd1_0.component_name,cd1_0.component_value,cd1_0.measured_date_time from clinicaldata cd1_0 where cd1_0.patient_id=?
2026-08-26 17:18:13 TRACE org.hibernate.orm.jdbc.bind - binding parameter (1:BIGINT) <- [8]
2026-08-26 17:18:13 DEBUG org.hibernate.SQL - select cd1_0.patient_id,cd1_0.id,cd1_0.component_name,cd1_0.component_value,cd1_0.measured_date_time from clinicaldata cd1_0 where cd1_0.patient_id=?
2026-08-26 17:18:13 TRACE org.hibernate.orm.jdbc.bind - binding parameter (1:BIGINT) <- [7]
2026-08-26 17:18:13 DEBUG org.hibernate.SQL - select cd1_0.patient_id,cd1_0.id,cd1_0.component_name,cd1_0.component_value,cd1_0.measured_date_time from clinicaldata cd1_0 where cd1_0.patient_id=?
2026-08-26 17:18:13 TRACE org.hibernate.orm.jdbc.bind - binding parameter (1:BIGINT) <- [6]
2026-08-26 17:18:13 DEBUG org.hibernate.SQL - select cd1_0.patient_id,cd1_0.id,cd1_0.component_name,cd1_0.component_value,cd1_0.measured_date_time from clinicaldata cd1_0 where cd1_0.patient_id=?
2026-08-26 17:18:13 TRACE org.hibernate.orm.jdbc.bind - binding parameter (1:BIGINT) <- [5]
2026-08-26 17:18:13 DEBUG org.hibernate.SQL - select cd1_0.patient_id,cd1_0.id,cd1_0.component_name,cd1_0.component_value,cd1_0.measured_date_time from clinicaldata cd1_0 where cd1_0.patient_id=?
2026-08-26 17:18:13 TRACE org.hibernate.orm.jdbc.bind - binding parameter (1:BIGINT) <- [4]
2026-08-26 17:18:13 DEBUG org.hibernate.SQL - select cd1_0.patient_id,cd1_0.id,cd1_0.component_name,cd1_0.component_value,cd1_0.measured_date_time from clinicaldata cd1_0 where cd1_0.patient_id=?
2026-08-26 17:18:13 TRACE org.hibernate.orm.jdbc.bind - binding parameter (1:BIGINT) <- [3]
2026-08-26 17:18:13 DEBUG org.hibernate.SQL - select cd1_0.patient_id,cd1_0.id,cd1_0.component_name,cd1_0.component_value,cd1_0.measured_date_time from clinicaldata cd1_0 where cd1_0.patient_id=?
2026-08-26 17:18:13 TRACE org.hibernate.orm.jdbc.bind - binding parameter (1:BIGINT) <- [2]
2026-08-26 17:18:13 DEBUG org.hibernate.SQL - select cd1_0.patient_id,cd1_0.id,cd1_0.component_name,cd1_0.component_value,cd1_0.measured_date_time from clinicaldata cd1_0 where cd1_0.patient_id=?
2026-08-26 17:18:13 TRACE org.hibernate.orm.jdbc.bind - binding parameter (1:BIGINT) <- [1]
2026-08-26 17:18:13 INFO  c.v.c.p.r.PatientController - Fetching all patients
2026-08-26 17:18:13 DEBUG org.hibernate.SQL - select p1_0.id,p1_0.age,p1_0.first_name,p1_0.last_name from patient p1_0
2026-08-26 17:18:13 DEBUG org.hibernate.SQL - select cd1_0.patient_id,cd1_0.id,cd1_0.component_name,cd1_0.component_value,cd1_0.measured_date_time from clinicaldata cd1_0 where cd1_0.patient_id=?
2026-08-26 17:18:13 TRACE org.hibernate.orm.jdbc.bind - binding parameter (1:BIGINT) <- [18]
2026-08-26 17:18:13 DEBUG org.hibernate.SQL - select cd1_0.patient_id,cd1_0.id,cd1_0.component_name,cd1_0.component_value,cd1_0.measured_date_time from clinicaldata cd1_0 where cd1_0.patient_id=?
2026-08-26 17:18:13 TRACE org.hibernate.orm.jdbc.bind - binding parameter (1:BIGINT) <- [17]
2026-08-26 17:18:13 DEBUG org.hibernate.SQL - select cd1_0.patient_id,cd1_0.id,cd1_0.component_name,cd1_0.component_value,cd1_0.measured_date_time from clinicaldata cd1_0 where cd1_0.patient_id=?
2026-08-26 17:18:13 TRACE org.hibernate.orm.jdbc.bind - binding parameter (1:BIGINT) <- [16]
2026-08-26 17:18:14 DEBUG org.hibernate.SQL - select cd1_0.patient_id,cd1_0.id,cd1_0.component_name,cd1_0.component_value,cd1_0.measured_date_time from clinicaldata cd1_0 where cd1_0.patient_id=?
2026-08-26 17:18:14 TRACE org.hibernate.orm.jdbc.bind - binding parameter (1:BIGINT) <- [15]
2026-08-26 17:18:14 DEBUG org.hibernate.SQL - select cd1_0.patient_id,cd1_0.id,cd1_0.component_name,cd1_0.component_value,cd1_0.measured_date_time from clinicaldata cd1_0 where cd1_0.patient_id=?
2026-08-26 17:18:14 TRACE org.hibernate.orm.jdbc.bind - binding parameter (1:BIGINT) <- [14]
2026-08-26 17:18:14 DEBUG org.hibernate.SQL - select cd1_0.patient_id,cd1_0.id,cd1_0.component_name,cd1_0.component_value,cd1_0.measured_date_time from clinicaldata cd1_0 where cd1_0.patient_id=?
2026-08-26 17:18:14 TRACE org.hibernate.orm.jdbc.bind - binding parameter (1:BIGINT) <- [13]
2026-08-26 17:18:14 DEBUG org.hibernate.SQL - select cd1_0.patient_id,cd1_0.id,cd1_0.component_name,cd1_0.component_value,cd1_0.measured_date_time from clinicaldata cd1_0 where cd1_0.patient_id=?
2026-08-26 17:18:14 TRACE org.hibernate.orm.jdbc.bind - binding parameter (1:BIGINT) <- [12]
2026-08-26 17:18:14 DEBUG org.hibernate.SQL - select cd1_0.patient_id,cd1_0.id,cd1_0.component_name,cd1_0.component_value,cd1_0.measured_date_time from clinicaldata cd1_0 where cd1_0.patient_id=?
2026-08-26 17:18:14 TRACE org.hibernate.orm.jdbc.bind - binding parameter (1:BIGINT) <- [11]
2026-08-26 17:18:14 DEBUG org.hibernate.SQL - select cd1_0.patient_id,cd1_0.id,cd1_0.component_name,cd1_0.component_value,cd1_0.measured_date_time from clinicaldata cd1_0 where cd1_0.patient_id=?
2026-08-26 17:18:14 TRACE org.hibernate.orm.jdbc.bind - binding parameter (1:BIGINT) <- [10]
2026-08-26 17:18:14 DEBUG org.hibernate.SQL - select cd1_0.patient_id,cd1_0.id,cd1_0.component_name,cd1_0.component_value,cd1_0.measured_date_time from clinicaldata cd1_0 where cd1_0.patient_id=?
2026-08-26 17:18:14 TRACE org.hibernate.orm.jdbc.bind - binding parameter (1:BIGINT) <- [9]
2026-08-26 17:18:14 DEBUG org.hibernate.SQL - select cd1_0.patient_id,cd1_0.id,cd1_0.component_name,cd1_0.component_value,cd1_0.measured_date_time from clinicaldata cd1_0 where cd1_0.patient_id=?
2026-08-26 17:18:14 TRACE org.hibernate.orm.jdbc.bind - binding parameter (1:BIGINT) <- [8]
2026-08-26 17:18:14 DEBUG org.hibernate.SQL - select cd1_0.patient_id,cd1_0.id,cd1_0.component_name,cd1_0.component_value,cd1_0.measured_date_time from clinicaldata cd1_0 where cd1_0.patient_id=?
2026-08-26 17:18:14 TRACE org.hibernate.orm.jdbc.bind - binding parameter (1:BIGINT) <- [7]
2026-08-26 17:18:14 DEBUG org.hibernate.SQL - select cd1_0.patient_id,cd1_0.id,cd1_0.component_name,cd1_0.component_value,cd1_0.measured_date_time from clinicaldata cd1_0 where cd1_0.patient_id=?
2026-08-26 17:18:14 TRACE org.hibernate.orm.jdbc.bind - binding parameter (1:BIGINT) <- [6]
2026-08-26 17:18:14 DEBUG org.hibernate.SQL - select cd1_0.patient_id,cd1_0.id,cd1_0.component_name,cd1_0.component_value,cd1_0.measured_date_time from clinicaldata cd1_0 where cd1_0.patient_id=?
2026-08-26 17:18:14 TRACE org.hibernate.orm.jdbc.bind - binding parameter (1:BIGINT) <- [5]
2026-08-26 17:18:14 DEBUG org.hibernate.SQL - select cd1_0.patient_id,cd1_0.id,cd1_0.component_name,cd1_0.component_value,cd1_0.measured_date_time from clinicaldata cd1_0 where cd1_0.patient_id=?
2026-08-26 17:18:14 TRACE org.hibernate.orm.jdbc.bind - binding parameter (1:BIGINT) <- [4]
2026-08-26 17:18:14 DEBUG org.hibernate.SQL - select cd1_0.patient_id,cd1_0.id,cd1_0.component_name,cd1_0.component_value,cd1_0.measured_date_time from clinicaldata cd1_0 where cd1_0.patient_id=?
2026-08-26 17:18:14 TRACE org.hibernate.orm.jdbc.bind - binding parameter (1:BIGINT) <- [3]
2026-08-26 17:18:14 DEBUG org.hibernate.SQL - select cd1_0.patient_id,cd1_0.id,cd1_0.component_name,cd1_0.component_value,cd1_0.measured_date_time from clinicaldata cd1_0 where cd1_0.patient_id=?
2026-08-26 17:18:14 TRACE org.hibernate.orm.jdbc.bind - binding parameter (1:BIGINT) <- [2]
2026-08-26 17:18:14 DEBUG org.hibernate.SQL - select cd1_0.patient_id,cd1_0.id,cd1_0.component_name,cd1_0.component_value,cd1_0.measured_date_time from clinicaldata cd1_0 where cd1_0.patient_id=?
2026-08-26 17:18:14 TRACE org.hibernate.orm.jdbc.bind - binding parameter (1:BIGINT) <- [1]
2026-08-26 17:18:15 INFO  c.v.c.p.r.PatientController - Fetching all patients
2026-08-26 17:18:15 DEBUG org.hibernate.SQL - select p1_0.id,p1_0.age,p1_0.first_name,p1_0.last_name from patient p1_0
2026-08-26 17:18:15 DEBUG org.hibernate.SQL - select cd1_0.patient_id,cd1_0.id,cd1_0.component_name,cd1_0.component_value,cd1_0.measured_date_time from clinicaldata cd1_0 where cd1_0.patient_id=?
2026-08-26 17:18:15 TRACE org.hibernate.orm.jdbc.bind - binding parameter (1:BIGINT) <- [18]
2026-08-26 17:18:15 DEBUG org.hibernate.SQL - select cd1_0.patient_id,cd1_0.id,cd1_0.component_name,cd1_0.component_value,cd1_0.measured_date_time from clinicaldata cd1_0 where cd1_0.patient_id=?
2026-08-26 17:18:15 TRACE org.hibernate.orm.jdbc.bind - binding parameter (1:BIGINT) <- [17]
2026-08-26 17:18:15 DEBUG org.hibernate.SQL - select cd1_0.patient_id,cd1_0.id,cd1_0.component_name,cd1_0.component_value,cd1_0.measured_date_time from clinicaldata cd1_0 where cd1_0.patient_id=?
2026-08-26 17:18:15 TRACE org.hibernate.orm.jdbc.bind - binding parameter (1:BIGINT) <- [16]
2026-08-26 17:18:15 DEBUG org.hibernate.SQL - select cd1_0.patient_id,cd1_0.id,cd1_0.component_name,cd1_0.component_value,cd1_0.measured_date_time from clinicaldata cd1_0 where cd1_0.patient_id=?
2026-08-26 17:18:15 TRACE org.hibernate.orm.jdbc.bind - binding parameter (1:BIGINT) <- [15]
2026-08-26 17:18:15 DEBUG org.hibernate.SQL - select cd1_0.patient_id,cd1_0.id,cd1_0.component_name,cd1_0.component_value,cd1_0.measured_date_time from clinicaldata cd1_0 where cd1_0.patient_id=?
2026-08-26 17:18:15 TRACE org.hibernate.orm.jdbc.bind - binding parameter (1:BIGINT) <- [14]
2026-08-26 17:18:15 DEBUG org.hibernate.SQL - select cd1_0.patient_id,cd1_0.id,cd1_0.component_name,cd1_0.component_value,cd1_0.measured_date_time from clinicaldata cd1_0 where cd1_0.patient_id=?
2026-08-26 17:18:15 TRACE org.hibernate.orm.jdbc.bind - binding parameter (1:BIGINT) <- [13]
2026-08-26 17:18:15 DEBUG org.hibernate.SQL - select cd1_0.patient_id,cd1_0.id,cd1_0.component_name,cd1_0.component_value,cd1_0.measured_date_time from clinicaldata cd1_0 where cd1_0.patient_id=?
2026-08-26 17:18:15 TRACE org.hibernate.orm.jdbc.bind - binding parameter (1:BIGINT) <- [12]
2026-08-26 17:18:15 DEBUG org.hibernate.SQL - select cd1_0.patient_id,cd1_0.id,cd1_0.component_name,cd1_0.component_value,cd1_0.measured_date_time from clinicaldata cd1_0 where cd1_0.patient_id=?
2026-08-26 17:18:15 TRACE org.hibernate.orm.jdbc.bind - binding parameter (1:BIGINT) <- [11]
2026-08-26 17:18:15 DEBUG org.hibernate.SQL - select cd1_0.patient_id,cd1_0.id,cd1_0.component_name,cd1_0.component_value,cd1_0.measured_date_time from clinicaldata cd1_0 where cd1_0.patient_id=?
2026-08-26 17:18:15 TRACE org.hibernate.orm.jdbc.bind - binding parameter (1:BIGINT) <- [10]
2026-08-26 17:18:15 DEBUG org.hibernate.SQL - select cd1_0.patient_id,cd1_0.id,cd1_0.component_name,cd1_0.component_value,cd1_0.measured_date_time from clinicaldata cd1_0 where cd1_0.patient_id=?
2026-08-26 17:18:15 TRACE org.hibernate.orm.jdbc.bind - binding parameter (1:BIGINT) <- [9]
2026-08-26 17:18:15 DEBUG org.hibernate.SQL - select cd1_0.patient_id,cd1_0.id,cd1_0.component_name,cd1_0.component_value,cd1_0.measured_date_time from clinicaldata cd1_0 where cd1_0.patient_id=?
2026-08-26 17:18:15 TRACE org.hibernate.orm.jdbc.bind - binding parameter (1:BIGINT) <- [8]
2026-08-26 17:18:15 DEBUG org.hibernate.SQL - select cd1_0.patient_id,cd1_0.id,cd1_0.component_name,cd1_0.component_value,cd1_0.measured_date_time from clinicaldata cd1_0 where cd1_0.patient_id=?
2026-08-26 17:18:15 TRACE org.hibernate.orm.jdbc.bind - binding parameter (1:BIGINT) <- [7]
2026-08-26 17:18:15 DEBUG org.hibernate.SQL - select cd1_0.patient_id,cd1_0.id,cd1_0.component_name,cd1_0.component_value,cd1_0.measured_date_time from clinicaldata cd1_0 where cd1_0.patient_id=?
2026-08-26 17:18:15 TRACE org.hibernate.orm.jdbc.bind - binding parameter (1:BIGINT) <- [6]
2026-08-26 17:18:15 DEBUG org.hibernate.SQL - select cd1_0.patient_id,cd1_0.id,cd1_0.component_name,cd1_0.component_value,cd1_0.measured_date_time from clinicaldata cd1_0 where cd1_0.patient_id=?
2026-08-26 17:18:15 TRACE org.hibernate.orm.jdbc.bind - binding parameter (1:BIGINT) <- [5]
2026-08-26 17:18:15 DEBUG org.hibernate.SQL - select cd1_0.patient_id,cd1_0.id,cd1_0.component_name,cd1_0.component_value,cd1_0.measured_date_time from clinicaldata cd1_0 where cd1_0.patient_id=?
2026-08-26 17:18:15 TRACE org.hibernate.orm.jdbc.bind - binding parameter (1:BIGINT) <- [4]
2026-08-26 17:18:15 DEBUG org.hibernate.SQL - select cd1_0.patient_id,cd1_0.id,cd1_0.component_name,cd1_0.component_value,cd1_0.measured_date_time from clinicaldata cd1_0 where cd1_0.patient_id=?
2026-08-26 17:18:15 TRACE org.hibernate.orm.jdbc.bind - binding parameter (1:BIGINT) <- [3]
2026-08-26 17:18:15 DEBUG org.hibernate.SQL - select cd1_0.patient_id,cd1_0.id,cd1_0.component_name,cd1_0.component_value,cd1_0.measured_date_time from clinicaldata cd1_0 where cd1_0.patient_id=?
2026-08-26 17:18:15 TRACE org.hibernate.orm.jdbc.bind - binding parameter (1:BIGINT) <- [2]
2026-08-26 17:18:15 DEBUG org.hibernate.SQL - select cd1_0.patient_id,cd1_0.id,cd1_0.component_name,cd1_0.component_value,cd1_0.measured_date_time from clinicaldata cd1_0 where cd1_0.patient_id=?
2026-08-26 17:18:15 TRACE org.hibernate.orm.jdbc.bind - binding parameter (1:BIGINT) <- [1]
2026-08-26 17:18:15 INFO  c.v.c.p.r.PatientController - Fetching all patients
2026-08-26 17:18:15 DEBUG org.hibernate.SQL - select p1_0.id,p1_0.age,p1_0.first_name,p1_0.last_name from patient p1_0
2026-08-26 17:18:15 DEBUG org.hibernate.SQL - select cd1_0.patient_id,cd1_0.id,cd1_0.component_name,cd1_0.component_value,cd1_0.measured_date_time from clinicaldata cd1_0 where cd1_0.patient_id=?
2026-08-26 17:18:15 TRACE org.hibernate.orm.jdbc.bind - binding parameter (1:BIGINT) <- [18]
2026-08-26 17:18:15 DEBUG org.hibernate.SQL - select cd1_0.patient_id,cd1_0.id,cd1_0.component_name,cd1_0.component_value,cd1_0.measured_date_time from clinicaldata cd1_0 where cd1_0.patient_id=?
2026-08-26 17:18:15 TRACE org.hibernate.orm.jdbc.bind - binding parameter (1:BIGINT) <- [17]
2026-08-26 17:18:15 DEBUG org.hibernate.SQL - select cd1_0.patient_id,cd1_0.id,cd1_0.component_name,cd1_0.component_value,cd1_0.measured_date_time from clinicaldata cd1_0 where cd1_0.patient_id=?
2026-08-26 17:18:15 TRACE org.hibernate.orm.jdbc.bind - binding parameter (1:BIGINT) <- [16]
2026-08-26 17:18:15 DEBUG org.hibernate.SQL - select cd1_0.patient_id,cd1_0.id,cd1_0.component_name,cd1_0.component_value,cd1_0.measured_date_time from clinicaldata cd1_0 where cd1_0.patient_id=?
2026-08-26 17:18:15 TRACE org.hibernate.orm.jdbc.bind - binding parameter (1:BIGINT) <- [15]
2026-08-26 17:18:15 DEBUG org.hibernate.SQL - select cd1_0.patient_id,cd1_0.id,cd1_0.component_name,cd1_0.component_value,cd1_0.measured_date_time from clinicaldata cd1_0 where cd1_0.patient_id=?
2026-08-26 17:18:15 TRACE org.hibernate.orm.jdbc.bind - binding parameter (1:BIGINT) <- [14]
2026-08-26 17:18:15 DEBUG org.hibernate.SQL - select cd1_0.patient_id,cd1_0.id,cd1_0.component_name,cd1_0.component_value,cd1_0.measured_date_time from clinicaldata cd1_0 where cd1_0.patient_id=?
2026-08-26 17:18:15 TRACE org.hibernate.orm.jdbc.bind - binding parameter (1:BIGINT) <- [13]
2026-08-26 17:18:15 DEBUG org.hibernate.SQL - select cd1_0.patient_id,cd1_0.id,cd1_0.component_name,cd1_0.component_value,cd1_0.measured_date_time from clinicaldata cd1_0 where cd1_0.patient_id=?
2026-08-26 17:18:15 TRACE org.hibernate.orm.jdbc.bind - binding parameter (1:BIGINT) <- [12]
2026-08-26 17:18:15 DEBUG org.hibernate.SQL - select cd1_0.patient_id,cd1_0.id,cd1_0.component_name,cd1_0.component_value,cd1_0.measured_date_time from clinicaldata cd1_0 where cd1_0.patient_id=?
2026-08-26 17:18:15 TRACE org.hibernate.orm.jdbc.bind - binding parameter (1:BIGINT) <- [11]
2026-08-26 17:18:15 DEBUG org.hibernate.SQL - select cd1_0.patient_id,cd1_0.id,cd1_0.component_name,cd1_0.component_value,cd1_0.measured_date_time from clinicaldata cd1_0 where cd1_0.patient_id=?
2026-08-26 17:18:15 TRACE org.hibernate.orm.jdbc.bind - binding parameter (1:BIGINT) <- [10]
2026-08-26 17:18:15 DEBUG org.hibernate.SQL - select cd1_0.patient_id,cd1_0.id,cd1_0.component_name,cd1_0.component_value,cd1_0.measured_date_time from clinicaldata cd1_0 where cd1_0.patient_id=?
2026-08-26 17:18:15 TRACE org.hibernate.orm.jdbc.bind - binding parameter (1:BIGINT) <- [9]
2026-08-26 17:18:15 DEBUG org.hibernate.SQL - select cd1_0.patient_id,cd1_0.id,cd1_0.component_name,cd1_0.component_value,cd1_0.measured_date_time from clinicaldata cd1_0 where cd1_0.patient_id=?
2026-08-26 17:18:15 TRACE org.hibernate.orm.jdbc.bind - binding parameter (1:BIGINT) <- [8]
2026-08-26 17:18:15 DEBUG org.hibernate.SQL - select cd1_0.patient_id,cd1_0.id,cd1_0.component_name,cd1_0.component_value,cd1_0.measured_date_time from clinicaldata cd1_0 where cd1_0.patient_id=?
2026-08-26 17:18:15 TRACE org.hibernate.orm.jdbc.bind - binding parameter (1:BIGINT) <- [7]
2026-08-26 17:18:15 DEBUG org.hibernate.SQL - select cd1_0.patient_id,cd1_0.id,cd1_0.component_name,cd1_0.component_value,cd1_0.measured_date_time from clinicaldata cd1_0 where cd1_0.patient_id=?
2026-08-26 17:18:15 TRACE org.hibernate.orm.jdbc.bind - binding parameter (1:BIGINT) <- [6]
2026-08-26 17:18:15 DEBUG org.hibernate.SQL - select cd1_0.patient_id,cd1_0.id,cd1_0.component_name,cd1_0.component_value,cd1_0.measured_date_time from clinicaldata cd1_0 where cd1_0.patient_id=?
2026-08-26 17:18:15 TRACE org.hibernate.orm.jdbc.bind - binding parameter (1:BIGINT) <- [5]
2026-08-26 17:18:15 DEBUG org.hibernate.SQL - select cd1_0.patient_id,cd1_0.id,cd1_0.component_name,cd1_0.component_value,cd1_0.measured_date_time from clinicaldata cd1_0 where cd1_0.patient_id=?
2026-08-26 17:18:15 TRACE org.hibernate.orm.jdbc.bind - binding parameter (1:BIGINT) <- [4]
2026-08-26 17:18:15 DEBUG org.hibernate.SQL - select cd1_0.patient_id,cd1_0.id,cd1_0.component_name,cd1_0.component_value,cd1_0.measured_date_time from clinicaldata cd1_0 where cd1_0.patient_id=?
2026-08-26 17:18:15 TRACE org.hibernate.orm.jdbc.bind - binding parameter (1:BIGINT) <- [3]
2026-08-26 17:18:15 DEBUG org.hibernate.SQL - select cd1_0.patient_id,cd1_0.id,cd1_0.component_name,cd1_0.component_value,cd1_0.measured_date_time from clinicaldata cd1_0 where cd1_0.patient_id=?
2026-08-26 17:18:15 TRACE org.hibernate.orm.jdbc.bind - binding parameter (1:BIGINT) <- [2]
2026-08-26 17:18:15 DEBUG org.hibernate.SQL - select cd1_0.patient_id,cd1_0.id,cd1_0.component_name,cd1_0.component_value,cd1_0.measured_date_time from clinicaldata cd1_0 where cd1_0.patient_id=?
2026-08-26 17:18:15 TRACE org.hibernate.orm.jdbc.bind - binding parameter (1:BIGINT) <- [1]
2026-08-26 17:18:16 INFO  c.v.c.p.r.PatientController - Fetching all patients
2026-08-26 17:18:16 DEBUG org.hibernate.SQL - select p1_0.id,p1_0.age,p1_0.first_name,p1_0.last_name from patient p1_0
2026-08-26 17:18:16 DEBUG org.hibernate.SQL - select cd1_0.patient_id,cd1_0.id,cd1_0.component_name,cd1_0.component_value,cd1_0.measured_date_time from clinicaldata cd1_0 where cd1_0.patient_id=?
2026-08-26 17:18:16 TRACE org.hibernate.orm.jdbc.bind - binding parameter (1:BIGINT) <- [18]
2026-08-26 17:18:16 DEBUG org.hibernate.SQL - select cd1_0.patient_id,cd1_0.id,cd1_0.component_name,cd1_0.component_value,cd1_0.measured_date_time from clinicaldata cd1_0 where cd1_0.patient_id=?
2026-08-26 17:18:16 TRACE org.hibernate.orm.jdbc.bind - binding parameter (1:BIGINT) <- [17]
2026-08-26 17:18:16 DEBUG org.hibernate.SQL - select cd1_0.patient_id,cd1_0.id,cd1_0.component_name,cd1_0.component_value,cd1_0.measured_date_time from clinicaldata cd1_0 where cd1_0.patient_id=?
2026-08-26 17:18:16 TRACE org.hibernate.orm.jdbc.bind - binding parameter (1:BIGINT) <- [16]
2026-08-26 17:18:16 DEBUG org.hibernate.SQL - select cd1_0.patient_id,cd1_0.id,cd1_0.component_name,cd1_0.component_value,cd1_0.measured_date_time from clinicaldata cd1_0 where cd1_0.patient_id=?
2026-08-26 17:18:16 TRACE org.hibernate.orm.jdbc.bind - binding parameter (1:BIGINT) <- [15]
2026-08-26 17:18:16 DEBUG org.hibernate.SQL - select cd1_0.patient_id,cd1_0.id,cd1_0.component_name,cd1_0.component_value,cd1_0.measured_date_time from clinicaldata cd1_0 where cd1_0.patient_id=?
2026-08-26 17:18:16 TRACE org.hibernate.orm.jdbc.bind - binding parameter (1:BIGINT) <- [14]
2026-08-26 17:18:16 DEBUG org.hibernate.SQL - select cd1_0.patient_id,cd1_0.id,cd1_0.component_name,cd1_0.component_value,cd1_0.measured_date_time from clinicaldata cd1_0 where cd1_0.patient_id=?
2026-08-26 17:18:16 TRACE org.hibernate.orm.jdbc.bind - binding parameter (1:BIGINT) <- [13]
2026-08-26 17:18:16 DEBUG org.hibernate.SQL - select cd1_0.patient_id,cd1_0.id,cd1_0.component_name,cd1_0.component_value,cd1_0.measured_date_time from clinicaldata cd1_0 where cd1_0.patient_id=?
2026-08-26 17:18:16 TRACE org.hibernate.orm.jdbc.bind - binding parameter (1:BIGINT) <- [12]
2026-08-26 17:18:16 DEBUG org.hibernate.SQL - select cd1_0.patient_id,cd1_0.id,cd1_0.component_name,cd1_0.component_value,cd1_0.measured_date_time from clinicaldata cd1_0 where cd1_0.patient_id=?
2026-08-26 17:18:16 TRACE org.hibernate.orm.jdbc.bind - binding parameter (1:BIGINT) <- [11]
2026-08-26 17:18:16 DEBUG org.hibernate.SQL - select cd1_0.patient_id,cd1_0.id,cd1_0.component_name,cd1_0.component_value,cd1_0.measured_date_time from clinicaldata cd1_0 where cd1_0.patient_id=?
2026-08-26 17:18:16 TRACE org.hibernate.orm.jdbc.bind - binding parameter (1:BIGINT) <- [10]
2026-08-26 17:18:16 DEBUG org.hibernate.SQL - select cd1_0.patient_id,cd1_0.id,cd1_0.component_name,cd1_0.component_value,cd1_0.measured_date_time from clinicaldata cd1_0 where cd1_0.patient_id=?
2026-08-26 17:18:16 TRACE org.hibernate.orm.jdbc.bind - binding parameter (1:BIGINT) <- [9]
2026-08-26 17:18:16 DEBUG org.hibernate.SQL - select cd1_0.patient_id,cd1_0.id,cd1_0.component_name,cd1_0.component_value,cd1_0.measured_date_time from clinicaldata cd1_0 where cd1_0.patient_id=?
2026-08-26 17:18:16 TRACE org.hibernate.orm.jdbc.bind - binding parameter (1:BIGINT) <- [8]
2026-08-26 17:18:16 DEBUG org.hibernate.SQL - select cd1_0.patient_id,cd1_0.id,cd1_0.component_name,cd1_0.component_value,cd1_0.measured_date_time from clinicaldata cd1_0 where cd1_0.patient_id=?
2026-08-26 17:18:16 TRACE org.hibernate.orm.jdbc.bind - binding parameter (1:BIGINT) <- [7]
2026-08-26 17:18:16 DEBUG org.hibernate.SQL - select cd1_0.patient_id,cd1_0.id,cd1_0.component_name,cd1_0.component_value,cd1_0.measured_date_time from clinicaldata cd1_0 where cd1_0.patient_id=?
2026-08-26 17:18:16 TRACE org.hibernate.orm.jdbc.bind - binding parameter (1:BIGINT) <- [6]
2026-08-26 17:18:16 DEBUG org.hibernate.SQL - select cd1_0.patient_id,cd1_0.id,cd1_0.component_name,cd1_0.component_value,cd1_0.measured_date_time from clinicaldata cd1_0 where cd1_0.patient_id=?
2026-08-26 17:18:16 TRACE org.hibernate.orm.jdbc.bind - binding parameter (1:BIGINT) <- [5]
2026-08-26 17:18:16 DEBUG org.hibernate.SQL - select cd1_0.patient_id,cd1_0.id,cd1_0.component_name,cd1_0.component_value,cd1_0.measured_date_time from clinicaldata cd1_0 where cd1_0.patient_id=?
2026-08-26 17:18:16 TRACE org.hibernate.orm.jdbc.bind - binding parameter (1:BIGINT) <- [4]
2026-08-26 17:18:16 DEBUG org.hibernate.SQL - select cd1_0.patient_id,cd1_0.id,cd1_0.component_name,cd1_0.component_value,cd1_0.measured_date_time from clinicaldata cd1_0 where cd1_0.patient_id=?
2026-08-26 17:18:16 TRACE org.hibernate.orm.jdbc.bind - binding parameter (1:BIGINT) <- [3]
2026-08-26 17:18:16 DEBUG org.hibernate.SQL - select cd1_0.patient_id,cd1_0.id,cd1_0.component_name,cd1_0.component_value,cd1_0.measured_date_time from clinicaldata cd1_0 where cd1_0.patient_id=?
2026-08-26 17:18:16 TRACE org.hibernate.orm.jdbc.bind - binding parameter (1:BIGINT) <- [2]
2026-08-26 17:18:16 DEBUG org.hibernate.SQL - select cd1_0.patient_id,cd1_0.id,cd1_0.component_name,cd1_0.component_value,cd1_0.measured_date_time from clinicaldata cd1_0 where cd1_0.patient_id=?
2026-08-26 17:18:16 TRACE org.hibernate.orm.jdbc.bind - binding parameter (1:BIGINT) <- [1]
2026-08-26 17:18:16 INFO  c.v.c.p.r.PatientController - Fetching all patients
2026-08-26 17:18:16 DEBUG org.hibernate.SQL - select p1_0.id,p1_0.age,p1_0.first_name,p1_0.last_name from patient p1_0
2026-08-26 17:18:16 DEBUG org.hibernate.SQL - select cd1_0.patient_id,cd1_0.id,cd1_0.component_name,cd1_0.component_value,cd1_0.measured_date_time from clinicaldata cd1_0 where cd1_0.patient_id=?
2026-08-26 17:18:16 TRACE org.hibernate.orm.jdbc.bind - binding parameter (1:BIGINT) <- [18]
2026-08-26 17:18:16 DEBUG org.hibernate.SQL - select cd1_0.patient_id,cd1_0.id,cd1_0.component_name,cd1_0.component_value,cd1_0.measured_date_time from clinicaldata cd1_0 where cd1_0.patient_id=?
2026-08-26 17:18:16 TRACE org.hibernate.orm.jdbc.bind - binding parameter (1:BIGINT) <- [17]
2026-08-26 17:18:16 DEBUG org.hibernate.SQL - select cd1_0.patient_id,cd1_0.id,cd1_0.component_name,cd1_0.component_value,cd1_0.measured_date_time from clinicaldata cd1_0 where cd1_0.patient_id=?
2026-08-26 17:18:16 TRACE org.hibernate.orm.jdbc.bind - binding parameter (1:BIGINT) <- [16]
2026-08-26 17:18:16 DEBUG org.hibernate.SQL - select cd1_0.patient_id,cd1_0.id,cd1_0.component_name,cd1_0.component_value,cd1_0.measured_date_time from clinicaldata cd1_0 where cd1_0.patient_id=?
2026-08-26 17:18:16 TRACE org.hibernate.orm.jdbc.bind - binding parameter (1:BIGINT) <- [15]
2026-08-26 17:18:16 DEBUG org.hibernate.SQL - select cd1_0.patient_id,cd1_0.id,cd1_0.component_name,cd1_0.component_value,cd1_0.measured_date_time from clinicaldata cd1_0 where cd1_0.patient_id=?
2026-08-26 17:18:16 TRACE org.hibernate.orm.jdbc.bind - binding parameter (1:BIGINT) <- [14]
2026-08-26 17:18:16 DEBUG org.hibernate.SQL - select cd1_0.patient_id,cd1_0.id,cd1_0.component_name,cd1_0.component_value,cd1_0.measured_date_time from clinicaldata cd1_0 where cd1_0.patient_id=?
2026-08-26 17:18:16 TRACE org.hibernate.orm.jdbc.bind - binding parameter (1:BIGINT) <- [13]
2026-08-26 17:18:16 DEBUG org.hibernate.SQL - select cd1_0.patient_id,cd1_0.id,cd1_0.component_name,cd1_0.component_value,cd1_0.measured_date_time from clinicaldata cd1_0 where cd1_0.patient_id=?
2026-08-26 17:18:16 TRACE org.hibernate.orm.jdbc.bind - binding parameter (1:BIGINT) <- [12]
2026-08-26 17:18:16 DEBUG org.hibernate.SQL - select cd1_0.patient_id,cd1_0.id,cd1_0.component_name,cd1_0.component_value,cd1_0.measured_date_time from clinicaldata cd1_0 where cd1_0.patient_id=?
2026-08-26 17:18:16 TRACE org.hibernate.orm.jdbc.bind - binding parameter (1:BIGINT) <- [11]
2026-08-26 17:18:16 DEBUG org.hibernate.SQL - select cd1_0.patient_id,cd1_0.id,cd1_0.component_name,cd1_0.component_value,cd1_0.measured_date_time from clinicaldata cd1_0 where cd1_0.patient_id=?
2026-08-26 17:18:16 TRACE org.hibernate.orm.jdbc.bind - binding parameter (1:BIGINT) <- [10]
2026-08-26 17:18:16 DEBUG org.hibernate.SQL - select cd1_0.patient_id,cd1_0.id,cd1_0.component_name,cd1_0.component_value,cd1_0.measured_date_time from clinicaldata cd1_0 where cd1_0.patient_id=?
2026-08-26 17:18:16 TRACE org.hibernate.orm.jdbc.bind - binding parameter (1:BIGINT) <- [9]
2026-08-26 17:18:16 DEBUG org.hibernate.SQL - select cd1_0.patient_id,cd1_0.id,cd1_0.component_name,cd1_0.component_value,cd1_0.measured_date_time from clinicaldata cd1_0 where cd1_0.patient_id=?
2026-08-26 17:18:16 TRACE org.hibernate.orm.jdbc.bind - binding parameter (1:BIGINT) <- [8]
2026-08-26 17:18:16 DEBUG org.hibernate.SQL - select cd1_0.patient_id,cd1_0.id,cd1_0.component_name,cd1_0.component_value,cd1_0.measured_date_time from clinicaldata cd1_0 where cd1_0.patient_id=?
2026-08-26 17:18:16 TRACE org.hibernate.orm.jdbc.bind - binding parameter (1:BIGINT) <- [7]
2026-08-26 17:18:16 DEBUG org.hibernate.SQL - select cd1_0.patient_id,cd1_0.id,cd1_0.component_name,cd1_0.component_value,cd1_0.measured_date_time from clinicaldata cd1_0 where cd1_0.patient_id=?
2026-08-26 17:18:16 TRACE org.hibernate.orm.jdbc.bind - binding parameter (1:BIGINT) <- [6]
2026-08-26 17:18:16 DEBUG org.hibernate.SQL - select cd1_0.patient_id,cd1_0.id,cd1_0.component_name,cd1_0.component_value,cd1_0.measured_date_time from clinicaldata cd1_0 where cd1_0.patient_id=?
2026-08-26 17:18:16 TRACE org.hibernate.orm.jdbc.bind - binding parameter (1:BIGINT) <- [5]
2026-08-26 17:18:16 DEBUG org.hibernate.SQL - select cd1_0.patient_id,cd1_0.id,cd1_0.component_name,cd1_0.component_value,cd1_0.measured_date_time from clinicaldata cd1_0 where cd1_0.patient_id=?
2026-08-26 17:18:16 TRACE org.hibernate.orm.jdbc.bind - binding parameter (1:BIGINT) <- [4]
2026-08-26 17:18:16 DEBUG org.hibernate.SQL - select cd1_0.patient_id,cd1_0.id,cd1_0.component_name,cd1_0.component_value,cd1_0.measured_date_time from clinicaldata cd1_0 where cd1_0.patient_id=?
2026-08-26 17:18:16 TRACE org.hibernate.orm.jdbc.bind - binding parameter (1:BIGINT) <- [3]
2026-08-26 17:18:16 DEBUG org.hibernate.SQL - select cd1_0.patient_id,cd1_0.id,cd1_0.component_name,cd1_0.component_value,cd1_0.measured_date_time from clinicaldata cd1_0 where cd1_0.patient_id=?
2026-08-26 17:18:16 TRACE org.hibernate.orm.jdbc.bind - binding parameter (1:BIGINT) <- [2]
2026-08-26 17:18:16 DEBUG org.hibernate.SQL - select cd1_0.patient_id,cd1_0.id,cd1_0.component_name,cd1_0.component_value,cd1_0.measured_date_time from clinicaldata cd1_0 where cd1_0.patient_id=?
2026-08-26 17:18:16 TRACE org.hibernate.orm.jdbc.bind - binding parameter (1:BIGINT) <- [1]
2026-08-26 17:18:17 DEBUG c.v.c.p.r.PatientController - Fetching patient with id 1
2026-08-26 17:18:17 DEBUG org.hibernate.SQL - select p1_0.id,p1_0.age,p1_0.first_name,p1_0.last_name,cd1_0.patient_id,cd1_0.id,cd1_0.component_name,cd1_0.component_value,cd1_0.measured_date_time from patient p1_0 left join clinicaldata cd1_0 on p1_0.id=cd1_0.patient_id where p1_0.id=?
2026-08-26 17:18:17 TRACE org.hibernate.orm.jdbc.bind - binding parameter (1:BIGINT) <- [1]
2026-08-26 17:18:17 DEBUG c.v.c.p.r.PatientController - Fetching patient with id 1
2026-08-26 17:18:17 DEBUG org.hibernate.SQL - select p1_0.id,p1_0.age,p1_0.first_name,p1_0.last_name,cd1_0.patient_id,cd1_0.id,cd1_0.component_name,cd1_0.component_value,cd1_0.measured_date_time from patient p1_0 left join clinicaldata cd1_0 on p1_0.id=cd1_0.patient_id where p1_0.id=?
2026-08-26 17:18:17 TRACE org.hibernate.orm.jdbc.bind - binding parameter (1:BIGINT) <- [1]
2026-08-26 17:18:20 INFO  c.v.c.p.r.PatientController - Fetching all patients
2026-08-26 17:18:20 DEBUG org.hibernate.SQL - select p1_0.id,p1_0.age,p1_0.first_name,p1_0.last_name from patient p1_0
2026-08-26 17:18:20 DEBUG org.hibernate.SQL - select cd1_0.patient_id,cd1_0.id,cd1_0.component_name,cd1_0.component_value,cd1_0.measured_date_time from clinicaldata cd1_0 where cd1_0.patient_id=?
2026-08-26 17:18:20 TRACE org.hibernate.orm.jdbc.bind - binding parameter (1:BIGINT) <- [18]
2026-08-26 17:18:20 DEBUG org.hibernate.SQL - select cd1_0.patient_id,cd1_0.id,cd1_0.component_name,cd1_0.component_value,cd1_0.measured_date_time from clinicaldata cd1_0 where cd1_0.patient_id=?
2026-08-26 17:18:20 TRACE org.hibernate.orm.jdbc.bind - binding parameter (1:BIGINT) <- [17]
2026-08-26 17:18:20 DEBUG org.hibernate.SQL - select cd1_0.patient_id,cd1_0.id,cd1_0.component_name,cd1_0.component_value,cd1_0.measured_date_time from clinicaldata cd1_0 where cd1_0.patient_id=?
2026-08-26 17:18:20 TRACE org.hibernate.orm.jdbc.bind - binding parameter (1:BIGINT) <- [16]
2026-08-26 17:18:20 DEBUG org.hibernate.SQL - select cd1_0.patient_id,cd1_0.id,cd1_0.component_name,cd1_0.component_value,cd1_0.measured_date_time from clinicaldata cd1_0 where cd1_0.patient_id=?
2026-08-26 17:18:20 TRACE org.hibernate.orm.jdbc.bind - binding parameter (1:BIGINT) <- [15]
2026-08-26 17:18:20 DEBUG org.hibernate.SQL - select cd1_0.patient_id,cd1_0.id,cd1_0.component_name,cd1_0.component_value,cd1_0.measured_date_time from clinicaldata cd1_0 where cd1_0.patient_id=?
2026-08-26 17:18:20 TRACE org.hibernate.orm.jdbc.bind - binding parameter (1:BIGINT) <- [14]
2026-08-26 17:18:20 DEBUG org.hibernate.SQL - select cd1_0.patient_id,cd1_0.id,cd1_0.component_name,cd1_0.component_value,cd1_0.measured_date_time from clinicaldata cd1_0 where cd1_0.patient_id=?
2026-08-26 17:18:20 TRACE org.hibernate.orm.jdbc.bind - binding parameter (1:BIGINT) <- [13]
2026-08-26 17:18:20 DEBUG org.hibernate.SQL - select cd1_0.patient_id,cd1_0.id,cd1_0.component_name,cd1_0.component_value,cd1_0.measured_date_time from clinicaldata cd1_0 where cd1_0.patient_id=?
2026-08-26 17:18:20 TRACE org.hibernate.orm.jdbc.bind - binding parameter (1:BIGINT) <- [12]
2026-08-26 17:18:20 DEBUG org.hibernate.SQL - select cd1_0.patient_id,cd1_0.id,cd1_0.component_name,cd1_0.component_value,cd1_0.measured_date_time from clinicaldata cd1_0 where cd1_0.patient_id=?
2026-08-26 17:18:20 TRACE org.hibernate.orm.jdbc.bind - binding parameter (1:BIGINT) <- [11]
2026-08-26 17:18:20 DEBUG org.hibernate.SQL - select cd1_0.patient_id,cd1_0.id,cd1_0.component_name,cd1_0.component_value,cd1_0.measured_date_time from clinicaldata cd1_0 where cd1_0.patient_id=?
2026-08-26 17:18:20 TRACE org.hibernate.orm.jdbc.bind - binding parameter (1:BIGINT) <- [10]
2026-08-26 17:18:20 DEBUG org.hibernate.SQL - select cd1_0.patient_id,cd1_0.id,cd1_0.component_name,cd1_0.component_value,cd1_0.measured_date_time from clinicaldata cd1_0 where cd1_0.patient_id=?
2026-08-26 17:18:20 TRACE org.hibernate.orm.jdbc.bind - binding parameter (1:BIGINT) <- [9]
2026-08-26 17:18:20 DEBUG org.hibernate.SQL - select cd1_0.patient_id,cd1_0.id,cd1_0.component_name,cd1_0.component_value,cd1_0.measured_date_time from clinicaldata cd1_0 where cd1_0.patient_id=?
2026-08-26 17:18:20 TRACE org.hibernate.orm.jdbc.bind - binding parameter (1:BIGINT) <- [8]
2026-08-26 17:18:20 DEBUG org.hibernate.SQL - select cd1_0.patient_id,cd1_0.id,cd1_0.component_name,cd1_0.component_value,cd1_0.measured_date_time from clinicaldata cd1_0 where cd1_0.patient_id=?
2026-08-26 17:18:20 TRACE org.hibernate.orm.jdbc.bind - binding parameter (1:BIGINT) <- [7]
2026-08-26 17:18:20 DEBUG org.hibernate.SQL - select cd1_0.patient_id,cd1_0.id,cd1_0.component_name,cd1_0.component_value,cd1_0.measured_date_time from clinicaldata cd1_0 where cd1_0.patient_id=?
2026-08-26 17:18:20 TRACE org.hibernate.orm.jdbc.bind - binding parameter (1:BIGINT) <- [6]
2026-08-26 17:18:20 DEBUG org.hibernate.SQL - select cd1_0.patient_id,cd1_0.id,cd1_0.component_name,cd1_0.component_value,cd1_0.measured_date_time from clinicaldata cd1_0 where cd1_0.patient_id=?
2026-08-26 17:18:20 TRACE org.hibernate.orm.jdbc.bind - binding parameter (1:BIGINT) <- [5]
2026-08-26 17:18:20 DEBUG org.hibernate.SQL - select cd1_0.patient_id,cd1_0.id,cd1_0.component_name,cd1_0.component_value,cd1_0.measured_date_time from clinicaldata cd1_0 where cd1_0.patient_id=?
2026-08-26 17:18:20 TRACE org.hibernate.orm.jdbc.bind - binding parameter (1:BIGINT) <- [4]
2026-08-26 17:18:20 DEBUG org.hibernate.SQL - select cd1_0.patient_id,cd1_0.id,cd1_0.component_name,cd1_0.component_value,cd1_0.measured_date_time from clinicaldata cd1_0 where cd1_0.patient_id=?
2026-08-26 17:18:20 TRACE org.hibernate.orm.jdbc.bind - binding parameter (1:BIGINT) <- [3]
2026-08-26 17:18:20 DEBUG org.hibernate.SQL - select cd1_0.patient_id,cd1_0.id,cd1_0.component_name,cd1_0.component_value,cd1_0.measured_date_time from clinicaldata cd1_0 where cd1_0.patient_id=?
2026-08-26 17:18:20 TRACE org.hibernate.orm.jdbc.bind - binding parameter (1:BIGINT) <- [2]
2026-08-26 17:18:20 DEBUG org.hibernate.SQL - select cd1_0.patient_id,cd1_0.id,cd1_0.component_name,cd1_0.component_value,cd1_0.measured_date_time from clinicaldata cd1_0 where cd1_0.patient_id=?
2026-08-26 17:18:20 TRACE org.hibernate.orm.jdbc.bind - binding parameter (1:BIGINT) <- [1]
2026-08-26 17:18:20 INFO  c.v.c.p.r.PatientController - Fetching all patients
2026-08-26 17:18:20 DEBUG org.hibernate.SQL - select p1_0.id,p1_0.age,p1_0.first_name,p1_0.last_name from patient p1_0
2026-08-26 17:18:20 DEBUG org.hibernate.SQL - select cd1_0.patient_id,cd1_0.id,cd1_0.component_name,cd1_0.component_value,cd1_0.measured_date_time from clinicaldata cd1_0 where cd1_0.patient_id=?
2026-08-26 17:18:20 TRACE org.hibernate.orm.jdbc.bind - binding parameter (1:BIGINT) <- [18]
2026-08-26 17:18:20 DEBUG org.hibernate.SQL - select cd1_0.patient_id,cd1_0.id,cd1_0.component_name,cd1_0.component_value,cd1_0.measured_date_time from clinicaldata cd1_0 where cd1_0.patient_id=?
2026-08-26 17:18:20 TRACE org.hibernate.orm.jdbc.bind - binding parameter (1:BIGINT) <- [17]
2026-08-26 17:18:20 DEBUG org.hibernate.SQL - select cd1_0.patient_id,cd1_0.id,cd1_0.component_name,cd1_0.component_value,cd1_0.measured_date_time from clinicaldata cd1_0 where cd1_0.patient_id=?
2026-08-26 17:18:21 TRACE org.hibernate.orm.jdbc.bind - binding parameter (1:BIGINT) <- [16]
2026-08-26 17:18:21 DEBUG org.hibernate.SQL - select cd1_0.patient_id,cd1_0.id,cd1_0.component_name,cd1_0.component_value,cd1_0.measured_date_time from clinicaldata cd1_0 where cd1_0.patient_id=?
2026-08-26 17:18:21 TRACE org.hibernate.orm.jdbc.bind - binding parameter (1:BIGINT) <- [15]
2026-08-26 17:18:21 DEBUG org.hibernate.SQL - select cd1_0.patient_id,cd1_0.id,cd1_0.component_name,cd1_0.component_value,cd1_0.measured_date_time from clinicaldata cd1_0 where cd1_0.patient_id=?
2026-08-26 17:18:21 TRACE org.hibernate.orm.jdbc.bind - binding parameter (1:BIGINT) <- [14]
2026-08-26 17:18:21 DEBUG org.hibernate.SQL - select cd1_0.patient_id,cd1_0.id,cd1_0.component_name,cd1_0.component_value,cd1_0.measured_date_time from clinicaldata cd1_0 where cd1_0.patient_id=?
2026-08-26 17:18:21 TRACE org.hibernate.orm.jdbc.bind - binding parameter (1:BIGINT) <- [13]
2026-08-26 17:18:21 DEBUG org.hibernate.SQL - select cd1_0.patient_id,cd1_0.id,cd1_0.component_name,cd1_0.component_value,cd1_0.measured_date_time from clinicaldata cd1_0 where cd1_0.patient_id=?
2026-08-26 17:18:21 TRACE org.hibernate.orm.jdbc.bind - binding parameter (1:BIGINT) <- [12]
2026-08-26 17:18:21 DEBUG org.hibernate.SQL - select cd1_0.patient_id,cd1_0.id,cd1_0.component_name,cd1_0.component_value,cd1_0.measured_date_time from clinicaldata cd1_0 where cd1_0.patient_id=?
2026-08-26 17:18:21 TRACE org.hibernate.orm.jdbc.bind - binding parameter (1:BIGINT) <- [11]
2026-08-26 17:18:21 DEBUG org.hibernate.SQL - select cd1_0.patient_id,cd1_0.id,cd1_0.component_name,cd1_0.component_value,cd1_0.measured_date_time from clinicaldata cd1_0 where cd1_0.patient_id=?
2026-08-26 17:18:21 TRACE org.hibernate.orm.jdbc.bind - binding parameter (1:BIGINT) <- [10]
2026-08-26 17:18:21 DEBUG org.hibernate.SQL - select cd1_0.patient_id,cd1_0.id,cd1_0.component_name,cd1_0.component_value,cd1_0.measured_date_time from clinicaldata cd1_0 where cd1_0.patient_id=?
2026-08-26 17:18:21 TRACE org.hibernate.orm.jdbc.bind - binding parameter (1:BIGINT) <- [9]
2026-08-26 17:18:21 DEBUG org.hibernate.SQL - select cd1_0.patient_id,cd1_0.id,cd1_0.component_name,cd1_0.component_value,cd1_0.measured_date_time from clinicaldata cd1_0 where cd1_0.patient_id=?
2026-08-26 17:18:21 TRACE org.hibernate.orm.jdbc.bind - binding parameter (1:BIGINT) <- [8]
2026-08-26 17:18:21 DEBUG org.hibernate.SQL - select cd1_0.patient_id,cd1_0.id,cd1_0.component_name,cd1_0.component_value,cd1_0.measured_date_time from clinicaldata cd1_0 where cd1_0.patient_id=?
2026-08-26 17:18:21 TRACE org.hibernate.orm.jdbc.bind - binding parameter (1:BIGINT) <- [7]
2026-08-26 17:18:21 DEBUG org.hibernate.SQL - select cd1_0.patient_id,cd1_0.id,cd1_0.component_name,cd1_0.component_value,cd1_0.measured_date_time from clinicaldata cd1_0 where cd1_0.patient_id=?
2026-08-26 17:18:21 TRACE org.hibernate.orm.jdbc.bind - binding parameter (1:BIGINT) <- [6]
2026-08-26 17:18:21 DEBUG org.hibernate.SQL - select cd1_0.patient_id,cd1_0.id,cd1_0.component_name,cd1_0.component_value,cd1_0.measured_date_time from clinicaldata cd1_0 where cd1_0.patient_id=?
2026-08-26 17:18:21 TRACE org.hibernate.orm.jdbc.bind - binding parameter (1:BIGINT) <- [5]
2026-08-26 17:18:21 DEBUG org.hibernate.SQL - select cd1_0.patient_id,cd1_0.id,cd1_0.component_name,cd1_0.component_value,cd1_0.measured_date_time from clinicaldata cd1_0 where cd1_0.patient_id=?
2026-08-26 17:18:21 TRACE org.hibernate.orm.jdbc.bind - binding parameter (1:BIGINT) <- [4]
2026-08-26 17:18:21 DEBUG org.hibernate.SQL - select cd1_0.patient_id,cd1_0.id,cd1_0.component_name,cd1_0.component_value,cd1_0.measured_date_time from clinicaldata cd1_0 where cd1_0.patient_id=?
2026-08-26 17:18:21 TRACE org.hibernate.orm.jdbc.bind - binding parameter (1:BIGINT) <- [3]
2026-08-26 17:18:21 DEBUG org.hibernate.SQL - select cd1_0.patient_id,cd1_0.id,cd1_0.component_name,cd1_0.component_value,cd1_0.measured_date_time from clinicaldata cd1_0 where cd1_0.patient_id=?
2026-08-26 17:18:21 TRACE org.hibernate.orm.jdbc.bind - binding parameter (1:BIGINT) <- [2]
2026-08-26 17:18:21 DEBUG org.hibernate.SQL - select cd1_0.patient_id,cd1_0.id,cd1_0.component_name,cd1_0.component_value,cd1_0.measured_date_time from clinicaldata cd1_0 where cd1_0.patient_id=?
2026-08-26 17:18:21 TRACE org.hibernate.orm.jdbc.bind - binding parameter (1:BIGINT) <- [1]
2026-08-26 17:19:53 INFO  c.v.c.p.r.PatientController - Fetching all patients
2026-08-26 17:19:53 DEBUG org.hibernate.SQL - select p1_0.id,p1_0.age,p1_0.first_name,p1_0.last_name from patient p1_0
2026-08-26 17:19:53 DEBUG org.hibernate.SQL - select cd1_0.patient_id,cd1_0.id,cd1_0.component_name,cd1_0.component_value,cd1_0.measured_date_time from clinicaldata cd1_0 where cd1_0.patient_id=?
2026-08-26 17:19:53 TRACE org.hibernate.orm.jdbc.bind - binding parameter (1:BIGINT) <- [18]
2026-08-26 17:19:53 DEBUG org.hibernate.SQL - select cd1_0.patient_id,cd1_0.id,cd1_0.component_name,cd1_0.component_value,cd1_0.measured_date_time from clinicaldata cd1_0 where cd1_0.patient_id=?
2026-08-26 17:19:53 TRACE org.hibernate.orm.jdbc.bind - binding parameter (1:BIGINT) <- [17]
2026-08-26 17:19:53 DEBUG org.hibernate.SQL - select cd1_0.patient_id,cd1_0.id,cd1_0.component_name,cd1_0.component_value,cd1_0.measured_date_time from clinicaldata cd1_0 where cd1_0.patient_id=?
2026-08-26 17:19:53 TRACE org.hibernate.orm.jdbc.bind - binding parameter (1:BIGINT) <- [16]
2026-08-26 17:19:53 DEBUG org.hibernate.SQL - select cd1_0.patient_id,cd1_0.id,cd1_0.component_name,cd1_0.component_value,cd1_0.measured_date_time from clinicaldata cd1_0 where cd1_0.patient_id=?
2026-08-26 17:19:53 TRACE org.hibernate.orm.jdbc.bind - binding parameter (1:BIGINT) <- [15]
2026-08-26 17:19:53 DEBUG org.hibernate.SQL - select cd1_0.patient_id,cd1_0.id,cd1_0.component_name,cd1_0.component_value,cd1_0.measured_date_time from clinicaldata cd1_0 where cd1_0.patient_id=?
2026-08-26 17:19:53 TRACE org.hibernate.orm.jdbc.bind - binding parameter (1:BIGINT) <- [14]
2026-08-26 17:19:53 DEBUG org.hibernate.SQL - select cd1_0.patient_id,cd1_0.id,cd1_0.component_name,cd1_0.component_value,cd1_0.measured_date_time from clinicaldata cd1_0 where cd1_0.patient_id=?
2026-08-26 17:19:53 TRACE org.hibernate.orm.jdbc.bind - binding parameter (1:BIGINT) <- [13]
2026-08-26 17:19:53 DEBUG org.hibernate.SQL - select cd1_0.patient_id,cd1_0.id,cd1_0.component_name,cd1_0.component_value,cd1_0.measured_date_time from clinicaldata cd1_0 where cd1_0.patient_id=?
2026-08-26 17:19:53 TRACE org.hibernate.orm.jdbc.bind - binding parameter (1:BIGINT) <- [12]
2026-08-26 17:19:53 DEBUG org.hibernate.SQL - select cd1_0.patient_id,cd1_0.id,cd1_0.component_name,cd1_0.component_value,cd1_0.measured_date_time from clinicaldata cd1_0 where cd1_0.patient_id=?
2026-08-26 17:19:53 TRACE org.hibernate.orm.jdbc.bind - binding parameter (1:BIGINT) <- [11]
2026-08-26 17:19:53 DEBUG org.hibernate.SQL - select cd1_0.patient_id,cd1_0.id,cd1_0.component_name,cd1_0.component_value,cd1_0.measured_date_time from clinicaldata cd1_0 where cd1_0.patient_id=?
2026-08-26 17:19:53 TRACE org.hibernate.orm.jdbc.bind - binding parameter (1:BIGINT) <- [10]
2026-08-26 17:19:53 DEBUG org.hibernate.SQL - select cd1_0.patient_id,cd1_0.id,cd1_0.component_name,cd1_0.component_value,cd1_0.measured_date_time from clinicaldata cd1_0 where cd1_0.patient_id=?
2026-08-26 17:19:53 TRACE org.hibernate.orm.jdbc.bind - binding parameter (1:BIGINT) <- [9]
2026-08-26 17:19:53 DEBUG org.hibernate.SQL - select cd1_0.patient_id,cd1_0.id,cd1_0.component_name,cd1_0.component_value,cd1_0.measured_date_time from clinicaldata cd1_0 where cd1_0.patient_id=?
2026-08-26 17:19:53 TRACE org.hibernate.orm.jdbc.bind - binding parameter (1:BIGINT) <- [8]
2026-08-26 17:19:53 DEBUG org.hibernate.SQL - select cd1_0.patient_id,cd1_0.id,cd1_0.component_name,cd1_0.component_value,cd1_0.measured_date_time from clinicaldata cd1_0 where cd1_0.patient_id=?
2026-08-26 17:19:53 TRACE org.hibernate.orm.jdbc.bind - binding parameter (1:BIGINT) <- [7]
2026-08-26 17:19:53 DEBUG org.hibernate.SQL - select cd1_0.patient_id,cd1_0.id,cd1_0.component_name,cd1_0.component_value,cd1_0.measured_date_time from clinicaldata cd1_0 where cd1_0.patient_id=?
2026-08-26 17:19:53 TRACE org.hibernate.orm.jdbc.bind - binding parameter (1:BIGINT) <- [6]
2026-08-26 17:19:53 DEBUG org.hibernate.SQL - select cd1_0.patient_id,cd1_0.id,cd1_0.component_name,cd1_0.component_value,cd1_0.measured_date_time from clinicaldata cd1_0 where cd1_0.patient_id=?
2026-08-26 17:19:53 TRACE org.hibernate.orm.jdbc.bind - binding parameter (1:BIGINT) <- [5]
2026-08-26 17:19:53 DEBUG org.hibernate.SQL - select cd1_0.patient_id,cd1_0.id,cd1_0.component_name,cd1_0.component_value,cd1_0.measured_date_time from clinicaldata cd1_0 where cd1_0.patient_id=?
2026-08-26 17:19:53 TRACE org.hibernate.orm.jdbc.bind - binding parameter (1:BIGINT) <- [4]
2026-08-26 17:19:53 DEBUG org.hibernate.SQL - select cd1_0.patient_id,cd1_0.id,cd1_0.component_name,cd1_0.component_value,cd1_0.measured_date_time from clinicaldata cd1_0 where cd1_0.patient_id=?
2026-08-26 17:19:53 TRACE org.hibernate.orm.jdbc.bind - binding parameter (1:BIGINT) <- [3]
2026-08-26 17:19:53 DEBUG org.hibernate.SQL - select cd1_0.patient_id,cd1_0.id,cd1_0.component_name,cd1_0.component_value,cd1_0.measured_date_time from clinicaldata cd1_0 where cd1_0.patient_id=?
2026-08-26 17:19:53 TRACE org.hibernate.orm.jdbc.bind - binding parameter (1:BIGINT) <- [2]
2026-08-26 17:19:53 DEBUG org.hibernate.SQL - select cd1_0.patient_id,cd1_0.id,cd1_0.component_name,cd1_0.component_value,cd1_0.measured_date_time from clinicaldata cd1_0 where cd1_0.patient_id=?
2026-08-26 17:19:53 TRACE org.hibernate.orm.jdbc.bind - binding parameter (1:BIGINT) <- [1]
2026-08-26 17:19:53 INFO  c.v.c.p.r.PatientController - Fetching all patients
2026-08-26 17:19:53 DEBUG org.hibernate.SQL - select p1_0.id,p1_0.age,p1_0.first_name,p1_0.last_name from patient p1_0
2026-08-26 17:19:53 DEBUG org.hibernate.SQL - select cd1_0.patient_id,cd1_0.id,cd1_0.component_name,cd1_0.component_value,cd1_0.measured_date_time from clinicaldata cd1_0 where cd1_0.patient_id=?
2026-08-26 17:19:53 TRACE org.hibernate.orm.jdbc.bind - binding parameter (1:BIGINT) <- [18]
2026-08-26 17:19:53 DEBUG org.hibernate.SQL - select cd1_0.patient_id,cd1_0.id,cd1_0.component_name,cd1_0.component_value,cd1_0.measured_date_time from clinicaldata cd1_0 where cd1_0.patient_id=?
2026-08-26 17:19:53 TRACE org.hibernate.orm.jdbc.bind - binding parameter (1:BIGINT) <- [17]
2026-08-26 17:19:53 DEBUG org.hibernate.SQL - select cd1_0.patient_id,cd1_0.id,cd1_0.component_name,cd1_0.component_value,cd1_0.measured_date_time from clinicaldata cd1_0 where cd1_0.patient_id=?
2026-08-26 17:19:53 TRACE org.hibernate.orm.jdbc.bind - binding parameter (1:BIGINT) <- [16]
2026-08-26 17:19:53 DEBUG org.hibernate.SQL - select cd1_0.patient_id,cd1_0.id,cd1_0.component_name,cd1_0.component_value,cd1_0.measured_date_time from clinicaldata cd1_0 where cd1_0.patient_id=?
2026-08-26 17:19:53 TRACE org.hibernate.orm.jdbc.bind - binding parameter (1:BIGINT) <- [15]
2026-08-26 17:19:53 DEBUG org.hibernate.SQL - select cd1_0.patient_id,cd1_0.id,cd1_0.component_name,cd1_0.component_value,cd1_0.measured_date_time from clinicaldata cd1_0 where cd1_0.patient_id=?
2026-08-26 17:19:53 TRACE org.hibernate.orm.jdbc.bind - binding parameter (1:BIGINT) <- [14]
2026-08-26 17:19:53 DEBUG org.hibernate.SQL - select cd1_0.patient_id,cd1_0.id,cd1_0.component_name,cd1_0.component_value,cd1_0.measured_date_time from clinicaldata cd1_0 where cd1_0.patient_id=?
2026-08-26 17:19:53 TRACE org.hibernate.orm.jdbc.bind - binding parameter (1:BIGINT) <- [13]
2026-08-26 17:19:53 DEBUG org.hibernate.SQL - select cd1_0.patient_id,cd1_0.id,cd1_0.component_name,cd1_0.component_value,cd1_0.measured_date_time from clinicaldata cd1_0 where cd1_0.patient_id=?
2026-08-26 17:19:53 TRACE org.hibernate.orm.jdbc.bind - binding parameter (1:BIGINT) <- [12]
2026-08-26 17:19:53 DEBUG org.hibernate.SQL - select cd1_0.patient_id,cd1_0.id,cd1_0.component_name,cd1_0.component_value,cd1_0.measured_date_time from clinicaldata cd1_0 where cd1_0.patient_id=?
2026-08-26 17:19:53 TRACE org.hibernate.orm.jdbc.bind - binding parameter (1:BIGINT) <- [11]
2026-08-26 17:19:53 DEBUG org.hibernate.SQL - select cd1_0.patient_id,cd1_0.id,cd1_0.component_name,cd1_0.component_value,cd1_0.measured_date_time from clinicaldata cd1_0 where cd1_0.patient_id=?
2026-08-26 17:19:53 TRACE org.hibernate.orm.jdbc.bind - binding parameter (1:BIGINT) <- [10]
2026-08-26 17:19:53 DEBUG org.hibernate.SQL - select cd1_0.patient_id,cd1_0.id,cd1_0.component_name,cd1_0.component_value,cd1_0.measured_date_time from clinicaldata cd1_0 where cd1_0.patient_id=?
2026-08-26 17:19:53 TRACE org.hibernate.orm.jdbc.bind - binding parameter (1:BIGINT) <- [9]
2026-08-26 17:19:53 DEBUG org.hibernate.SQL - select cd1_0.patient_id,cd1_0.id,cd1_0.component_name,cd1_0.component_value,cd1_0.measured_date_time from clinicaldata cd1_0 where cd1_0.patient_id=?
2026-08-26 17:19:53 TRACE org.hibernate.orm.jdbc.bind - binding parameter (1:BIGINT) <- [8]
2026-08-26 17:19:53 DEBUG org.hibernate.SQL - select cd1_0.patient_id,cd1_0.id,cd1_0.component_name,cd1_0.component_value,cd1_0.measured_date_time from clinicaldata cd1_0 where cd1_0.patient_id=?
2026-08-26 17:19:53 TRACE org.hibernate.orm.jdbc.bind - binding parameter (1:BIGINT) <- [7]
2026-08-26 17:19:53 DEBUG org.hibernate.SQL - select cd1_0.patient_id,cd1_0.id,cd1_0.component_name,cd1_0.component_value,cd1_0.measured_date_time from clinicaldata cd1_0 where cd1_0.patient_id=?
2026-08-26 17:19:53 TRACE org.hibernate.orm.jdbc.bind - binding parameter (1:BIGINT) <- [6]
2026-08-26 17:19:53 DEBUG org.hibernate.SQL - select cd1_0.patient_id,cd1_0.id,cd1_0.component_name,cd1_0.component_value,cd1_0.measured_date_time from clinicaldata cd1_0 where cd1_0.patient_id=?
2026-08-26 17:19:53 TRACE org.hibernate.orm.jdbc.bind - binding parameter (1:BIGINT) <- [5]
2026-08-26 17:19:53 DEBUG org.hibernate.SQL - select cd1_0.patient_id,cd1_0.id,cd1_0.component_name,cd1_0.component_value,cd1_0.measured_date_time from clinicaldata cd1_0 where cd1_0.patient_id=?
2026-08-26 17:19:53 TRACE org.hibernate.orm.jdbc.bind - binding parameter (1:BIGINT) <- [4]
2026-08-26 17:19:53 DEBUG org.hibernate.SQL - select cd1_0.patient_id,cd1_0.id,cd1_0.component_name,cd1_0.component_value,cd1_0.measured_date_time from clinicaldata cd1_0 where cd1_0.patient_id=?
2026-08-26 17:19:53 TRACE org.hibernate.orm.jdbc.bind - binding parameter (1:BIGINT) <- [3]
2026-08-26 17:19:53 DEBUG org.hibernate.SQL - select cd1_0.patient_id,cd1_0.id,cd1_0.component_name,cd1_0.component_value,cd1_0.measured_date_time from clinicaldata cd1_0 where cd1_0.patient_id=?
2026-08-26 17:19:53 TRACE org.hibernate.orm.jdbc.bind - binding parameter (1:BIGINT) <- [2]
2026-08-26 17:19:53 DEBUG org.hibernate.SQL - select cd1_0.patient_id,cd1_0.id,cd1_0.component_name,cd1_0.component_value,cd1_0.measured_date_time from clinicaldata cd1_0 where cd1_0.patient_id=?
2026-08-26 17:19:53 TRACE org.hibernate.orm.jdbc.bind - binding parameter (1:BIGINT) <- [1]
2026-08-26 17:19:54 INFO  c.v.c.p.r.PatientController - Fetching all patients
2026-08-26 17:19:54 DEBUG org.hibernate.SQL - select p1_0.id,p1_0.age,p1_0.first_name,p1_0.last_name from patient p1_0
2026-08-26 17:19:54 DEBUG org.hibernate.SQL - select cd1_0.patient_id,cd1_0.id,cd1_0.component_name,cd1_0.component_value,cd1_0.measured_date_time from clinicaldata cd1_0 where cd1_0.patient_id=?
2026-08-26 17:19:54 TRACE org.hibernate.orm.jdbc.bind - binding parameter (1:BIGINT) <- [18]
2026-08-26 17:19:54 DEBUG org.hibernate.SQL - select cd1_0.patient_id,cd1_0.id,cd1_0.component_name,cd1_0.component_value,cd1_0.measured_date_time from clinicaldata cd1_0 where cd1_0.patient_id=?
2026-08-26 17:19:54 TRACE org.hibernate.orm.jdbc.bind - binding parameter (1:BIGINT) <- [17]
2026-08-26 17:19:54 DEBUG org.hibernate.SQL - select cd1_0.patient_id,cd1_0.id,cd1_0.component_name,cd1_0.component_value,cd1_0.measured_date_time from clinicaldata cd1_0 where cd1_0.patient_id=?
2026-08-26 17:19:54 TRACE org.hibernate.orm.jdbc.bind - binding parameter (1:BIGINT) <- [16]
2026-08-26 17:19:54 DEBUG org.hibernate.SQL - select cd1_0.patient_id,cd1_0.id,cd1_0.component_name,cd1_0.component_value,cd1_0.measured_date_time from clinicaldata cd1_0 where cd1_0.patient_id=?
2026-08-26 17:19:54 TRACE org.hibernate.orm.jdbc.bind - binding parameter (1:BIGINT) <- [15]
2026-08-26 17:19:54 DEBUG org.hibernate.SQL - select cd1_0.patient_id,cd1_0.id,cd1_0.component_name,cd1_0.component_value,cd1_0.measured_date_time from clinicaldata cd1_0 where cd1_0.patient_id=?
2026-08-26 17:19:54 TRACE org.hibernate.orm.jdbc.bind - binding parameter (1:BIGINT) <- [14]
2026-08-26 17:19:54 DEBUG org.hibernate.SQL - select cd1_0.patient_id,cd1_0.id,cd1_0.component_name,cd1_0.component_value,cd1_0.measured_date_time from clinicaldata cd1_0 where cd1_0.patient_id=?
2026-08-26 17:19:54 TRACE org.hibernate.orm.jdbc.bind - binding parameter (1:BIGINT) <- [13]
2026-08-26 17:19:54 DEBUG org.hibernate.SQL - select cd1_0.patient_id,cd1_0.id,cd1_0.component_name,cd1_0.component_value,cd1_0.measured_date_time from clinicaldata cd1_0 where cd1_0.patient_id=?
2026-08-26 17:19:54 TRACE org.hibernate.orm.jdbc.bind - binding parameter (1:BIGINT) <- [12]
2026-08-26 17:19:54 DEBUG org.hibernate.SQL - select cd1_0.patient_id,cd1_0.id,cd1_0.component_name,cd1_0.component_value,cd1_0.measured_date_time from clinicaldata cd1_0 where cd1_0.patient_id=?
2026-08-26 17:19:54 TRACE org.hibernate.orm.jdbc.bind - binding parameter (1:BIGINT) <- [11]
2026-08-26 17:19:54 DEBUG org.hibernate.SQL - select cd1_0.patient_id,cd1_0.id,cd1_0.component_name,cd1_0.component_value,cd1_0.measured_date_time from clinicaldata cd1_0 where cd1_0.patient_id=?
2026-08-26 17:19:54 TRACE org.hibernate.orm.jdbc.bind - binding parameter (1:BIGINT) <- [10]
2026-08-26 17:19:54 DEBUG org.hibernate.SQL - select cd1_0.patient_id,cd1_0.id,cd1_0.component_name,cd1_0.component_value,cd1_0.measured_date_time from clinicaldata cd1_0 where cd1_0.patient_id=?
2026-08-26 17:19:54 TRACE org.hibernate.orm.jdbc.bind - binding parameter (1:BIGINT) <- [9]
2026-08-26 17:19:54 DEBUG org.hibernate.SQL - select cd1_0.patient_id,cd1_0.id,cd1_0.component_name,cd1_0.component_value,cd1_0.measured_date_time from clinicaldata cd1_0 where cd1_0.patient_id=?
2026-08-26 17:19:54 TRACE org.hibernate.orm.jdbc.bind - binding parameter (1:BIGINT) <- [8]
2026-08-26 17:19:54 DEBUG org.hibernate.SQL - select cd1_0.patient_id,cd1_0.id,cd1_0.component_name,cd1_0.component_value,cd1_0.measured_date_time from clinicaldata cd1_0 where cd1_0.patient_id=?
2026-08-26 17:19:54 TRACE org.hibernate.orm.jdbc.bind - binding parameter (1:BIGINT) <- [7]
2026-08-26 17:19:54 DEBUG org.hibernate.SQL - select cd1_0.patient_id,cd1_0.id,cd1_0.component_name,cd1_0.component_value,cd1_0.measured_date_time from clinicaldata cd1_0 where cd1_0.patient_id=?
2026-08-26 17:19:54 TRACE org.hibernate.orm.jdbc.bind - binding parameter (1:BIGINT) <- [6]
2026-08-26 17:19:54 DEBUG org.hibernate.SQL - select cd1_0.patient_id,cd1_0.id,cd1_0.component_name,cd1_0.component_value,cd1_0.measured_date_time from clinicaldata cd1_0 where cd1_0.patient_id=?
2026-08-26 17:19:54 TRACE org.hibernate.orm.jdbc.bind - binding parameter (1:BIGINT) <- [5]
2026-08-26 17:19:54 DEBUG org.hibernate.SQL - select cd1_0.patient_id,cd1_0.id,cd1_0.component_name,cd1_0.component_value,cd1_0.measured_date_time from clinicaldata cd1_0 where cd1_0.patient_id=?
2026-08-26 17:19:54 TRACE org.hibernate.orm.jdbc.bind - binding parameter (1:BIGINT) <- [4]
2026-08-26 17:19:54 DEBUG org.hibernate.SQL - select cd1_0.patient_id,cd1_0.id,cd1_0.component_name,cd1_0.component_value,cd1_0.measured_date_time from clinicaldata cd1_0 where cd1_0.patient_id=?
2026-08-26 17:19:54 TRACE org.hibernate.orm.jdbc.bind - binding parameter (1:BIGINT) <- [3]
2026-08-26 17:19:54 DEBUG org.hibernate.SQL - select cd1_0.patient_id,cd1_0.id,cd1_0.component_name,cd1_0.component_value,cd1_0.measured_date_time from clinicaldata cd1_0 where cd1_0.patient_id=?
2026-08-26 17:19:54 TRACE org.hibernate.orm.jdbc.bind - binding parameter (1:BIGINT) <- [2]
2026-08-26 17:19:54 DEBUG org.hibernate.SQL - select cd1_0.patient_id,cd1_0.id,cd1_0.component_name,cd1_0.component_value,cd1_0.measured_date_time from clinicaldata cd1_0 where cd1_0.patient_id=?
2026-08-26 17:19:54 TRACE org.hibernate.orm.jdbc.bind - binding parameter (1:BIGINT) <- [1]
2026-08-26 17:19:54 INFO  c.v.c.p.r.PatientController - Fetching all patients
2026-08-26 17:19:54 DEBUG org.hibernate.SQL - select p1_0.id,p1_0.age,p1_0.first_name,p1_0.last_name from patient p1_0
2026-08-26 17:19:54 DEBUG org.hibernate.SQL - select cd1_0.patient_id,cd1_0.id,cd1_0.component_name,cd1_0.component_value,cd1_0.measured_date_time from clinicaldata cd1_0 where cd1_0.patient_id=?
2026-08-26 17:19:54 TRACE org.hibernate.orm.jdbc.bind - binding parameter (1:BIGINT) <- [18]
2026-08-26 17:19:54 DEBUG org.hibernate.SQL - select cd1_0.patient_id,cd1_0.id,cd1_0.component_name,cd1_0.component_value,cd1_0.measured_date_time from clinicaldata cd1_0 where cd1_0.patient_id=?
2026-08-26 17:19:54 TRACE org.hibernate.orm.jdbc.bind - binding parameter (1:BIGINT) <- [17]
2026-08-26 17:19:54 DEBUG org.hibernate.SQL - select cd1_0.patient_id,cd1_0.id,cd1_0.component_name,cd1_0.component_value,cd1_0.measured_date_time from clinicaldata cd1_0 where cd1_0.patient_id=?
2026-08-26 17:19:54 TRACE org.hibernate.orm.jdbc.bind - binding parameter (1:BIGINT) <- [16]
2026-08-26 17:19:54 DEBUG org.hibernate.SQL - select cd1_0.patient_id,cd1_0.id,cd1_0.component_name,cd1_0.component_value,cd1_0.measured_date_time from clinicaldata cd1_0 where cd1_0.patient_id=?
2026-08-26 17:19:54 TRACE org.hibernate.orm.jdbc.bind - binding parameter (1:BIGINT) <- [15]
2026-08-26 17:19:54 DEBUG org.hibernate.SQL - select cd1_0.patient_id,cd1_0.id,cd1_0.component_name,cd1_0.component_value,cd1_0.measured_date_time from clinicaldata cd1_0 where cd1_0.patient_id=?
2026-08-26 17:19:54 TRACE org.hibernate.orm.jdbc.bind - binding parameter (1:BIGINT) <- [14]
2026-08-26 17:19:54 DEBUG org.hibernate.SQL - select cd1_0.patient_id,cd1_0.id,cd1_0.component_name,cd1_0.component_value,cd1_0.measured_date_time from clinicaldata cd1_0 where cd1_0.patient_id=?
2026-08-26 17:19:54 TRACE org.hibernate.orm.jdbc.bind - binding parameter (1:BIGINT) <- [13]
2026-08-26 17:19:54 DEBUG org.hibernate.SQL - select cd1_0.patient_id,cd1_0.id,cd1_0.component_name,cd1_0.component_value,cd1_0.measured_date_time from clinicaldata cd1_0 where cd1_0.patient_id=?
2026-08-26 17:19:54 TRACE org.hibernate.orm.jdbc.bind - binding parameter (1:BIGINT) <- [12]
2026-08-26 17:19:54 DEBUG org.hibernate.SQL - select cd1_0.patient_id,cd1_0.id,cd1_0.component_name,cd1_0.component_value,cd1_0.measured_date_time from clinicaldata cd1_0 where cd1_0.patient_id=?
2026-08-26 17:19:54 TRACE org.hibernate.orm.jdbc.bind - binding parameter (1:BIGINT) <- [11]
2026-08-26 17:19:54 DEBUG org.hibernate.SQL - select cd1_0.patient_id,cd1_0.id,cd1_0.component_name,cd1_0.component_value,cd1_0.measured_date_time from clinicaldata cd1_0 where cd1_0.patient_id=?
2026-08-26 17:19:54 TRACE org.hibernate.orm.jdbc.bind - binding parameter (1:BIGINT) <- [10]
2026-08-26 17:19:54 DEBUG org.hibernate.SQL - select cd1_0.patient_id,cd1_0.id,cd1_0.component_name,cd1_0.component_value,cd1_0.measured_date_time from clinicaldata cd1_0 where cd1_0.patient_id=?
2026-08-26 17:19:54 TRACE org.hibernate.orm.jdbc.bind - binding parameter (1:BIGINT) <- [9]
2026-08-26 17:19:54 DEBUG org.hibernate.SQL - select cd1_0.patient_id,cd1_0.id,cd1_0.component_name,cd1_0.component_value,cd1_0.measured_date_time from clinicaldata cd1_0 where cd1_0.patient_id=?
2026-08-26 17:19:54 TRACE org.hibernate.orm.jdbc.bind - binding parameter (1:BIGINT) <- [8]
2026-08-26 17:19:54 DEBUG org.hibernate.SQL - select cd1_0.patient_id,cd1_0.id,cd1_0.component_name,cd1_0.component_value,cd1_0.measured_date_time from clinicaldata cd1_0 where cd1_0.patient_id=?
2026-08-26 17:19:54 TRACE org.hibernate.orm.jdbc.bind - binding parameter (1:BIGINT) <- [7]
2026-08-26 17:19:54 DEBUG org.hibernate.SQL - select cd1_0.patient_id,cd1_0.id,cd1_0.component_name,cd1_0.component_value,cd1_0.measured_date_time from clinicaldata cd1_0 where cd1_0.patient_id=?
2026-08-26 17:19:54 TRACE org.hibernate.orm.jdbc.bind - binding parameter (1:BIGINT) <- [6]
2026-08-26 17:19:54 DEBUG org.hibernate.SQL - select cd1_0.patient_id,cd1_0.id,cd1_0.component_name,cd1_0.component_value,cd1_0.measured_date_time from clinicaldata cd1_0 where cd1_0.patient_id=?
2026-08-26 17:19:54 TRACE org.hibernate.orm.jdbc.bind - binding parameter (1:BIGINT) <- [5]
2026-08-26 17:19:54 DEBUG org.hibernate.SQL - select cd1_0.patient_id,cd1_0.id,cd1_0.component_name,cd1_0.component_value,cd1_0.measured_date_time from clinicaldata cd1_0 where cd1_0.patient_id=?
2026-08-26 17:19:54 TRACE org.hibernate.orm.jdbc.bind - binding parameter (1:BIGINT) <- [4]
2026-08-26 17:19:54 DEBUG org.hibernate.SQL - select cd1_0.patient_id,cd1_0.id,cd1_0.component_name,cd1_0.component_value,cd1_0.measured_date_time from clinicaldata cd1_0 where cd1_0.patient_id=?
2026-08-26 17:19:54 TRACE org.hibernate.orm.jdbc.bind - binding parameter (1:BIGINT) <- [3]
2026-08-26 17:19:54 DEBUG org.hibernate.SQL - select cd1_0.patient_id,cd1_0.id,cd1_0.component_name,cd1_0.component_value,cd1_0.measured_date_time from clinicaldata cd1_0 where cd1_0.patient_id=?
2026-08-26 17:19:54 TRACE org.hibernate.orm.jdbc.bind - binding parameter (1:BIGINT) <- [2]
2026-08-26 17:19:54 DEBUG org.hibernate.SQL - select cd1_0.patient_id,cd1_0.id,cd1_0.component_name,cd1_0.component_value,cd1_0.measured_date_time from clinicaldata cd1_0 where cd1_0.patient_id=?
2026-08-26 17:19:55 TRACE org.hibernate.orm.jdbc.bind - binding parameter (1:BIGINT) <- [1]
2026-08-26 17:19:55 INFO  c.v.c.p.r.PatientController - Fetching all patients
2026-08-26 17:19:55 DEBUG org.hibernate.SQL - select p1_0.id,p1_0.age,p1_0.first_name,p1_0.last_name from patient p1_0
2026-08-26 17:19:55 DEBUG org.hibernate.SQL - select cd1_0.patient_id,cd1_0.id,cd1_0.component_name,cd1_0.component_value,cd1_0.measured_date_time from clinicaldata cd1_0 where cd1_0.patient_id=?
2026-08-26 17:19:55 TRACE org.hibernate.orm.jdbc.bind - binding parameter (1:BIGINT) <- [18]
2026-08-26 17:19:55 DEBUG org.hibernate.SQL - select cd1_0.patient_id,cd1_0.id,cd1_0.component_name,cd1_0.component_value,cd1_0.measured_date_time from clinicaldata cd1_0 where cd1_0.patient_id=?
2026-08-26 17:19:55 TRACE org.hibernate.orm.jdbc.bind - binding parameter (1:BIGINT) <- [17]
2026-08-26 17:19:55 DEBUG org.hibernate.SQL - select cd1_0.patient_id,cd1_0.id,cd1_0.component_name,cd1_0.component_value,cd1_0.measured_date_time from clinicaldata cd1_0 where cd1_0.patient_id=?
2026-08-26 17:19:55 TRACE org.hibernate.orm.jdbc.bind - binding parameter (1:BIGINT) <- [16]
2026-08-26 17:19:55 DEBUG org.hibernate.SQL - select cd1_0.patient_id,cd1_0.id,cd1_0.component_name,cd1_0.component_value,cd1_0.measured_date_time from clinicaldata cd1_0 where cd1_0.patient_id=?
2026-08-26 17:19:55 TRACE org.hibernate.orm.jdbc.bind - binding parameter (1:BIGINT) <- [15]
2026-08-26 17:19:55 DEBUG org.hibernate.SQL - select cd1_0.patient_id,cd1_0.id,cd1_0.component_name,cd1_0.component_value,cd1_0.measured_date_time from clinicaldata cd1_0 where cd1_0.patient_id=?
2026-08-26 17:19:55 TRACE org.hibernate.orm.jdbc.bind - binding parameter (1:BIGINT) <- [14]
2026-08-26 17:19:55 DEBUG org.hibernate.SQL - select cd1_0.patient_id,cd1_0.id,cd1_0.component_name,cd1_0.component_value,cd1_0.measured_date_time from clinicaldata cd1_0 where cd1_0.patient_id=?
2026-08-26 17:19:55 TRACE org.hibernate.orm.jdbc.bind - binding parameter (1:BIGINT) <- [13]
2026-08-26 17:19:55 DEBUG org.hibernate.SQL - select cd1_0.patient_id,cd1_0.id,cd1_0.component_name,cd1_0.component_value,cd1_0.measured_date_time from clinicaldata cd1_0 where cd1_0.patient_id=?
2026-08-26 17:19:55 TRACE org.hibernate.orm.jdbc.bind - binding parameter (1:BIGINT) <- [12]
2026-08-26 17:19:55 DEBUG org.hibernate.SQL - select cd1_0.patient_id,cd1_0.id,cd1_0.component_name,cd1_0.component_value,cd1_0.measured_date_time from clinicaldata cd1_0 where cd1_0.patient_id=?
2026-08-26 17:19:55 TRACE org.hibernate.orm.jdbc.bind - binding parameter (1:BIGINT) <- [11]
2026-08-26 17:19:55 DEBUG org.hibernate.SQL - select cd1_0.patient_id,cd1_0.id,cd1_0.component_name,cd1_0.component_value,cd1_0.measured_date_time from clinicaldata cd1_0 where cd1_0.patient_id=?
2026-08-26 17:19:55 TRACE org.hibernate.orm.jdbc.bind - binding parameter (1:BIGINT) <- [10]
2026-08-26 17:19:55 DEBUG org.hibernate.SQL - select cd1_0.patient_id,cd1_0.id,cd1_0.component_name,cd1_0.component_value,cd1_0.measured_date_time from clinicaldata cd1_0 where cd1_0.patient_id=?
2026-08-26 17:19:55 TRACE org.hibernate.orm.jdbc.bind - binding parameter (1:BIGINT) <- [9]
2026-08-26 17:19:55 DEBUG org.hibernate.SQL - select cd1_0.patient_id,cd1_0.id,cd1_0.component_name,cd1_0.component_value,cd1_0.measured_date_time from clinicaldata cd1_0 where cd1_0.patient_id=?
2026-08-26 17:19:55 TRACE org.hibernate.orm.jdbc.bind - binding parameter (1:BIGINT) <- [8]
2026-08-26 17:19:55 DEBUG org.hibernate.SQL - select cd1_0.patient_id,cd1_0.id,cd1_0.component_name,cd1_0.component_value,cd1_0.measured_date_time from clinicaldata cd1_0 where cd1_0.patient_id=?
2026-08-26 17:19:55 TRACE org.hibernate.orm.jdbc.bind - binding parameter (1:BIGINT) <- [7]
2026-08-26 17:19:55 DEBUG org.hibernate.SQL - select cd1_0.patient_id,cd1_0.id,cd1_0.component_name,cd1_0.component_value,cd1_0.measured_date_time from clinicaldata cd1_0 where cd1_0.patient_id=?
2026-08-26 17:19:55 TRACE org.hibernate.orm.jdbc.bind - binding parameter (1:BIGINT) <- [6]
2026-08-26 17:19:55 DEBUG org.hibernate.SQL - select cd1_0.patient_id,cd1_0.id,cd1_0.component_name,cd1_0.component_value,cd1_0.measured_date_time from clinicaldata cd1_0 where cd1_0.patient_id=?
2026-08-26 17:19:55 TRACE org.hibernate.orm.jdbc.bind - binding parameter (1:BIGINT) <- [5]
2026-08-26 17:19:55 DEBUG org.hibernate.SQL - select cd1_0.patient_id,cd1_0.id,cd1_0.component_name,cd1_0.component_value,cd1_0.measured_date_time from clinicaldata cd1_0 where cd1_0.patient_id=?
2026-08-26 17:19:55 TRACE org.hibernate.orm.jdbc.bind - binding parameter (1:BIGINT) <- [4]
2026-08-26 17:19:55 DEBUG org.hibernate.SQL - select cd1_0.patient_id,cd1_0.id,cd1_0.component_name,cd1_0.component_value,cd1_0.measured_date_time from clinicaldata cd1_0 where cd1_0.patient_id=?
2026-08-26 17:19:55 TRACE org.hibernate.orm.jdbc.bind - binding parameter (1:BIGINT) <- [3]
2026-08-26 17:19:55 DEBUG org.hibernate.SQL - select cd1_0.patient_id,cd1_0.id,cd1_0.component_name,cd1_0.component_value,cd1_0.measured_date_time from clinicaldata cd1_0 where cd1_0.patient_id=?
2026-08-26 17:19:55 TRACE org.hibernate.orm.jdbc.bind - binding parameter (1:BIGINT) <- [2]
2026-08-26 17:19:55 DEBUG org.hibernate.SQL - select cd1_0.patient_id,cd1_0.id,cd1_0.component_name,cd1_0.component_value,cd1_0.measured_date_time from clinicaldata cd1_0 where cd1_0.patient_id=?
2026-08-26 17:19:55 TRACE org.hibernate.orm.jdbc.bind - binding parameter (1:BIGINT) <- [1]
2026-08-26 17:19:55 INFO  c.v.c.p.r.PatientController - Fetching all patients
2026-08-26 17:19:55 DEBUG org.hibernate.SQL - select p1_0.id,p1_0.age,p1_0.first_name,p1_0.last_name from patient p1_0
2026-08-26 17:19:55 DEBUG org.hibernate.SQL - select cd1_0.patient_id,cd1_0.id,cd1_0.component_name,cd1_0.component_value,cd1_0.measured_date_time from clinicaldata cd1_0 where cd1_0.patient_id=?
2026-08-26 17:19:55 TRACE org.hibernate.orm.jdbc.bind - binding parameter (1:BIGINT) <- [18]
2026-08-26 17:19:55 DEBUG org.hibernate.SQL - select cd1_0.patient_id,cd1_0.id,cd1_0.component_name,cd1_0.component_value,cd1_0.measured_date_time from clinicaldata cd1_0 where cd1_0.patient_id=?
2026-08-26 17:19:55 TRACE org.hibernate.orm.jdbc.bind - binding parameter (1:BIGINT) <- [17]
2026-08-26 17:19:55 DEBUG org.hibernate.SQL - select cd1_0.patient_id,cd1_0.id,cd1_0.component_name,cd1_0.component_value,cd1_0.measured_date_time from clinicaldata cd1_0 where cd1_0.patient_id=?
2026-08-26 17:19:55 TRACE org.hibernate.orm.jdbc.bind - binding parameter (1:BIGINT) <- [16]
2026-08-26 17:19:55 DEBUG org.hibernate.SQL - select cd1_0.patient_id,cd1_0.id,cd1_0.component_name,cd1_0.component_value,cd1_0.measured_date_time from clinicaldata cd1_0 where cd1_0.patient_id=?
2026-08-26 17:19:55 TRACE org.hibernate.orm.jdbc.bind - binding parameter (1:BIGINT) <- [15]
2026-08-26 17:19:55 DEBUG org.hibernate.SQL - select cd1_0.patient_id,cd1_0.id,cd1_0.component_name,cd1_0.component_value,cd1_0.measured_date_time from clinicaldata cd1_0 where cd1_0.patient_id=?
2026-08-26 17:19:55 TRACE org.hibernate.orm.jdbc.bind - binding parameter (1:BIGINT) <- [14]
2026-08-26 17:19:55 DEBUG org.hibernate.SQL - select cd1_0.patient_id,cd1_0.id,cd1_0.component_name,cd1_0.component_value,cd1_0.measured_date_time from clinicaldata cd1_0 where cd1_0.patient_id=?
2026-08-26 17:19:55 TRACE org.hibernate.orm.jdbc.bind - binding parameter (1:BIGINT) <- [13]
2026-08-26 17:19:55 DEBUG org.hibernate.SQL - select cd1_0.patient_id,cd1_0.id,cd1_0.component_name,cd1_0.component_value,cd1_0.measured_date_time from clinicaldata cd1_0 where cd1_0.patient_id=?
2026-08-26 17:19:55 TRACE org.hibernate.orm.jdbc.bind - binding parameter (1:BIGINT) <- [12]
2026-08-26 17:19:55 DEBUG org.hibernate.SQL - select cd1_0.patient_id,cd1_0.id,cd1_0.component_name,cd1_0.component_value,cd1_0.measured_date_time from clinicaldata cd1_0 where cd1_0.patient_id=?
2026-08-26 17:19:55 TRACE org.hibernate.orm.jdbc.bind - binding parameter (1:BIGINT) <- [11]
2026-08-26 17:19:55 DEBUG org.hibernate.SQL - select cd1_0.patient_id,cd1_0.id,cd1_0.component_name,cd1_0.component_value,cd1_0.measured_date_time from clinicaldata cd1_0 where cd1_0.patient_id=?
2026-08-26 17:19:55 TRACE org.hibernate.orm.jdbc.bind - binding parameter (1:BIGINT) <- [10]
2026-08-26 17:19:55 DEBUG org.hibernate.SQL - select cd1_0.patient_id,cd1_0.id,cd1_0.component_name,cd1_0.component_value,cd1_0.measured_date_time from clinicaldata cd1_0 where cd1_0.patient_id=?
2026-08-26 17:19:55 TRACE org.hibernate.orm.jdbc.bind - binding parameter (1:BIGINT) <- [9]
2026-08-26 17:19:55 DEBUG org.hibernate.SQL - select cd1_0.patient_id,cd1_0.id,cd1_0.component_name,cd1_0.component_value,cd1_0.measured_date_time from clinicaldata cd1_0 where cd1_0.patient_id=?
2026-08-26 17:19:55 TRACE org.hibernate.orm.jdbc.bind - binding parameter (1:BIGINT) <- [8]
2026-08-26 17:19:55 DEBUG org.hibernate.SQL - select cd1_0.patient_id,cd1_0.id,cd1_0.component_name,cd1_0.component_value,cd1_0.measured_date_time from clinicaldata cd1_0 where cd1_0.patient_id=?
2026-08-26 17:19:55 TRACE org.hibernate.orm.jdbc.bind - binding parameter (1:BIGINT) <- [7]
2026-08-26 17:19:55 DEBUG org.hibernate.SQL - select cd1_0.patient_id,cd1_0.id,cd1_0.component_name,cd1_0.component_value,cd1_0.measured_date_time from clinicaldata cd1_0 where cd1_0.patient_id=?
2026-08-26 17:19:55 TRACE org.hibernate.orm.jdbc.bind - binding parameter (1:BIGINT) <- [6]
2026-08-26 17:19:55 DEBUG org.hibernate.SQL - select cd1_0.patient_id,cd1_0.id,cd1_0.component_name,cd1_0.component_value,cd1_0.measured_date_time from clinicaldata cd1_0 where cd1_0.patient_id=?
2026-08-26 17:19:55 TRACE org.hibernate.orm.jdbc.bind - binding parameter (1:BIGINT) <- [5]
2026-08-26 17:19:55 DEBUG org.hibernate.SQL - select cd1_0.patient_id,cd1_0.id,cd1_0.component_name,cd1_0.component_value,cd1_0.measured_date_time from clinicaldata cd1_0 where cd1_0.patient_id=?
2026-08-26 17:19:55 TRACE org.hibernate.orm.jdbc.bind - binding parameter (1:BIGINT) <- [4]
2026-08-26 17:19:55 DEBUG org.hibernate.SQL - select cd1_0.patient_id,cd1_0.id,cd1_0.component_name,cd1_0.component_value,cd1_0.measured_date_time from clinicaldata cd1_0 where cd1_0.patient_id=?
2026-08-26 17:19:55 TRACE org.hibernate.orm.jdbc.bind - binding parameter (1:BIGINT) <- [3]
2026-08-26 17:19:55 DEBUG org.hibernate.SQL - select cd1_0.patient_id,cd1_0.id,cd1_0.component_name,cd1_0.component_value,cd1_0.measured_date_time from clinicaldata cd1_0 where cd1_0.patient_id=?
2026-08-26 17:19:55 TRACE org.hibernate.orm.jdbc.bind - binding parameter (1:BIGINT) <- [2]
2026-08-26 17:19:55 DEBUG org.hibernate.SQL - select cd1_0.patient_id,cd1_0.id,cd1_0.component_name,cd1_0.component_value,cd1_0.measured_date_time from clinicaldata cd1_0 where cd1_0.patient_id=?
2026-08-26 17:19:55 TRACE org.hibernate.orm.jdbc.bind - binding parameter (1:BIGINT) <- [1]
2026-08-26 17:19:56 DEBUG c.v.c.p.r.PatientController - Fetching patient with id 10
2026-08-26 17:19:56 DEBUG org.hibernate.SQL - select p1_0.id,p1_0.age,p1_0.first_name,p1_0.last_name,cd1_0.patient_id,cd1_0.id,cd1_0.component_name,cd1_0.component_value,cd1_0.measured_date_time from patient p1_0 left join clinicaldata cd1_0 on p1_0.id=cd1_0.patient_id where p1_0.id=?
2026-08-26 17:19:56 TRACE org.hibernate.orm.jdbc.bind - binding parameter (1:BIGINT) <- [10]
2026-08-26 17:19:57 DEBUG c.v.c.p.r.PatientController - Fetching patient with id 10
2026-08-26 17:19:57 DEBUG org.hibernate.SQL - select p1_0.id,p1_0.age,p1_0.first_name,p1_0.last_name,cd1_0.patient_id,cd1_0.id,cd1_0.component_name,cd1_0.component_value,cd1_0.measured_date_time from patient p1_0 left join clinicaldata cd1_0 on p1_0.id=cd1_0.patient_id where p1_0.id=?
2026-08-26 17:19:57 TRACE org.hibernate.orm.jdbc.bind - binding parameter (1:BIGINT) <- [10]
2026-08-26 17:19:59 INFO  c.v.c.p.r.PatientController - Fetching all patients
2026-08-26 17:19:59 DEBUG org.hibernate.SQL - select p1_0.id,p1_0.age,p1_0.first_name,p1_0.last_name from patient p1_0
2026-08-26 17:19:59 DEBUG org.hibernate.SQL - select cd1_0.patient_id,cd1_0.id,cd1_0.component_name,cd1_0.component_value,cd1_0.measured_date_time from clinicaldata cd1_0 where cd1_0.patient_id=?
2026-08-26 17:19:59 TRACE org.hibernate.orm.jdbc.bind - binding parameter (1:BIGINT) <- [18]
2026-08-26 17:19:59 DEBUG org.hibernate.SQL - select cd1_0.patient_id,cd1_0.id,cd1_0.component_name,cd1_0.component_value,cd1_0.measured_date_time from clinicaldata cd1_0 where cd1_0.patient_id=?
2026-08-26 17:19:59 TRACE org.hibernate.orm.jdbc.bind - binding parameter (1:BIGINT) <- [17]
2026-08-26 17:19:59 DEBUG org.hibernate.SQL - select cd1_0.patient_id,cd1_0.id,cd1_0.component_name,cd1_0.component_value,cd1_0.measured_date_time from clinicaldata cd1_0 where cd1_0.patient_id=?
2026-08-26 17:19:59 TRACE org.hibernate.orm.jdbc.bind - binding parameter (1:BIGINT) <- [16]
2026-08-26 17:19:59 DEBUG org.hibernate.SQL - select cd1_0.patient_id,cd1_0.id,cd1_0.component_name,cd1_0.component_value,cd1_0.measured_date_time from clinicaldata cd1_0 where cd1_0.patient_id=?
2026-08-26 17:19:59 TRACE org.hibernate.orm.jdbc.bind - binding parameter (1:BIGINT) <- [15]
2026-08-26 17:19:59 DEBUG org.hibernate.SQL - select cd1_0.patient_id,cd1_0.id,cd1_0.component_name,cd1_0.component_value,cd1_0.measured_date_time from clinicaldata cd1_0 where cd1_0.patient_id=?
2026-08-26 17:19:59 TRACE org.hibernate.orm.jdbc.bind - binding parameter (1:BIGINT) <- [14]
2026-08-26 17:19:59 DEBUG org.hibernate.SQL - select cd1_0.patient_id,cd1_0.id,cd1_0.component_name,cd1_0.component_value,cd1_0.measured_date_time from clinicaldata cd1_0 where cd1_0.patient_id=?
2026-08-26 17:19:59 TRACE org.hibernate.orm.jdbc.bind - binding parameter (1:BIGINT) <- [13]
2026-08-26 17:19:59 DEBUG org.hibernate.SQL - select cd1_0.patient_id,cd1_0.id,cd1_0.component_name,cd1_0.component_value,cd1_0.measured_date_time from clinicaldata cd1_0 where cd1_0.patient_id=?
2026-08-26 17:19:59 TRACE org.hibernate.orm.jdbc.bind - binding parameter (1:BIGINT) <- [12]
2026-08-26 17:19:59 DEBUG org.hibernate.SQL - select cd1_0.patient_id,cd1_0.id,cd1_0.component_name,cd1_0.component_value,cd1_0.measured_date_time from clinicaldata cd1_0 where cd1_0.patient_id=?
2026-08-26 17:19:59 TRACE org.hibernate.orm.jdbc.bind - binding parameter (1:BIGINT) <- [11]
2026-08-26 17:19:59 DEBUG org.hibernate.SQL - select cd1_0.patient_id,cd1_0.id,cd1_0.component_name,cd1_0.component_value,cd1_0.measured_date_time from clinicaldata cd1_0 where cd1_0.patient_id=?
2026-08-26 17:19:59 TRACE org.hibernate.orm.jdbc.bind - binding parameter (1:BIGINT) <- [10]
2026-08-26 17:19:59 DEBUG org.hibernate.SQL - select cd1_0.patient_id,cd1_0.id,cd1_0.component_name,cd1_0.component_value,cd1_0.measured_date_time from clinicaldata cd1_0 where cd1_0.patient_id=?
2026-08-26 17:19:59 TRACE org.hibernate.orm.jdbc.bind - binding parameter (1:BIGINT) <- [9]
2026-08-26 17:19:59 DEBUG org.hibernate.SQL - select cd1_0.patient_id,cd1_0.id,cd1_0.component_name,cd1_0.component_value,cd1_0.measured_date_time from clinicaldata cd1_0 where cd1_0.patient_id=?
2026-08-26 17:19:59 TRACE org.hibernate.orm.jdbc.bind - binding parameter (1:BIGINT) <- [8]
2026-08-26 17:19:59 DEBUG org.hibernate.SQL - select cd1_0.patient_id,cd1_0.id,cd1_0.component_name,cd1_0.component_value,cd1_0.measured_date_time from clinicaldata cd1_0 where cd1_0.patient_id=?
2026-08-26 17:19:59 TRACE org.hibernate.orm.jdbc.bind - binding parameter (1:BIGINT) <- [7]
2026-08-26 17:19:59 DEBUG org.hibernate.SQL - select cd1_0.patient_id,cd1_0.id,cd1_0.component_name,cd1_0.component_value,cd1_0.measured_date_time from clinicaldata cd1_0 where cd1_0.patient_id=?
2026-08-26 17:19:59 TRACE org.hibernate.orm.jdbc.bind - binding parameter (1:BIGINT) <- [6]
2026-08-26 17:19:59 DEBUG org.hibernate.SQL - select cd1_0.patient_id,cd1_0.id,cd1_0.component_name,cd1_0.component_value,cd1_0.measured_date_time from clinicaldata cd1_0 where cd1_0.patient_id=?
2026-08-26 17:19:59 TRACE org.hibernate.orm.jdbc.bind - binding parameter (1:BIGINT) <- [5]
2026-08-26 17:19:59 DEBUG org.hibernate.SQL - select cd1_0.patient_id,cd1_0.id,cd1_0.component_name,cd1_0.component_value,cd1_0.measured_date_time from clinicaldata cd1_0 where cd1_0.patient_id=?
2026-08-26 17:19:59 TRACE org.hibernate.orm.jdbc.bind - binding parameter (1:BIGINT) <- [4]
2026-08-26 17:19:59 DEBUG org.hibernate.SQL - select cd1_0.patient_id,cd1_0.id,cd1_0.component_name,cd1_0.component_value,cd1_0.measured_date_time from clinicaldata cd1_0 where cd1_0.patient_id=?
2026-08-26 17:19:59 TRACE org.hibernate.orm.jdbc.bind - binding parameter (1:BIGINT) <- [3]
2026-08-26 17:19:59 DEBUG org.hibernate.SQL - select cd1_0.patient_id,cd1_0.id,cd1_0.component_name,cd1_0.component_value,cd1_0.measured_date_time from clinicaldata cd1_0 where cd1_0.patient_id=?
2026-08-26 17:19:59 TRACE org.hibernate.orm.jdbc.bind - binding parameter (1:BIGINT) <- [2]
2026-08-26 17:19:59 DEBUG org.hibernate.SQL - select cd1_0.patient_id,cd1_0.id,cd1_0.component_name,cd1_0.component_value,cd1_0.measured_date_time from clinicaldata cd1_0 where cd1_0.patient_id=?
2026-08-26 17:19:59 TRACE org.hibernate.orm.jdbc.bind - binding parameter (1:BIGINT) <- [1]
2026-08-26 17:19:59 INFO  c.v.c.p.r.PatientController - Fetching all patients
2026-08-26 17:19:59 DEBUG org.hibernate.SQL - select p1_0.id,p1_0.age,p1_0.first_name,p1_0.last_name from patient p1_0
2026-08-26 17:19:59 DEBUG org.hibernate.SQL - select cd1_0.patient_id,cd1_0.id,cd1_0.component_name,cd1_0.component_value,cd1_0.measured_date_time from clinicaldata cd1_0 where cd1_0.patient_id=?
2026-08-26 17:19:59 TRACE org.hibernate.orm.jdbc.bind - binding parameter (1:BIGINT) <- [18]
2026-08-26 17:19:59 DEBUG org.hibernate.SQL - select cd1_0.patient_id,cd1_0.id,cd1_0.component_name,cd1_0.component_value,cd1_0.measured_date_time from clinicaldata cd1_0 where cd1_0.patient_id=?
2026-08-26 17:19:59 TRACE org.hibernate.orm.jdbc.bind - binding parameter (1:BIGINT) <- [17]
2026-08-26 17:19:59 DEBUG org.hibernate.SQL - select cd1_0.patient_id,cd1_0.id,cd1_0.component_name,cd1_0.component_value,cd1_0.measured_date_time from clinicaldata cd1_0 where cd1_0.patient_id=?
2026-08-26 17:19:59 TRACE org.hibernate.orm.jdbc.bind - binding parameter (1:BIGINT) <- [16]
2026-08-26 17:19:59 DEBUG org.hibernate.SQL - select cd1_0.patient_id,cd1_0.id,cd1_0.component_name,cd1_0.component_value,cd1_0.measured_date_time from clinicaldata cd1_0 where cd1_0.patient_id=?
2026-08-26 17:19:59 TRACE org.hibernate.orm.jdbc.bind - binding parameter (1:BIGINT) <- [15]
2026-08-26 17:19:59 DEBUG org.hibernate.SQL - select cd1_0.patient_id,cd1_0.id,cd1_0.component_name,cd1_0.component_value,cd1_0.measured_date_time from clinicaldata cd1_0 where cd1_0.patient_id=?
2026-08-26 17:19:59 TRACE org.hibernate.orm.jdbc.bind - binding parameter (1:BIGINT) <- [14]
2026-08-26 17:19:59 DEBUG org.hibernate.SQL - select cd1_0.patient_id,cd1_0.id,cd1_0.component_name,cd1_0.component_value,cd1_0.measured_date_time from clinicaldata cd1_0 where cd1_0.patient_id=?
2026-08-26 17:19:59 TRACE org.hibernate.orm.jdbc.bind - binding parameter (1:BIGINT) <- [13]
2026-08-26 17:19:59 DEBUG org.hibernate.SQL - select cd1_0.patient_id,cd1_0.id,cd1_0.component_name,cd1_0.component_value,cd1_0.measured_date_time from clinicaldata cd1_0 where cd1_0.patient_id=?
2026-08-26 17:19:59 TRACE org.hibernate.orm.jdbc.bind - binding parameter (1:BIGINT) <- [12]
2026-08-26 17:19:59 DEBUG org.hibernate.SQL - select cd1_0.patient_id,cd1_0.id,cd1_0.component_name,cd1_0.component_value,cd1_0.measured_date_time from clinicaldata cd1_0 where cd1_0.patient_id=?
2026-08-26 17:19:59 TRACE org.hibernate.orm.jdbc.bind - binding parameter (1:BIGINT) <- [11]
2026-08-26 17:19:59 DEBUG org.hibernate.SQL - select cd1_0.patient_id,cd1_0.id,cd1_0.component_name,cd1_0.component_value,cd1_0.measured_date_time from clinicaldata cd1_0 where cd1_0.patient_id=?
2026-08-26 17:19:59 TRACE org.hibernate.orm.jdbc.bind - binding parameter (1:BIGINT) <- [10]
2026-08-26 17:19:59 DEBUG org.hibernate.SQL - select cd1_0.patient_id,cd1_0.id,cd1_0.component_name,cd1_0.component_value,cd1_0.measured_date_time from clinicaldata cd1_0 where cd1_0.patient_id=?
2026-08-26 17:19:59 TRACE org.hibernate.orm.jdbc.bind - binding parameter (1:BIGINT) <- [9]
2026-08-26 17:19:59 DEBUG org.hibernate.SQL - select cd1_0.patient_id,cd1_0.id,cd1_0.component_name,cd1_0.component_value,cd1_0.measured_date_time from clinicaldata cd1_0 where cd1_0.patient_id=?
2026-08-26 17:19:59 TRACE org.hibernate.orm.jdbc.bind - binding parameter (1:BIGINT) <- [8]
2026-08-26 17:19:59 DEBUG org.hibernate.SQL - select cd1_0.patient_id,cd1_0.id,cd1_0.component_name,cd1_0.component_value,cd1_0.measured_date_time from clinicaldata cd1_0 where cd1_0.patient_id=?
2026-08-26 17:19:59 TRACE org.hibernate.orm.jdbc.bind - binding parameter (1:BIGINT) <- [7]
2026-08-26 17:19:59 DEBUG org.hibernate.SQL - select cd1_0.patient_id,cd1_0.id,cd1_0.component_name,cd1_0.component_value,cd1_0.measured_date_time from clinicaldata cd1_0 where cd1_0.patient_id=?
2026-08-26 17:19:59 TRACE org.hibernate.orm.jdbc.bind - binding parameter (1:BIGINT) <- [6]
2026-08-26 17:19:59 DEBUG org.hibernate.SQL - select cd1_0.patient_id,cd1_0.id,cd1_0.component_name,cd1_0.component_value,cd1_0.measured_date_time from clinicaldata cd1_0 where cd1_0.patient_id=?
2026-08-26 17:19:59 TRACE org.hibernate.orm.jdbc.bind - binding parameter (1:BIGINT) <- [5]
2026-08-26 17:19:59 DEBUG org.hibernate.SQL - select cd1_0.patient_id,cd1_0.id,cd1_0.component_name,cd1_0.component_value,cd1_0.measured_date_time from clinicaldata cd1_0 where cd1_0.patient_id=?
2026-08-26 17:19:59 TRACE org.hibernate.orm.jdbc.bind - binding parameter (1:BIGINT) <- [4]
2026-08-26 17:19:59 DEBUG org.hibernate.SQL - select cd1_0.patient_id,cd1_0.id,cd1_0.component_name,cd1_0.component_value,cd1_0.measured_date_time from clinicaldata cd1_0 where cd1_0.patient_id=?
2026-08-26 17:19:59 TRACE org.hibernate.orm.jdbc.bind - binding parameter (1:BIGINT) <- [3]
2026-08-26 17:19:59 DEBUG org.hibernate.SQL - select cd1_0.patient_id,cd1_0.id,cd1_0.component_name,cd1_0.component_value,cd1_0.measured_date_time from clinicaldata cd1_0 where cd1_0.patient_id=?
2026-08-26 17:19:59 TRACE org.hibernate.orm.jdbc.bind - binding parameter (1:BIGINT) <- [2]
2026-08-26 17:19:59 DEBUG org.hibernate.SQL - select cd1_0.patient_id,cd1_0.id,cd1_0.component_name,cd1_0.component_value,cd1_0.measured_date_time from clinicaldata cd1_0 where cd1_0.patient_id=?
2026-08-26 17:19:59 TRACE org.hibernate.orm.jdbc.bind - binding parameter (1:BIGINT) <- [1]
2026-08-26 17:20:01 DEBUG c.v.c.p.r.PatientController - Fetching patient with id 8
2026-08-26 17:20:01 DEBUG org.hibernate.SQL - select p1_0.id,p1_0.age,p1_0.first_name,p1_0.last_name,cd1_0.patient_id,cd1_0.id,cd1_0.component_name,cd1_0.component_value,cd1_0.measured_date_time from patient p1_0 left join clinicaldata cd1_0 on p1_0.id=cd1_0.patient_id where p1_0.id=?
2026-08-26 17:20:01 TRACE org.hibernate.orm.jdbc.bind - binding parameter (1:BIGINT) <- [8]
2026-08-26 17:20:01 DEBUG c.v.c.p.r.PatientController - Fetching patient with id 8
2026-08-26 17:20:01 DEBUG org.hibernate.SQL - select p1_0.id,p1_0.age,p1_0.first_name,p1_0.last_name,cd1_0.patient_id,cd1_0.id,cd1_0.component_name,cd1_0.component_value,cd1_0.measured_date_time from patient p1_0 left join clinicaldata cd1_0 on p1_0.id=cd1_0.patient_id where p1_0.id=?
2026-08-26 17:20:01 TRACE org.hibernate.orm.jdbc.bind - binding parameter (1:BIGINT) <- [8]
2026-08-26 17:20:06 INFO  c.v.c.p.r.PatientController - Fetching all patients
2026-08-26 17:20:06 DEBUG org.hibernate.SQL - select p1_0.id,p1_0.age,p1_0.first_name,p1_0.last_name from patient p1_0
2026-08-26 17:20:06 DEBUG org.hibernate.SQL - select cd1_0.patient_id,cd1_0.id,cd1_0.component_name,cd1_0.component_value,cd1_0.measured_date_time from clinicaldata cd1_0 where cd1_0.patient_id=?
2026-08-26 17:20:06 TRACE org.hibernate.orm.jdbc.bind - binding parameter (1:BIGINT) <- [18]
2026-08-26 17:20:06 DEBUG org.hibernate.SQL - select cd1_0.patient_id,cd1_0.id,cd1_0.component_name,cd1_0.component_value,cd1_0.measured_date_time from clinicaldata cd1_0 where cd1_0.patient_id=?
2026-08-26 17:20:06 TRACE org.hibernate.orm.jdbc.bind - binding parameter (1:BIGINT) <- [17]
2026-08-26 17:20:06 DEBUG org.hibernate.SQL - select cd1_0.patient_id,cd1_0.id,cd1_0.component_name,cd1_0.component_value,cd1_0.measured_date_time from clinicaldata cd1_0 where cd1_0.patient_id=?
2026-08-26 17:20:06 TRACE org.hibernate.orm.jdbc.bind - binding parameter (1:BIGINT) <- [16]
2026-08-26 17:20:06 DEBUG org.hibernate.SQL - select cd1_0.patient_id,cd1_0.id,cd1_0.component_name,cd1_0.component_value,cd1_0.measured_date_time from clinicaldata cd1_0 where cd1_0.patient_id=?
2026-08-26 17:20:06 TRACE org.hibernate.orm.jdbc.bind - binding parameter (1:BIGINT) <- [15]
2026-08-26 17:20:06 DEBUG org.hibernate.SQL - select cd1_0.patient_id,cd1_0.id,cd1_0.component_name,cd1_0.component_value,cd1_0.measured_date_time from clinicaldata cd1_0 where cd1_0.patient_id=?
2026-08-26 17:20:06 TRACE org.hibernate.orm.jdbc.bind - binding parameter (1:BIGINT) <- [14]
2026-08-26 17:20:06 DEBUG org.hibernate.SQL - select cd1_0.patient_id,cd1_0.id,cd1_0.component_name,cd1_0.component_value,cd1_0.measured_date_time from clinicaldata cd1_0 where cd1_0.patient_id=?
2026-08-26 17:20:06 TRACE org.hibernate.orm.jdbc.bind - binding parameter (1:BIGINT) <- [13]
2026-08-26 17:20:06 DEBUG org.hibernate.SQL - select cd1_0.patient_id,cd1_0.id,cd1_0.component_name,cd1_0.component_value,cd1_0.measured_date_time from clinicaldata cd1_0 where cd1_0.patient_id=?
2026-08-26 17:20:06 TRACE org.hibernate.orm.jdbc.bind - binding parameter (1:BIGINT) <- [12]
2026-08-26 17:20:06 DEBUG org.hibernate.SQL - select cd1_0.patient_id,cd1_0.id,cd1_0.component_name,cd1_0.component_value,cd1_0.measured_date_time from clinicaldata cd1_0 where cd1_0.patient_id=?
2026-08-26 17:20:06 TRACE org.hibernate.orm.jdbc.bind - binding parameter (1:BIGINT) <- [11]
2026-08-26 17:20:06 DEBUG org.hibernate.SQL - select cd1_0.patient_id,cd1_0.id,cd1_0.component_name,cd1_0.component_value,cd1_0.measured_date_time from clinicaldata cd1_0 where cd1_0.patient_id=?
2026-08-26 17:20:06 TRACE org.hibernate.orm.jdbc.bind - binding parameter (1:BIGINT) <- [10]
2026-08-26 17:20:06 DEBUG org.hibernate.SQL - select cd1_0.patient_id,cd1_0.id,cd1_0.component_name,cd1_0.component_value,cd1_0.measured_date_time from clinicaldata cd1_0 where cd1_0.patient_id=?
2026-08-26 17:20:06 TRACE org.hibernate.orm.jdbc.bind - binding parameter (1:BIGINT) <- [9]
2026-08-26 17:20:06 DEBUG org.hibernate.SQL - select cd1_0.patient_id,cd1_0.id,cd1_0.component_name,cd1_0.component_value,cd1_0.measured_date_time from clinicaldata cd1_0 where cd1_0.patient_id=?
2026-08-26 17:20:06 TRACE org.hibernate.orm.jdbc.bind - binding parameter (1:BIGINT) <- [8]
2026-08-26 17:20:06 DEBUG org.hibernate.SQL - select cd1_0.patient_id,cd1_0.id,cd1_0.component_name,cd1_0.component_value,cd1_0.measured_date_time from clinicaldata cd1_0 where cd1_0.patient_id=?
2026-08-26 17:20:06 TRACE org.hibernate.orm.jdbc.bind - binding parameter (1:BIGINT) <- [7]
2026-08-26 17:20:06 DEBUG org.hibernate.SQL - select cd1_0.patient_id,cd1_0.id,cd1_0.component_name,cd1_0.component_value,cd1_0.measured_date_time from clinicaldata cd1_0 where cd1_0.patient_id=?
2026-08-26 17:20:06 TRACE org.hibernate.orm.jdbc.bind - binding parameter (1:BIGINT) <- [6]
2026-08-26 17:20:06 DEBUG org.hibernate.SQL - select cd1_0.patient_id,cd1_0.id,cd1_0.component_name,cd1_0.component_value,cd1_0.measured_date_time from clinicaldata cd1_0 where cd1_0.patient_id=?
2026-08-26 17:20:06 TRACE org.hibernate.orm.jdbc.bind - binding parameter (1:BIGINT) <- [5]
2026-08-26 17:20:06 DEBUG org.hibernate.SQL - select cd1_0.patient_id,cd1_0.id,cd1_0.component_name,cd1_0.component_value,cd1_0.measured_date_time from clinicaldata cd1_0 where cd1_0.patient_id=?
2026-08-26 17:20:06 TRACE org.hibernate.orm.jdbc.bind - binding parameter (1:BIGINT) <- [4]
2026-08-26 17:20:06 DEBUG org.hibernate.SQL - select cd1_0.patient_id,cd1_0.id,cd1_0.component_name,cd1_0.component_value,cd1_0.measured_date_time from clinicaldata cd1_0 where cd1_0.patient_id=?
2026-08-26 17:20:06 TRACE org.hibernate.orm.jdbc.bind - binding parameter (1:BIGINT) <- [3]
2026-08-26 17:20:06 DEBUG org.hibernate.SQL - select cd1_0.patient_id,cd1_0.id,cd1_0.component_name,cd1_0.component_value,cd1_0.measured_date_time from clinicaldata cd1_0 where cd1_0.patient_id=?
2026-08-26 17:20:06 TRACE org.hibernate.orm.jdbc.bind - binding parameter (1:BIGINT) <- [2]
2026-08-26 17:20:06 DEBUG org.hibernate.SQL - select cd1_0.patient_id,cd1_0.id,cd1_0.component_name,cd1_0.component_value,cd1_0.measured_date_time from clinicaldata cd1_0 where cd1_0.patient_id=?
2026-08-26 17:20:06 TRACE org.hibernate.orm.jdbc.bind - binding parameter (1:BIGINT) <- [1]
2026-08-26 17:20:06 INFO  c.v.c.p.r.PatientController - Fetching all patients
2026-08-26 17:20:06 DEBUG org.hibernate.SQL - select p1_0.id,p1_0.age,p1_0.first_name,p1_0.last_name from patient p1_0
2026-08-26 17:20:06 DEBUG org.hibernate.SQL - select cd1_0.patient_id,cd1_0.id,cd1_0.component_name,cd1_0.component_value,cd1_0.measured_date_time from clinicaldata cd1_0 where cd1_0.patient_id=?
2026-08-26 17:20:06 TRACE org.hibernate.orm.jdbc.bind - binding parameter (1:BIGINT) <- [18]
2026-08-26 17:20:06 DEBUG org.hibernate.SQL - select cd1_0.patient_id,cd1_0.id,cd1_0.component_name,cd1_0.component_value,cd1_0.measured_date_time from clinicaldata cd1_0 where cd1_0.patient_id=?
2026-08-26 17:20:06 TRACE org.hibernate.orm.jdbc.bind - binding parameter (1:BIGINT) <- [17]
2026-08-26 17:20:06 DEBUG org.hibernate.SQL - select cd1_0.patient_id,cd1_0.id,cd1_0.component_name,cd1_0.component_value,cd1_0.measured_date_time from clinicaldata cd1_0 where cd1_0.patient_id=?
2026-08-26 17:20:06 TRACE org.hibernate.orm.jdbc.bind - binding parameter (1:BIGINT) <- [16]
2026-08-26 17:20:06 DEBUG org.hibernate.SQL - select cd1_0.patient_id,cd1_0.id,cd1_0.component_name,cd1_0.component_value,cd1_0.measured_date_time from clinicaldata cd1_0 where cd1_0.patient_id=?
2026-08-26 17:20:06 TRACE org.hibernate.orm.jdbc.bind - binding parameter (1:BIGINT) <- [15]
2026-08-26 17:20:06 DEBUG org.hibernate.SQL - select cd1_0.patient_id,cd1_0.id,cd1_0.component_name,cd1_0.component_value,cd1_0.measured_date_time from clinicaldata cd1_0 where cd1_0.patient_id=?
2026-08-26 17:20:06 TRACE org.hibernate.orm.jdbc.bind - binding parameter (1:BIGINT) <- [14]
2026-08-26 17:20:06 DEBUG org.hibernate.SQL - select cd1_0.patient_id,cd1_0.id,cd1_0.component_name,cd1_0.component_value,cd1_0.measured_date_time from clinicaldata cd1_0 where cd1_0.patient_id=?
2026-08-26 17:20:06 TRACE org.hibernate.orm.jdbc.bind - binding parameter (1:BIGINT) <- [13]
2026-08-26 17:20:06 DEBUG org.hibernate.SQL - select cd1_0.patient_id,cd1_0.id,cd1_0.component_name,cd1_0.component_value,cd1_0.measured_date_time from clinicaldata cd1_0 where cd1_0.patient_id=?
2026-08-26 17:20:06 TRACE org.hibernate.orm.jdbc.bind - binding parameter (1:BIGINT) <- [12]
2026-08-26 17:20:06 DEBUG org.hibernate.SQL - select cd1_0.patient_id,cd1_0.id,cd1_0.component_name,cd1_0.component_value,cd1_0.measured_date_time from clinicaldata cd1_0 where cd1_0.patient_id=?
2026-08-26 17:20:06 TRACE org.hibernate.orm.jdbc.bind - binding parameter (1:BIGINT) <- [11]
2026-08-26 17:20:06 DEBUG org.hibernate.SQL - select cd1_0.patient_id,cd1_0.id,cd1_0.component_name,cd1_0.component_value,cd1_0.measured_date_time from clinicaldata cd1_0 where cd1_0.patient_id=?
2026-08-26 17:20:06 TRACE org.hibernate.orm.jdbc.bind - binding parameter (1:BIGINT) <- [10]
2026-08-26 17:20:06 DEBUG org.hibernate.SQL - select cd1_0.patient_id,cd1_0.id,cd1_0.component_name,cd1_0.component_value,cd1_0.measured_date_time from clinicaldata cd1_0 where cd1_0.patient_id=?
2026-08-26 17:20:06 TRACE org.hibernate.orm.jdbc.bind - binding parameter (1:BIGINT) <- [9]
2026-08-26 17:20:06 DEBUG org.hibernate.SQL - select cd1_0.patient_id,cd1_0.id,cd1_0.component_name,cd1_0.component_value,cd1_0.measured_date_time from clinicaldata cd1_0 where cd1_0.patient_id=?
2026-08-26 17:20:06 TRACE org.hibernate.orm.jdbc.bind - binding parameter (1:BIGINT) <- [8]
2026-08-26 17:20:06 DEBUG org.hibernate.SQL - select cd1_0.patient_id,cd1_0.id,cd1_0.component_name,cd1_0.component_value,cd1_0.measured_date_time from clinicaldata cd1_0 where cd1_0.patient_id=?
2026-08-26 17:20:06 TRACE org.hibernate.orm.jdbc.bind - binding parameter (1:BIGINT) <- [7]
2026-08-26 17:20:06 DEBUG org.hibernate.SQL - select cd1_0.patient_id,cd1_0.id,cd1_0.component_name,cd1_0.component_value,cd1_0.measured_date_time from clinicaldata cd1_0 where cd1_0.patient_id=?
2026-08-26 17:20:06 TRACE org.hibernate.orm.jdbc.bind - binding parameter (1:BIGINT) <- [6]
2026-08-26 17:20:06 DEBUG org.hibernate.SQL - select cd1_0.patient_id,cd1_0.id,cd1_0.component_name,cd1_0.component_value,cd1_0.measured_date_time from clinicaldata cd1_0 where cd1_0.patient_id=?
2026-08-26 17:20:06 TRACE org.hibernate.orm.jdbc.bind - binding parameter (1:BIGINT) <- [5]
2026-08-26 17:20:06 DEBUG org.hibernate.SQL - select cd1_0.patient_id,cd1_0.id,cd1_0.component_name,cd1_0.component_value,cd1_0.measured_date_time from clinicaldata cd1_0 where cd1_0.patient_id=?
2026-08-26 17:20:06 TRACE org.hibernate.orm.jdbc.bind - binding parameter (1:BIGINT) <- [4]
2026-08-26 17:20:06 DEBUG org.hibernate.SQL - select cd1_0.patient_id,cd1_0.id,cd1_0.component_name,cd1_0.component_value,cd1_0.measured_date_time from clinicaldata cd1_0 where cd1_0.patient_id=?
2026-08-26 17:20:06 TRACE org.hibernate.orm.jdbc.bind - binding parameter (1:BIGINT) <- [3]
2026-08-26 17:20:06 DEBUG org.hibernate.SQL - select cd1_0.patient_id,cd1_0.id,cd1_0.component_name,cd1_0.component_value,cd1_0.measured_date_time from clinicaldata cd1_0 where cd1_0.patient_id=?
2026-08-26 17:20:06 TRACE org.hibernate.orm.jdbc.bind - binding parameter (1:BIGINT) <- [2]
2026-08-26 17:20:06 DEBUG org.hibernate.SQL - select cd1_0.patient_id,cd1_0.id,cd1_0.component_name,cd1_0.component_value,cd1_0.measured_date_time from clinicaldata cd1_0 where cd1_0.patient_id=?
2026-08-26 17:20:06 TRACE org.hibernate.orm.jdbc.bind - binding parameter (1:BIGINT) <- [1]
2026-08-26 17:20:12 INFO  c.v.c.p.r.PatientController - Fetching all patients
2026-08-26 17:20:12 DEBUG org.hibernate.SQL - select p1_0.id,p1_0.age,p1_0.first_name,p1_0.last_name from patient p1_0
2026-08-26 17:20:12 DEBUG org.hibernate.SQL - select cd1_0.patient_id,cd1_0.id,cd1_0.component_name,cd1_0.component_value,cd1_0.measured_date_time from clinicaldata cd1_0 where cd1_0.patient_id=?
2026-08-26 17:20:12 TRACE org.hibernate.orm.jdbc.bind - binding parameter (1:BIGINT) <- [18]
2026-08-26 17:20:12 DEBUG org.hibernate.SQL - select cd1_0.patient_id,cd1_0.id,cd1_0.component_name,cd1_0.component_value,cd1_0.measured_date_time from clinicaldata cd1_0 where cd1_0.patient_id=?
2026-08-26 17:20:12 TRACE org.hibernate.orm.jdbc.bind - binding parameter (1:BIGINT) <- [17]
2026-08-26 17:20:12 DEBUG org.hibernate.SQL - select cd1_0.patient_id,cd1_0.id,cd1_0.component_name,cd1_0.component_value,cd1_0.measured_date_time from clinicaldata cd1_0 where cd1_0.patient_id=?
2026-08-26 17:20:12 TRACE org.hibernate.orm.jdbc.bind - binding parameter (1:BIGINT) <- [16]
2026-08-26 17:20:12 DEBUG org.hibernate.SQL - select cd1_0.patient_id,cd1_0.id,cd1_0.component_name,cd1_0.component_value,cd1_0.measured_date_time from clinicaldata cd1_0 where cd1_0.patient_id=?
2026-08-26 17:20:12 TRACE org.hibernate.orm.jdbc.bind - binding parameter (1:BIGINT) <- [15]
2026-08-26 17:20:12 DEBUG org.hibernate.SQL - select cd1_0.patient_id,cd1_0.id,cd1_0.component_name,cd1_0.component_value,cd1_0.measured_date_time from clinicaldata cd1_0 where cd1_0.patient_id=?
2026-08-26 17:20:12 TRACE org.hibernate.orm.jdbc.bind - binding parameter (1:BIGINT) <- [14]
2026-08-26 17:20:12 DEBUG org.hibernate.SQL - select cd1_0.patient_id,cd1_0.id,cd1_0.component_name,cd1_0.component_value,cd1_0.measured_date_time from clinicaldata cd1_0 where cd1_0.patient_id=?
2026-08-26 17:20:12 TRACE org.hibernate.orm.jdbc.bind - binding parameter (1:BIGINT) <- [13]
2026-08-26 17:20:12 DEBUG org.hibernate.SQL - select cd1_0.patient_id,cd1_0.id,cd1_0.component_name,cd1_0.component_value,cd1_0.measured_date_time from clinicaldata cd1_0 where cd1_0.patient_id=?
2026-08-26 17:20:12 TRACE org.hibernate.orm.jdbc.bind - binding parameter (1:BIGINT) <- [12]
2026-08-26 17:20:12 DEBUG org.hibernate.SQL - select cd1_0.patient_id,cd1_0.id,cd1_0.component_name,cd1_0.component_value,cd1_0.measured_date_time from clinicaldata cd1_0 where cd1_0.patient_id=?
2026-08-26 17:20:12 TRACE org.hibernate.orm.jdbc.bind - binding parameter (1:BIGINT) <- [11]
2026-08-26 17:20:12 DEBUG org.hibernate.SQL - select cd1_0.patient_id,cd1_0.id,cd1_0.component_name,cd1_0.component_value,cd1_0.measured_date_time from clinicaldata cd1_0 where cd1_0.patient_id=?
2026-08-26 17:20:12 TRACE org.hibernate.orm.jdbc.bind - binding parameter (1:BIGINT) <- [10]
2026-08-26 17:20:12 DEBUG org.hibernate.SQL - select cd1_0.patient_id,cd1_0.id,cd1_0.component_name,cd1_0.component_value,cd1_0.measured_date_time from clinicaldata cd1_0 where cd1_0.patient_id=?
2026-08-26 17:20:12 TRACE org.hibernate.orm.jdbc.bind - binding parameter (1:BIGINT) <- [9]
2026-08-26 17:20:12 DEBUG org.hibernate.SQL - select cd1_0.patient_id,cd1_0.id,cd1_0.component_name,cd1_0.component_value,cd1_0.measured_date_time from clinicaldata cd1_0 where cd1_0.patient_id=?
2026-08-26 17:20:12 TRACE org.hibernate.orm.jdbc.bind - binding parameter (1:BIGINT) <- [8]
2026-08-26 17:20:12 DEBUG org.hibernate.SQL - select cd1_0.patient_id,cd1_0.id,cd1_0.component_name,cd1_0.component_value,cd1_0.measured_date_time from clinicaldata cd1_0 where cd1_0.patient_id=?
2026-08-26 17:20:12 TRACE org.hibernate.orm.jdbc.bind - binding parameter (1:BIGINT) <- [7]
2026-08-26 17:20:12 DEBUG org.hibernate.SQL - select cd1_0.patient_id,cd1_0.id,cd1_0.component_name,cd1_0.component_value,cd1_0.measured_date_time from clinicaldata cd1_0 where cd1_0.patient_id=?
2026-08-26 17:20:12 TRACE org.hibernate.orm.jdbc.bind - binding parameter (1:BIGINT) <- [6]
2026-08-26 17:20:12 DEBUG org.hibernate.SQL - select cd1_0.patient_id,cd1_0.id,cd1_0.component_name,cd1_0.component_value,cd1_0.measured_date_time from clinicaldata cd1_0 where cd1_0.patient_id=?
2026-08-26 17:20:12 TRACE org.hibernate.orm.jdbc.bind - binding parameter (1:BIGINT) <- [5]
2026-08-26 17:20:12 DEBUG org.hibernate.SQL - select cd1_0.patient_id,cd1_0.id,cd1_0.component_name,cd1_0.component_value,cd1_0.measured_date_time from clinicaldata cd1_0 where cd1_0.patient_id=?
2026-08-26 17:20:12 TRACE org.hibernate.orm.jdbc.bind - binding parameter (1:BIGINT) <- [4]
2026-08-26 17:20:12 DEBUG org.hibernate.SQL - select cd1_0.patient_id,cd1_0.id,cd1_0.component_name,cd1_0.component_value,cd1_0.measured_date_time from clinicaldata cd1_0 where cd1_0.patient_id=?
2026-08-26 17:20:12 TRACE org.hibernate.orm.jdbc.bind - binding parameter (1:BIGINT) <- [3]
2026-08-26 17:20:13 DEBUG org.hibernate.SQL - select cd1_0.patient_id,cd1_0.id,cd1_0.component_name,cd1_0.component_value,cd1_0.measured_date_time from clinicaldata cd1_0 where cd1_0.patient_id=?
2026-08-26 17:20:13 TRACE org.hibernate.orm.jdbc.bind - binding parameter (1:BIGINT) <- [2]
2026-08-26 17:20:13 DEBUG org.hibernate.SQL - select cd1_0.patient_id,cd1_0.id,cd1_0.component_name,cd1_0.component_value,cd1_0.measured_date_time from clinicaldata cd1_0 where cd1_0.patient_id=?
2026-08-26 17:20:13 TRACE org.hibernate.orm.jdbc.bind - binding parameter (1:BIGINT) <- [1]
2026-08-26 17:20:13 INFO  c.v.c.p.r.PatientController - Fetching all patients
2026-08-26 17:20:13 DEBUG org.hibernate.SQL - select p1_0.id,p1_0.age,p1_0.first_name,p1_0.last_name from patient p1_0
2026-08-26 17:20:13 DEBUG org.hibernate.SQL - select cd1_0.patient_id,cd1_0.id,cd1_0.component_name,cd1_0.component_value,cd1_0.measured_date_time from clinicaldata cd1_0 where cd1_0.patient_id=?
2026-08-26 17:20:13 TRACE org.hibernate.orm.jdbc.bind - binding parameter (1:BIGINT) <- [18]
2026-08-26 17:20:13 DEBUG org.hibernate.SQL - select cd1_0.patient_id,cd1_0.id,cd1_0.component_name,cd1_0.component_value,cd1_0.measured_date_time from clinicaldata cd1_0 where cd1_0.patient_id=?
2026-08-26 17:20:13 TRACE org.hibernate.orm.jdbc.bind - binding parameter (1:BIGINT) <- [17]
2026-08-26 17:20:13 DEBUG org.hibernate.SQL - select cd1_0.patient_id,cd1_0.id,cd1_0.component_name,cd1_0.component_value,cd1_0.measured_date_time from clinicaldata cd1_0 where cd1_0.patient_id=?
2026-08-26 17:20:13 TRACE org.hibernate.orm.jdbc.bind - binding parameter (1:BIGINT) <- [16]
2026-08-26 17:20:13 DEBUG org.hibernate.SQL - select cd1_0.patient_id,cd1_0.id,cd1_0.component_name,cd1_0.component_value,cd1_0.measured_date_time from clinicaldata cd1_0 where cd1_0.patient_id=?
2026-08-26 17:20:13 TRACE org.hibernate.orm.jdbc.bind - binding parameter (1:BIGINT) <- [15]
2026-08-26 17:20:13 DEBUG org.hibernate.SQL - select cd1_0.patient_id,cd1_0.id,cd1_0.component_name,cd1_0.component_value,cd1_0.measured_date_time from clinicaldata cd1_0 where cd1_0.patient_id=?
2026-08-26 17:20:13 TRACE org.hibernate.orm.jdbc.bind - binding parameter (1:BIGINT) <- [14]
2026-08-26 17:20:13 DEBUG org.hibernate.SQL - select cd1_0.patient_id,cd1_0.id,cd1_0.component_name,cd1_0.component_value,cd1_0.measured_date_time from clinicaldata cd1_0 where cd1_0.patient_id=?
2026-08-26 17:20:13 TRACE org.hibernate.orm.jdbc.bind - binding parameter (1:BIGINT) <- [13]
2026-08-26 17:20:13 DEBUG org.hibernate.SQL - select cd1_0.patient_id,cd1_0.id,cd1_0.component_name,cd1_0.component_value,cd1_0.measured_date_time from clinicaldata cd1_0 where cd1_0.patient_id=?
2026-08-26 17:20:13 TRACE org.hibernate.orm.jdbc.bind - binding parameter (1:BIGINT) <- [12]
2026-08-26 17:20:13 DEBUG org.hibernate.SQL - select cd1_0.patient_id,cd1_0.id,cd1_0.component_name,cd1_0.component_value,cd1_0.measured_date_time from clinicaldata cd1_0 where cd1_0.patient_id=?
2026-08-26 17:20:13 TRACE org.hibernate.orm.jdbc.bind - binding parameter (1:BIGINT) <- [11]
2026-08-26 17:20:13 DEBUG org.hibernate.SQL - select cd1_0.patient_id,cd1_0.id,cd1_0.component_name,cd1_0.component_value,cd1_0.measured_date_time from clinicaldata cd1_0 where cd1_0.patient_id=?
2026-08-26 17:20:13 TRACE org.hibernate.orm.jdbc.bind - binding parameter (1:BIGINT) <- [10]
2026-08-26 17:20:13 DEBUG org.hibernate.SQL - select cd1_0.patient_id,cd1_0.id,cd1_0.component_name,cd1_0.component_value,cd1_0.measured_date_time from clinicaldata cd1_0 where cd1_0.patient_id=?
2026-08-26 17:20:13 TRACE org.hibernate.orm.jdbc.bind - binding parameter (1:BIGINT) <- [9]
2026-08-26 17:20:13 DEBUG org.hibernate.SQL - select cd1_0.patient_id,cd1_0.id,cd1_0.component_name,cd1_0.component_value,cd1_0.measured_date_time from clinicaldata cd1_0 where cd1_0.patient_id=?
2026-08-26 17:20:13 TRACE org.hibernate.orm.jdbc.bind - binding parameter (1:BIGINT) <- [8]
2026-08-26 17:20:13 DEBUG org.hibernate.SQL - select cd1_0.patient_id,cd1_0.id,cd1_0.component_name,cd1_0.component_value,cd1_0.measured_date_time from clinicaldata cd1_0 where cd1_0.patient_id=?
2026-08-26 17:20:13 TRACE org.hibernate.orm.jdbc.bind - binding parameter (1:BIGINT) <- [7]
2026-08-26 17:20:13 DEBUG org.hibernate.SQL - select cd1_0.patient_id,cd1_0.id,cd1_0.component_name,cd1_0.component_value,cd1_0.measured_date_time from clinicaldata cd1_0 where cd1_0.patient_id=?
2026-08-26 17:20:13 TRACE org.hibernate.orm.jdbc.bind - binding parameter (1:BIGINT) <- [6]
2026-08-26 17:20:13 DEBUG org.hibernate.SQL - select cd1_0.patient_id,cd1_0.id,cd1_0.component_name,cd1_0.component_value,cd1_0.measured_date_time from clinicaldata cd1_0 where cd1_0.patient_id=?
2026-08-26 17:20:13 TRACE org.hibernate.orm.jdbc.bind - binding parameter (1:BIGINT) <- [5]
2026-08-26 17:20:13 DEBUG org.hibernate.SQL - select cd1_0.patient_id,cd1_0.id,cd1_0.component_name,cd1_0.component_value,cd1_0.measured_date_time from clinicaldata cd1_0 where cd1_0.patient_id=?
2026-08-26 17:20:13 TRACE org.hibernate.orm.jdbc.bind - binding parameter (1:BIGINT) <- [4]
2026-08-26 17:20:13 DEBUG org.hibernate.SQL - select cd1_0.patient_id,cd1_0.id,cd1_0.component_name,cd1_0.component_value,cd1_0.measured_date_time from clinicaldata cd1_0 where cd1_0.patient_id=?
2026-08-26 17:20:13 TRACE org.hibernate.orm.jdbc.bind - binding parameter (1:BIGINT) <- [3]
2026-08-26 17:20:13 DEBUG org.hibernate.SQL - select cd1_0.patient_id,cd1_0.id,cd1_0.component_name,cd1_0.component_value,cd1_0.measured_date_time from clinicaldata cd1_0 where cd1_0.patient_id=?
2026-08-26 17:20:13 TRACE org.hibernate.orm.jdbc.bind - binding parameter (1:BIGINT) <- [2]
2026-08-26 17:20:13 DEBUG org.hibernate.SQL - select cd1_0.patient_id,cd1_0.id,cd1_0.component_name,cd1_0.component_value,cd1_0.measured_date_time from clinicaldata cd1_0 where cd1_0.patient_id=?
2026-08-26 17:20:13 TRACE org.hibernate.orm.jdbc.bind - binding parameter (1:BIGINT) <- [1]
2026-08-26 17:20:41 INFO  c.v.c.p.r.PatientController - Fetching all patients
2026-08-26 17:20:41 DEBUG org.hibernate.SQL - select p1_0.id,p1_0.age,p1_0.first_name,p1_0.last_name from patient p1_0
2026-08-26 17:20:41 DEBUG org.hibernate.SQL - select cd1_0.patient_id,cd1_0.id,cd1_0.component_name,cd1_0.component_value,cd1_0.measured_date_time from clinicaldata cd1_0 where cd1_0.patient_id=?
2026-08-26 17:20:41 TRACE org.hibernate.orm.jdbc.bind - binding parameter (1:BIGINT) <- [18]
2026-08-26 17:20:41 DEBUG org.hibernate.SQL - select cd1_0.patient_id,cd1_0.id,cd1_0.component_name,cd1_0.component_value,cd1_0.measured_date_time from clinicaldata cd1_0 where cd1_0.patient_id=?
2026-08-26 17:20:41 TRACE org.hibernate.orm.jdbc.bind - binding parameter (1:BIGINT) <- [17]
2026-08-26 17:20:41 DEBUG org.hibernate.SQL - select cd1_0.patient_id,cd1_0.id,cd1_0.component_name,cd1_0.component_value,cd1_0.measured_date_time from clinicaldata cd1_0 where cd1_0.patient_id=?
2026-08-26 17:20:41 TRACE org.hibernate.orm.jdbc.bind - binding parameter (1:BIGINT) <- [16]
2026-08-26 17:20:41 DEBUG org.hibernate.SQL - select cd1_0.patient_id,cd1_0.id,cd1_0.component_name,cd1_0.component_value,cd1_0.measured_date_time from clinicaldata cd1_0 where cd1_0.patient_id=?
2026-08-26 17:20:41 TRACE org.hibernate.orm.jdbc.bind - binding parameter (1:BIGINT) <- [15]
2026-08-26 17:20:41 DEBUG org.hibernate.SQL - select cd1_0.patient_id,cd1_0.id,cd1_0.component_name,cd1_0.component_value,cd1_0.measured_date_time from clinicaldata cd1_0 where cd1_0.patient_id=?
2026-08-26 17:20:41 TRACE org.hibernate.orm.jdbc.bind - binding parameter (1:BIGINT) <- [14]
2026-08-26 17:20:41 DEBUG org.hibernate.SQL - select cd1_0.patient_id,cd1_0.id,cd1_0.component_name,cd1_0.component_value,cd1_0.measured_date_time from clinicaldata cd1_0 where cd1_0.patient_id=?
2026-08-26 17:20:41 TRACE org.hibernate.orm.jdbc.bind - binding parameter (1:BIGINT) <- [13]
2026-08-26 17:20:41 DEBUG org.hibernate.SQL - select cd1_0.patient_id,cd1_0.id,cd1_0.component_name,cd1_0.component_value,cd1_0.measured_date_time from clinicaldata cd1_0 where cd1_0.patient_id=?
2026-08-26 17:20:41 TRACE org.hibernate.orm.jdbc.bind - binding parameter (1:BIGINT) <- [12]
2026-08-26 17:20:41 DEBUG org.hibernate.SQL - select cd1_0.patient_id,cd1_0.id,cd1_0.component_name,cd1_0.component_value,cd1_0.measured_date_time from clinicaldata cd1_0 where cd1_0.patient_id=?
2026-08-26 17:20:41 TRACE org.hibernate.orm.jdbc.bind - binding parameter (1:BIGINT) <- [11]
2026-08-26 17:20:41 DEBUG org.hibernate.SQL - select cd1_0.patient_id,cd1_0.id,cd1_0.component_name,cd1_0.component_value,cd1_0.measured_date_time from clinicaldata cd1_0 where cd1_0.patient_id=?
2026-08-26 17:20:41 TRACE org.hibernate.orm.jdbc.bind - binding parameter (1:BIGINT) <- [10]
2026-08-26 17:20:41 DEBUG org.hibernate.SQL - select cd1_0.patient_id,cd1_0.id,cd1_0.component_name,cd1_0.component_value,cd1_0.measured_date_time from clinicaldata cd1_0 where cd1_0.patient_id=?
2026-08-26 17:20:41 TRACE org.hibernate.orm.jdbc.bind - binding parameter (1:BIGINT) <- [9]
2026-08-26 17:20:41 DEBUG org.hibernate.SQL - select cd1_0.patient_id,cd1_0.id,cd1_0.component_name,cd1_0.component_value,cd1_0.measured_date_time from clinicaldata cd1_0 where cd1_0.patient_id=?
2026-08-26 17:20:41 TRACE org.hibernate.orm.jdbc.bind - binding parameter (1:BIGINT) <- [8]
2026-08-26 17:20:41 DEBUG org.hibernate.SQL - select cd1_0.patient_id,cd1_0.id,cd1_0.component_name,cd1_0.component_value,cd1_0.measured_date_time from clinicaldata cd1_0 where cd1_0.patient_id=?
2026-08-26 17:20:41 TRACE org.hibernate.orm.jdbc.bind - binding parameter (1:BIGINT) <- [7]
2026-08-26 17:20:41 DEBUG org.hibernate.SQL - select cd1_0.patient_id,cd1_0.id,cd1_0.component_name,cd1_0.component_value,cd1_0.measured_date_time from clinicaldata cd1_0 where cd1_0.patient_id=?
2026-08-26 17:20:41 TRACE org.hibernate.orm.jdbc.bind - binding parameter (1:BIGINT) <- [6]
2026-08-26 17:20:41 DEBUG org.hibernate.SQL - select cd1_0.patient_id,cd1_0.id,cd1_0.component_name,cd1_0.component_value,cd1_0.measured_date_time from clinicaldata cd1_0 where cd1_0.patient_id=?
2026-08-26 17:20:41 TRACE org.hibernate.orm.jdbc.bind - binding parameter (1:BIGINT) <- [5]
2026-08-26 17:20:41 DEBUG org.hibernate.SQL - select cd1_0.patient_id,cd1_0.id,cd1_0.component_name,cd1_0.component_value,cd1_0.measured_date_time from clinicaldata cd1_0 where cd1_0.patient_id=?
2026-08-26 17:20:41 TRACE org.hibernate.orm.jdbc.bind - binding parameter (1:BIGINT) <- [4]
2026-08-26 17:20:41 DEBUG org.hibernate.SQL - select cd1_0.patient_id,cd1_0.id,cd1_0.component_name,cd1_0.component_value,cd1_0.measured_date_time from clinicaldata cd1_0 where cd1_0.patient_id=?
2026-08-26 17:20:41 TRACE org.hibernate.orm.jdbc.bind - binding parameter (1:BIGINT) <- [3]
2026-08-26 17:20:41 DEBUG org.hibernate.SQL - select cd1_0.patient_id,cd1_0.id,cd1_0.component_name,cd1_0.component_value,cd1_0.measured_date_time from clinicaldata cd1_0 where cd1_0.patient_id=?
2026-08-26 17:20:41 TRACE org.hibernate.orm.jdbc.bind - binding parameter (1:BIGINT) <- [2]
2026-08-26 17:20:41 DEBUG org.hibernate.SQL - select cd1_0.patient_id,cd1_0.id,cd1_0.component_name,cd1_0.component_value,cd1_0.measured_date_time from clinicaldata cd1_0 where cd1_0.patient_id=?
2026-08-26 17:20:41 TRACE org.hibernate.orm.jdbc.bind - binding parameter (1:BIGINT) <- [1]
2026-08-26 17:20:41 INFO  c.v.c.p.r.PatientController - Fetching all patients
2026-08-26 17:20:41 DEBUG org.hibernate.SQL - select p1_0.id,p1_0.age,p1_0.first_name,p1_0.last_name from patient p1_0
2026-08-26 17:20:41 DEBUG org.hibernate.SQL - select cd1_0.patient_id,cd1_0.id,cd1_0.component_name,cd1_0.component_value,cd1_0.measured_date_time from clinicaldata cd1_0 where cd1_0.patient_id=?
2026-08-26 17:20:41 TRACE org.hibernate.orm.jdbc.bind - binding parameter (1:BIGINT) <- [18]
2026-08-26 17:20:41 DEBUG org.hibernate.SQL - select cd1_0.patient_id,cd1_0.id,cd1_0.component_name,cd1_0.component_value,cd1_0.measured_date_time from clinicaldata cd1_0 where cd1_0.patient_id=?
2026-08-26 17:20:41 TRACE org.hibernate.orm.jdbc.bind - binding parameter (1:BIGINT) <- [17]
2026-08-26 17:20:41 DEBUG org.hibernate.SQL - select cd1_0.patient_id,cd1_0.id,cd1_0.component_name,cd1_0.component_value,cd1_0.measured_date_time from clinicaldata cd1_0 where cd1_0.patient_id=?
2026-08-26 17:20:41 TRACE org.hibernate.orm.jdbc.bind - binding parameter (1:BIGINT) <- [16]
2026-08-26 17:20:41 DEBUG org.hibernate.SQL - select cd1_0.patient_id,cd1_0.id,cd1_0.component_name,cd1_0.component_value,cd1_0.measured_date_time from clinicaldata cd1_0 where cd1_0.patient_id=?
2026-08-26 17:20:41 TRACE org.hibernate.orm.jdbc.bind - binding parameter (1:BIGINT) <- [15]
2026-08-26 17:20:41 DEBUG org.hibernate.SQL - select cd1_0.patient_id,cd1_0.id,cd1_0.component_name,cd1_0.component_value,cd1_0.measured_date_time from clinicaldata cd1_0 where cd1_0.patient_id=?
2026-08-26 17:20:41 TRACE org.hibernate.orm.jdbc.bind - binding parameter (1:BIGINT) <- [14]
2026-08-26 17:20:41 DEBUG org.hibernate.SQL - select cd1_0.patient_id,cd1_0.id,cd1_0.component_name,cd1_0.component_value,cd1_0.measured_date_time from clinicaldata cd1_0 where cd1_0.patient_id=?
2026-08-26 17:20:41 TRACE org.hibernate.orm.jdbc.bind - binding parameter (1:BIGINT) <- [13]
2026-08-26 17:20:41 DEBUG org.hibernate.SQL - select cd1_0.patient_id,cd1_0.id,cd1_0.component_name,cd1_0.component_value,cd1_0.measured_date_time from clinicaldata cd1_0 where cd1_0.patient_id=?
2026-08-26 17:20:41 TRACE org.hibernate.orm.jdbc.bind - binding parameter (1:BIGINT) <- [12]
2026-08-26 17:20:41 DEBUG org.hibernate.SQL - select cd1_0.patient_id,cd1_0.id,cd1_0.component_name,cd1_0.component_value,cd1_0.measured_date_time from clinicaldata cd1_0 where cd1_0.patient_id=?
2026-08-26 17:20:41 TRACE org.hibernate.orm.jdbc.bind - binding parameter (1:BIGINT) <- [11]
2026-08-26 17:20:41 DEBUG org.hibernate.SQL - select cd1_0.patient_id,cd1_0.id,cd1_0.component_name,cd1_0.component_value,cd1_0.measured_date_time from clinicaldata cd1_0 where cd1_0.patient_id=?
2026-08-26 17:20:41 TRACE org.hibernate.orm.jdbc.bind - binding parameter (1:BIGINT) <- [10]
2026-08-26 17:20:41 DEBUG org.hibernate.SQL - select cd1_0.patient_id,cd1_0.id,cd1_0.component_name,cd1_0.component_value,cd1_0.measured_date_time from clinicaldata cd1_0 where cd1_0.patient_id=?
2026-08-26 17:20:41 TRACE org.hibernate.orm.jdbc.bind - binding parameter (1:BIGINT) <- [9]
2026-08-26 17:20:41 DEBUG org.hibernate.SQL - select cd1_0.patient_id,cd1_0.id,cd1_0.component_name,cd1_0.component_value,cd1_0.measured_date_time from clinicaldata cd1_0 where cd1_0.patient_id=?
2026-08-26 17:20:41 TRACE org.hibernate.orm.jdbc.bind - binding parameter (1:BIGINT) <- [8]
2026-08-26 17:20:41 DEBUG org.hibernate.SQL - select cd1_0.patient_id,cd1_0.id,cd1_0.component_name,cd1_0.component_value,cd1_0.measured_date_time from clinicaldata cd1_0 where cd1_0.patient_id=?
2026-08-26 17:20:41 TRACE org.hibernate.orm.jdbc.bind - binding parameter (1:BIGINT) <- [7]
2026-08-26 17:20:41 DEBUG org.hibernate.SQL - select cd1_0.patient_id,cd1_0.id,cd1_0.component_name,cd1_0.component_value,cd1_0.measured_date_time from clinicaldata cd1_0 where cd1_0.patient_id=?
2026-08-26 17:20:41 TRACE org.hibernate.orm.jdbc.bind - binding parameter (1:BIGINT) <- [6]
2026-08-26 17:20:41 DEBUG org.hibernate.SQL - select cd1_0.patient_id,cd1_0.id,cd1_0.component_name,cd1_0.component_value,cd1_0.measured_date_time from clinicaldata cd1_0 where cd1_0.patient_id=?
2026-08-26 17:20:41 TRACE org.hibernate.orm.jdbc.bind - binding parameter (1:BIGINT) <- [5]
2026-08-26 17:20:41 DEBUG org.hibernate.SQL - select cd1_0.patient_id,cd1_0.id,cd1_0.component_name,cd1_0.component_value,cd1_0.measured_date_time from clinicaldata cd1_0 where cd1_0.patient_id=?
2026-08-26 17:20:41 TRACE org.hibernate.orm.jdbc.bind - binding parameter (1:BIGINT) <- [4]
2026-08-26 17:20:41 DEBUG org.hibernate.SQL - select cd1_0.patient_id,cd1_0.id,cd1_0.component_name,cd1_0.component_value,cd1_0.measured_date_time from clinicaldata cd1_0 where cd1_0.patient_id=?
2026-08-26 17:20:41 TRACE org.hibernate.orm.jdbc.bind - binding parameter (1:BIGINT) <- [3]
2026-08-26 17:20:41 DEBUG org.hibernate.SQL - select cd1_0.patient_id,cd1_0.id,cd1_0.component_name,cd1_0.component_value,cd1_0.measured_date_time from clinicaldata cd1_0 where cd1_0.patient_id=?
2026-08-26 17:20:41 TRACE org.hibernate.orm.jdbc.bind - binding parameter (1:BIGINT) <- [2]
2026-08-26 17:20:41 DEBUG org.hibernate.SQL - select cd1_0.patient_id,cd1_0.id,cd1_0.component_name,cd1_0.component_value,cd1_0.measured_date_time from clinicaldata cd1_0 where cd1_0.patient_id=?
2026-08-26 17:20:41 TRACE org.hibernate.orm.jdbc.bind - binding parameter (1:BIGINT) <- [1]
2026-08-26 17:20:43 DEBUG c.v.c.p.r.PatientController - Fetching patient with id 1
2026-08-26 17:20:43 DEBUG org.hibernate.SQL - select p1_0.id,p1_0.age,p1_0.first_name,p1_0.last_name,cd1_0.patient_id,cd1_0.id,cd1_0.component_name,cd1_0.component_value,cd1_0.measured_date_time from patient p1_0 left join clinicaldata cd1_0 on p1_0.id=cd1_0.patient_id where p1_0.id=?
2026-08-26 17:20:43 TRACE org.hibernate.orm.jdbc.bind - binding parameter (1:BIGINT) <- [1]
2026-08-26 17:20:43 DEBUG c.v.c.p.r.PatientController - Fetching patient with id 1
2026-08-26 17:20:43 DEBUG org.hibernate.SQL - select p1_0.id,p1_0.age,p1_0.first_name,p1_0.last_name,cd1_0.patient_id,cd1_0.id,cd1_0.component_name,cd1_0.component_value,cd1_0.measured_date_time from patient p1_0 left join clinicaldata cd1_0 on p1_0.id=cd1_0.patient_id where p1_0.id=?
2026-08-26 17:20:43 TRACE org.hibernate.orm.jdbc.bind - binding parameter (1:BIGINT) <- [1]
2026-08-26 17:21:36 DEBUG c.v.c.p.r.PatientController - Fetching patient with id 1
2026-08-26 17:21:36 DEBUG org.hibernate.SQL - select p1_0.id,p1_0.age,p1_0.first_name,p1_0.last_name,cd1_0.patient_id,cd1_0.id,cd1_0.component_name,cd1_0.component_value,cd1_0.measured_date_time from patient p1_0 left join clinicaldata cd1_0 on p1_0.id=cd1_0.patient_id where p1_0.id=?
2026-08-26 17:21:36 TRACE org.hibernate.orm.jdbc.bind - binding parameter (1:BIGINT) <- [1]
2026-08-26 17:21:36 DEBUG c.v.c.p.r.PatientController - Fetching patient with id 1
2026-08-26 17:21:36 DEBUG org.hibernate.SQL - select p1_0.id,p1_0.age,p1_0.first_name,p1_0.last_name,cd1_0.patient_id,cd1_0.id,cd1_0.component_name,cd1_0.component_value,cd1_0.measured_date_time from patient p1_0 left join clinicaldata cd1_0 on p1_0.id=cd1_0.patient_id where p1_0.id=?
2026-08-26 17:21:36 TRACE org.hibernate.orm.jdbc.bind - binding parameter (1:BIGINT) <- [1]
2026-08-26 17:21:36 INFO  c.v.c.p.r.PatientController - Fetching all patients
2026-08-26 17:21:36 DEBUG org.hibernate.SQL - select p1_0.id,p1_0.age,p1_0.first_name,p1_0.last_name from patient p1_0
2026-08-26 17:21:36 DEBUG org.hibernate.SQL - select cd1_0.patient_id,cd1_0.id,cd1_0.component_name,cd1_0.component_value,cd1_0.measured_date_time from clinicaldata cd1_0 where cd1_0.patient_id=?
2026-08-26 17:21:36 TRACE org.hibernate.orm.jdbc.bind - binding parameter (1:BIGINT) <- [18]
2026-08-26 17:21:36 DEBUG org.hibernate.SQL - select cd1_0.patient_id,cd1_0.id,cd1_0.component_name,cd1_0.component_value,cd1_0.measured_date_time from clinicaldata cd1_0 where cd1_0.patient_id=?
2026-08-26 17:21:36 TRACE org.hibernate.orm.jdbc.bind - binding parameter (1:BIGINT) <- [17]
2026-08-26 17:21:36 DEBUG org.hibernate.SQL - select cd1_0.patient_id,cd1_0.id,cd1_0.component_name,cd1_0.component_value,cd1_0.measured_date_time from clinicaldata cd1_0 where cd1_0.patient_id=?
2026-08-26 17:21:36 TRACE org.hibernate.orm.jdbc.bind - binding parameter (1:BIGINT) <- [16]
2026-08-26 17:21:36 DEBUG org.hibernate.SQL - select cd1_0.patient_id,cd1_0.id,cd1_0.component_name,cd1_0.component_value,cd1_0.measured_date_time from clinicaldata cd1_0 where cd1_0.patient_id=?
2026-08-26 17:21:36 TRACE org.hibernate.orm.jdbc.bind - binding parameter (1:BIGINT) <- [15]
2026-08-26 17:21:36 DEBUG org.hibernate.SQL - select cd1_0.patient_id,cd1_0.id,cd1_0.component_name,cd1_0.component_value,cd1_0.measured_date_time from clinicaldata cd1_0 where cd1_0.patient_id=?
2026-08-26 17:21:36 TRACE org.hibernate.orm.jdbc.bind - binding parameter (1:BIGINT) <- [14]
2026-08-26 17:21:36 DEBUG org.hibernate.SQL - select cd1_0.patient_id,cd1_0.id,cd1_0.component_name,cd1_0.component_value,cd1_0.measured_date_time from clinicaldata cd1_0 where cd1_0.patient_id=?
2026-08-26 17:21:36 TRACE org.hibernate.orm.jdbc.bind - binding parameter (1:BIGINT) <- [13]
2026-08-26 17:21:36 DEBUG org.hibernate.SQL - select cd1_0.patient_id,cd1_0.id,cd1_0.component_name,cd1_0.component_value,cd1_0.measured_date_time from clinicaldata cd1_0 where cd1_0.patient_id=?
2026-08-26 17:21:36 TRACE org.hibernate.orm.jdbc.bind - binding parameter (1:BIGINT) <- [12]
2026-08-26 17:21:36 DEBUG org.hibernate.SQL - select cd1_0.patient_id,cd1_0.id,cd1_0.component_name,cd1_0.component_value,cd1_0.measured_date_time from clinicaldata cd1_0 where cd1_0.patient_id=?
2026-08-26 17:21:36 TRACE org.hibernate.orm.jdbc.bind - binding parameter (1:BIGINT) <- [11]
2026-08-26 17:21:36 DEBUG org.hibernate.SQL - select cd1_0.patient_id,cd1_0.id,cd1_0.component_name,cd1_0.component_value,cd1_0.measured_date_time from clinicaldata cd1_0 where cd1_0.patient_id=?
2026-08-26 17:21:36 TRACE org.hibernate.orm.jdbc.bind - binding parameter (1:BIGINT) <- [10]
2026-08-26 17:21:36 DEBUG org.hibernate.SQL - select cd1_0.patient_id,cd1_0.id,cd1_0.component_name,cd1_0.component_value,cd1_0.measured_date_time from clinicaldata cd1_0 where cd1_0.patient_id=?
2026-08-26 17:21:36 TRACE org.hibernate.orm.jdbc.bind - binding parameter (1:BIGINT) <- [9]
2026-08-26 17:21:36 DEBUG org.hibernate.SQL - select cd1_0.patient_id,cd1_0.id,cd1_0.component_name,cd1_0.component_value,cd1_0.measured_date_time from clinicaldata cd1_0 where cd1_0.patient_id=?
2026-08-26 17:21:36 TRACE org.hibernate.orm.jdbc.bind - binding parameter (1:BIGINT) <- [8]
2026-08-26 17:21:36 DEBUG org.hibernate.SQL - select cd1_0.patient_id,cd1_0.id,cd1_0.component_name,cd1_0.component_value,cd1_0.measured_date_time from clinicaldata cd1_0 where cd1_0.patient_id=?
2026-08-26 17:21:36 TRACE org.hibernate.orm.jdbc.bind - binding parameter (1:BIGINT) <- [7]
2026-08-26 17:21:36 DEBUG org.hibernate.SQL - select cd1_0.patient_id,cd1_0.id,cd1_0.component_name,cd1_0.component_value,cd1_0.measured_date_time from clinicaldata cd1_0 where cd1_0.patient_id=?
2026-08-26 17:21:36 TRACE org.hibernate.orm.jdbc.bind - binding parameter (1:BIGINT) <- [6]
2026-08-26 17:21:36 DEBUG org.hibernate.SQL - select cd1_0.patient_id,cd1_0.id,cd1_0.component_name,cd1_0.component_value,cd1_0.measured_date_time from clinicaldata cd1_0 where cd1_0.patient_id=?
2026-08-26 17:21:36 TRACE org.hibernate.orm.jdbc.bind - binding parameter (1:BIGINT) <- [5]
2026-08-26 17:21:36 DEBUG org.hibernate.SQL - select cd1_0.patient_id,cd1_0.id,cd1_0.component_name,cd1_0.component_value,cd1_0.measured_date_time from clinicaldata cd1_0 where cd1_0.patient_id=?
2026-08-26 17:21:36 TRACE org.hibernate.orm.jdbc.bind - binding parameter (1:BIGINT) <- [4]
2026-08-26 17:21:36 DEBUG org.hibernate.SQL - select cd1_0.patient_id,cd1_0.id,cd1_0.component_name,cd1_0.component_value,cd1_0.measured_date_time from clinicaldata cd1_0 where cd1_0.patient_id=?
2026-08-26 17:21:36 TRACE org.hibernate.orm.jdbc.bind - binding parameter (1:BIGINT) <- [3]
2026-08-26 17:21:36 DEBUG org.hibernate.SQL - select cd1_0.patient_id,cd1_0.id,cd1_0.component_name,cd1_0.component_value,cd1_0.measured_date_time from clinicaldata cd1_0 where cd1_0.patient_id=?
2026-08-26 17:21:36 TRACE org.hibernate.orm.jdbc.bind - binding parameter (1:BIGINT) <- [2]
2026-08-26 17:21:36 DEBUG org.hibernate.SQL - select cd1_0.patient_id,cd1_0.id,cd1_0.component_name,cd1_0.component_value,cd1_0.measured_date_time from clinicaldata cd1_0 where cd1_0.patient_id=?
2026-08-26 17:21:36 TRACE org.hibernate.orm.jdbc.bind - binding parameter (1:BIGINT) <- [1]
2026-08-26 17:21:36 INFO  c.v.c.p.r.PatientController - Fetching all patients
2026-08-26 17:21:36 DEBUG org.hibernate.SQL - select p1_0.id,p1_0.age,p1_0.first_name,p1_0.last_name from patient p1_0
2026-08-26 17:21:36 DEBUG org.hibernate.SQL - select cd1_0.patient_id,cd1_0.id,cd1_0.component_name,cd1_0.component_value,cd1_0.measured_date_time from clinicaldata cd1_0 where cd1_0.patient_id=?
2026-08-26 17:21:36 TRACE org.hibernate.orm.jdbc.bind - binding parameter (1:BIGINT) <- [18]
2026-08-26 17:21:36 DEBUG org.hibernate.SQL - select cd1_0.patient_id,cd1_0.id,cd1_0.component_name,cd1_0.component_value,cd1_0.measured_date_time from clinicaldata cd1_0 where cd1_0.patient_id=?
2026-08-26 17:21:36 TRACE org.hibernate.orm.jdbc.bind - binding parameter (1:BIGINT) <- [17]
2026-08-26 17:21:36 DEBUG org.hibernate.SQL - select cd1_0.patient_id,cd1_0.id,cd1_0.component_name,cd1_0.component_value,cd1_0.measured_date_time from clinicaldata cd1_0 where cd1_0.patient_id=?
2026-08-26 17:21:36 TRACE org.hibernate.orm.jdbc.bind - binding parameter (1:BIGINT) <- [16]
2026-08-26 17:21:36 DEBUG org.hibernate.SQL - select cd1_0.patient_id,cd1_0.id,cd1_0.component_name,cd1_0.component_value,cd1_0.measured_date_time from clinicaldata cd1_0 where cd1_0.patient_id=?
2026-08-26 17:21:36 TRACE org.hibernate.orm.jdbc.bind - binding parameter (1:BIGINT) <- [15]
2026-08-26 17:21:36 DEBUG org.hibernate.SQL - select cd1_0.patient_id,cd1_0.id,cd1_0.component_name,cd1_0.component_value,cd1_0.measured_date_time from clinicaldata cd1_0 where cd1_0.patient_id=?
2026-08-26 17:21:36 TRACE org.hibernate.orm.jdbc.bind - binding parameter (1:BIGINT) <- [14]
2026-08-26 17:21:36 DEBUG org.hibernate.SQL - select cd1_0.patient_id,cd1_0.id,cd1_0.component_name,cd1_0.component_value,cd1_0.measured_date_time from clinicaldata cd1_0 where cd1_0.patient_id=?
2026-08-26 17:21:36 TRACE org.hibernate.orm.jdbc.bind - binding parameter (1:BIGINT) <- [13]
2026-08-26 17:21:36 DEBUG org.hibernate.SQL - select cd1_0.patient_id,cd1_0.id,cd1_0.component_name,cd1_0.component_value,cd1_0.measured_date_time from clinicaldata cd1_0 where cd1_0.patient_id=?
2026-08-26 17:21:36 TRACE org.hibernate.orm.jdbc.bind - binding parameter (1:BIGINT) <- [12]
2026-08-26 17:21:36 DEBUG org.hibernate.SQL - select cd1_0.patient_id,cd1_0.id,cd1_0.component_name,cd1_0.component_value,cd1_0.measured_date_time from clinicaldata cd1_0 where cd1_0.patient_id=?
2026-08-26 17:21:37 TRACE org.hibernate.orm.jdbc.bind - binding parameter (1:BIGINT) <- [11]
2026-08-26 17:21:37 DEBUG org.hibernate.SQL - select cd1_0.patient_id,cd1_0.id,cd1_0.component_name,cd1_0.component_value,cd1_0.measured_date_time from clinicaldata cd1_0 where cd1_0.patient_id=?
2026-08-26 17:21:37 TRACE org.hibernate.orm.jdbc.bind - binding parameter (1:BIGINT) <- [10]
2026-08-26 17:21:37 DEBUG org.hibernate.SQL - select cd1_0.patient_id,cd1_0.id,cd1_0.component_name,cd1_0.component_value,cd1_0.measured_date_time from clinicaldata cd1_0 where cd1_0.patient_id=?
2026-08-26 17:21:37 TRACE org.hibernate.orm.jdbc.bind - binding parameter (1:BIGINT) <- [9]
2026-08-26 17:21:37 DEBUG org.hibernate.SQL - select cd1_0.patient_id,cd1_0.id,cd1_0.component_name,cd1_0.component_value,cd1_0.measured_date_time from clinicaldata cd1_0 where cd1_0.patient_id=?
2026-08-26 17:21:37 TRACE org.hibernate.orm.jdbc.bind - binding parameter (1:BIGINT) <- [8]
2026-08-26 17:21:37 DEBUG org.hibernate.SQL - select cd1_0.patient_id,cd1_0.id,cd1_0.component_name,cd1_0.component_value,cd1_0.measured_date_time from clinicaldata cd1_0 where cd1_0.patient_id=?
2026-08-26 17:21:37 TRACE org.hibernate.orm.jdbc.bind - binding parameter (1:BIGINT) <- [7]
2026-08-26 17:21:37 DEBUG org.hibernate.SQL - select cd1_0.patient_id,cd1_0.id,cd1_0.component_name,cd1_0.component_value,cd1_0.measured_date_time from clinicaldata cd1_0 where cd1_0.patient_id=?
2026-08-26 17:21:37 TRACE org.hibernate.orm.jdbc.bind - binding parameter (1:BIGINT) <- [6]
2026-08-26 17:21:37 DEBUG org.hibernate.SQL - select cd1_0.patient_id,cd1_0.id,cd1_0.component_name,cd1_0.component_value,cd1_0.measured_date_time from clinicaldata cd1_0 where cd1_0.patient_id=?
2026-08-26 17:21:37 TRACE org.hibernate.orm.jdbc.bind - binding parameter (1:BIGINT) <- [5]
2026-08-26 17:21:37 DEBUG org.hibernate.SQL - select cd1_0.patient_id,cd1_0.id,cd1_0.component_name,cd1_0.component_value,cd1_0.measured_date_time from clinicaldata cd1_0 where cd1_0.patient_id=?
2026-08-26 17:21:37 TRACE org.hibernate.orm.jdbc.bind - binding parameter (1:BIGINT) <- [4]
2026-08-26 17:21:37 DEBUG org.hibernate.SQL - select cd1_0.patient_id,cd1_0.id,cd1_0.component_name,cd1_0.component_value,cd1_0.measured_date_time from clinicaldata cd1_0 where cd1_0.patient_id=?
2026-08-26 17:21:37 TRACE org.hibernate.orm.jdbc.bind - binding parameter (1:BIGINT) <- [3]
2026-08-26 17:21:37 DEBUG org.hibernate.SQL - select cd1_0.patient_id,cd1_0.id,cd1_0.component_name,cd1_0.component_value,cd1_0.measured_date_time from clinicaldata cd1_0 where cd1_0.patient_id=?
2026-08-26 17:21:37 TRACE org.hibernate.orm.jdbc.bind - binding parameter (1:BIGINT) <- [2]
2026-08-26 17:21:37 DEBUG org.hibernate.SQL - select cd1_0.patient_id,cd1_0.id,cd1_0.component_name,cd1_0.component_value,cd1_0.measured_date_time from clinicaldata cd1_0 where cd1_0.patient_id=?
2026-08-26 17:21:37 TRACE org.hibernate.orm.jdbc.bind - binding parameter (1:BIGINT) <- [1]
2026-08-26 17:21:38 INFO  c.v.c.p.r.PatientController - Fetching all patients
2026-08-26 17:21:38 DEBUG org.hibernate.SQL - select p1_0.id,p1_0.age,p1_0.first_name,p1_0.last_name from patient p1_0
2026-08-26 17:21:38 DEBUG org.hibernate.SQL - select cd1_0.patient_id,cd1_0.id,cd1_0.component_name,cd1_0.component_value,cd1_0.measured_date_time from clinicaldata cd1_0 where cd1_0.patient_id=?
2026-08-26 17:21:38 TRACE org.hibernate.orm.jdbc.bind - binding parameter (1:BIGINT) <- [18]
2026-08-26 17:21:38 DEBUG org.hibernate.SQL - select cd1_0.patient_id,cd1_0.id,cd1_0.component_name,cd1_0.component_value,cd1_0.measured_date_time from clinicaldata cd1_0 where cd1_0.patient_id=?
2026-08-26 17:21:38 TRACE org.hibernate.orm.jdbc.bind - binding parameter (1:BIGINT) <- [17]
2026-08-26 17:21:38 DEBUG org.hibernate.SQL - select cd1_0.patient_id,cd1_0.id,cd1_0.component_name,cd1_0.component_value,cd1_0.measured_date_time from clinicaldata cd1_0 where cd1_0.patient_id=?
2026-08-26 17:21:38 TRACE org.hibernate.orm.jdbc.bind - binding parameter (1:BIGINT) <- [16]
2026-08-26 17:21:38 DEBUG org.hibernate.SQL - select cd1_0.patient_id,cd1_0.id,cd1_0.component_name,cd1_0.component_value,cd1_0.measured_date_time from clinicaldata cd1_0 where cd1_0.patient_id=?
2026-08-26 17:21:38 TRACE org.hibernate.orm.jdbc.bind - binding parameter (1:BIGINT) <- [15]
2026-08-26 17:21:38 DEBUG org.hibernate.SQL - select cd1_0.patient_id,cd1_0.id,cd1_0.component_name,cd1_0.component_value,cd1_0.measured_date_time from clinicaldata cd1_0 where cd1_0.patient_id=?
2026-08-26 17:21:38 TRACE org.hibernate.orm.jdbc.bind - binding parameter (1:BIGINT) <- [14]
2026-08-26 17:21:38 DEBUG org.hibernate.SQL - select cd1_0.patient_id,cd1_0.id,cd1_0.component_name,cd1_0.component_value,cd1_0.measured_date_time from clinicaldata cd1_0 where cd1_0.patient_id=?
2026-08-26 17:21:38 TRACE org.hibernate.orm.jdbc.bind - binding parameter (1:BIGINT) <- [13]
2026-08-26 17:21:38 DEBUG org.hibernate.SQL - select cd1_0.patient_id,cd1_0.id,cd1_0.component_name,cd1_0.component_value,cd1_0.measured_date_time from clinicaldata cd1_0 where cd1_0.patient_id=?
2026-08-26 17:21:38 TRACE org.hibernate.orm.jdbc.bind - binding parameter (1:BIGINT) <- [12]
2026-08-26 17:21:38 DEBUG org.hibernate.SQL - select cd1_0.patient_id,cd1_0.id,cd1_0.component_name,cd1_0.component_value,cd1_0.measured_date_time from clinicaldata cd1_0 where cd1_0.patient_id=?
2026-08-26 17:21:38 TRACE org.hibernate.orm.jdbc.bind - binding parameter (1:BIGINT) <- [11]
2026-08-26 17:21:38 DEBUG org.hibernate.SQL - select cd1_0.patient_id,cd1_0.id,cd1_0.component_name,cd1_0.component_value,cd1_0.measured_date_time from clinicaldata cd1_0 where cd1_0.patient_id=?
2026-08-26 17:21:38 TRACE org.hibernate.orm.jdbc.bind - binding parameter (1:BIGINT) <- [10]
2026-08-26 17:21:38 DEBUG org.hibernate.SQL - select cd1_0.patient_id,cd1_0.id,cd1_0.component_name,cd1_0.component_value,cd1_0.measured_date_time from clinicaldata cd1_0 where cd1_0.patient_id=?
2026-08-26 17:21:38 TRACE org.hibernate.orm.jdbc.bind - binding parameter (1:BIGINT) <- [9]
2026-08-26 17:21:38 DEBUG org.hibernate.SQL - select cd1_0.patient_id,cd1_0.id,cd1_0.component_name,cd1_0.component_value,cd1_0.measured_date_time from clinicaldata cd1_0 where cd1_0.patient_id=?
2026-08-26 17:21:38 TRACE org.hibernate.orm.jdbc.bind - binding parameter (1:BIGINT) <- [8]
2026-08-26 17:21:38 DEBUG org.hibernate.SQL - select cd1_0.patient_id,cd1_0.id,cd1_0.component_name,cd1_0.component_value,cd1_0.measured_date_time from clinicaldata cd1_0 where cd1_0.patient_id=?
2026-08-26 17:21:38 TRACE org.hibernate.orm.jdbc.bind - binding parameter (1:BIGINT) <- [7]
2026-08-26 17:21:38 DEBUG org.hibernate.SQL - select cd1_0.patient_id,cd1_0.id,cd1_0.component_name,cd1_0.component_value,cd1_0.measured_date_time from clinicaldata cd1_0 where cd1_0.patient_id=?
2026-08-26 17:21:38 TRACE org.hibernate.orm.jdbc.bind - binding parameter (1:BIGINT) <- [6]
2026-08-26 17:21:38 DEBUG org.hibernate.SQL - select cd1_0.patient_id,cd1_0.id,cd1_0.component_name,cd1_0.component_value,cd1_0.measured_date_time from clinicaldata cd1_0 where cd1_0.patient_id=?
2026-08-26 17:21:38 TRACE org.hibernate.orm.jdbc.bind - binding parameter (1:BIGINT) <- [5]
2026-08-26 17:21:38 DEBUG org.hibernate.SQL - select cd1_0.patient_id,cd1_0.id,cd1_0.component_name,cd1_0.component_value,cd1_0.measured_date_time from clinicaldata cd1_0 where cd1_0.patient_id=?
2026-08-26 17:21:38 TRACE org.hibernate.orm.jdbc.bind - binding parameter (1:BIGINT) <- [4]
2026-08-26 17:21:38 DEBUG org.hibernate.SQL - select cd1_0.patient_id,cd1_0.id,cd1_0.component_name,cd1_0.component_value,cd1_0.measured_date_time from clinicaldata cd1_0 where cd1_0.patient_id=?
2026-08-26 17:21:38 TRACE org.hibernate.orm.jdbc.bind - binding parameter (1:BIGINT) <- [3]
2026-08-26 17:21:38 DEBUG org.hibernate.SQL - select cd1_0.patient_id,cd1_0.id,cd1_0.component_name,cd1_0.component_value,cd1_0.measured_date_time from clinicaldata cd1_0 where cd1_0.patient_id=?
2026-08-26 17:21:38 TRACE org.hibernate.orm.jdbc.bind - binding parameter (1:BIGINT) <- [2]
2026-08-26 17:21:38 DEBUG org.hibernate.SQL - select cd1_0.patient_id,cd1_0.id,cd1_0.component_name,cd1_0.component_value,cd1_0.measured_date_time from clinicaldata cd1_0 where cd1_0.patient_id=?
2026-08-26 17:21:38 TRACE org.hibernate.orm.jdbc.bind - binding parameter (1:BIGINT) <- [1]
2026-08-26 17:21:39 INFO  c.v.c.p.r.PatientController - Fetching all patients
2026-08-26 17:21:39 DEBUG org.hibernate.SQL - select p1_0.id,p1_0.age,p1_0.first_name,p1_0.last_name from patient p1_0
2026-08-26 17:21:39 DEBUG org.hibernate.SQL - select cd1_0.patient_id,cd1_0.id,cd1_0.component_name,cd1_0.component_value,cd1_0.measured_date_time from clinicaldata cd1_0 where cd1_0.patient_id=?
2026-08-26 17:21:39 TRACE org.hibernate.orm.jdbc.bind - binding parameter (1:BIGINT) <- [18]
2026-08-26 17:21:39 DEBUG org.hibernate.SQL - select cd1_0.patient_id,cd1_0.id,cd1_0.component_name,cd1_0.component_value,cd1_0.measured_date_time from clinicaldata cd1_0 where cd1_0.patient_id=?
2026-08-26 17:21:39 TRACE org.hibernate.orm.jdbc.bind - binding parameter (1:BIGINT) <- [17]
2026-08-26 17:21:39 DEBUG org.hibernate.SQL - select cd1_0.patient_id,cd1_0.id,cd1_0.component_name,cd1_0.component_value,cd1_0.measured_date_time from clinicaldata cd1_0 where cd1_0.patient_id=?
2026-08-26 17:21:39 TRACE org.hibernate.orm.jdbc.bind - binding parameter (1:BIGINT) <- [16]
2026-08-26 17:21:39 DEBUG org.hibernate.SQL - select cd1_0.patient_id,cd1_0.id,cd1_0.component_name,cd1_0.component_value,cd1_0.measured_date_time from clinicaldata cd1_0 where cd1_0.patient_id=?
2026-08-26 17:21:39 TRACE org.hibernate.orm.jdbc.bind - binding parameter (1:BIGINT) <- [15]
2026-08-26 17:21:39 DEBUG org.hibernate.SQL - select cd1_0.patient_id,cd1_0.id,cd1_0.component_name,cd1_0.component_value,cd1_0.measured_date_time from clinicaldata cd1_0 where cd1_0.patient_id=?
2026-08-26 17:21:39 TRACE org.hibernate.orm.jdbc.bind - binding parameter (1:BIGINT) <- [14]
2026-08-26 17:21:39 DEBUG org.hibernate.SQL - select cd1_0.patient_id,cd1_0.id,cd1_0.component_name,cd1_0.component_value,cd1_0.measured_date_time from clinicaldata cd1_0 where cd1_0.patient_id=?
2026-08-26 17:21:39 TRACE org.hibernate.orm.jdbc.bind - binding parameter (1:BIGINT) <- [13]
2026-08-26 17:21:39 DEBUG org.hibernate.SQL - select cd1_0.patient_id,cd1_0.id,cd1_0.component_name,cd1_0.component_value,cd1_0.measured_date_time from clinicaldata cd1_0 where cd1_0.patient_id=?
2026-08-26 17:21:39 TRACE org.hibernate.orm.jdbc.bind - binding parameter (1:BIGINT) <- [12]
2026-08-26 17:21:39 DEBUG org.hibernate.SQL - select cd1_0.patient_id,cd1_0.id,cd1_0.component_name,cd1_0.component_value,cd1_0.measured_date_time from clinicaldata cd1_0 where cd1_0.patient_id=?
2026-08-26 17:21:39 TRACE org.hibernate.orm.jdbc.bind - binding parameter (1:BIGINT) <- [11]
2026-08-26 17:21:39 DEBUG org.hibernate.SQL - select cd1_0.patient_id,cd1_0.id,cd1_0.component_name,cd1_0.component_value,cd1_0.measured_date_time from clinicaldata cd1_0 where cd1_0.patient_id=?
2026-08-26 17:21:39 TRACE org.hibernate.orm.jdbc.bind - binding parameter (1:BIGINT) <- [10]
2026-08-26 17:21:39 DEBUG org.hibernate.SQL - select cd1_0.patient_id,cd1_0.id,cd1_0.component_name,cd1_0.component_value,cd1_0.measured_date_time from clinicaldata cd1_0 where cd1_0.patient_id=?
2026-08-26 17:21:39 TRACE org.hibernate.orm.jdbc.bind - binding parameter (1:BIGINT) <- [9]
2026-08-26 17:21:39 DEBUG org.hibernate.SQL - select cd1_0.patient_id,cd1_0.id,cd1_0.component_name,cd1_0.component_value,cd1_0.measured_date_time from clinicaldata cd1_0 where cd1_0.patient_id=?
2026-08-26 17:21:39 TRACE org.hibernate.orm.jdbc.bind - binding parameter (1:BIGINT) <- [8]
2026-08-26 17:21:39 DEBUG org.hibernate.SQL - select cd1_0.patient_id,cd1_0.id,cd1_0.component_name,cd1_0.component_value,cd1_0.measured_date_time from clinicaldata cd1_0 where cd1_0.patient_id=?
2026-08-26 17:21:39 TRACE org.hibernate.orm.jdbc.bind - binding parameter (1:BIGINT) <- [7]
2026-08-26 17:21:39 DEBUG org.hibernate.SQL - select cd1_0.patient_id,cd1_0.id,cd1_0.component_name,cd1_0.component_value,cd1_0.measured_date_time from clinicaldata cd1_0 where cd1_0.patient_id=?
2026-08-26 17:21:39 TRACE org.hibernate.orm.jdbc.bind - binding parameter (1:BIGINT) <- [6]
2026-08-26 17:21:39 DEBUG org.hibernate.SQL - select cd1_0.patient_id,cd1_0.id,cd1_0.component_name,cd1_0.component_value,cd1_0.measured_date_time from clinicaldata cd1_0 where cd1_0.patient_id=?
2026-08-26 17:21:39 TRACE org.hibernate.orm.jdbc.bind - binding parameter (1:BIGINT) <- [5]
2026-08-26 17:21:39 DEBUG org.hibernate.SQL - select cd1_0.patient_id,cd1_0.id,cd1_0.component_name,cd1_0.component_value,cd1_0.measured_date_time from clinicaldata cd1_0 where cd1_0.patient_id=?
2026-08-26 17:21:39 TRACE org.hibernate.orm.jdbc.bind - binding parameter (1:BIGINT) <- [4]
2026-08-26 17:21:39 DEBUG org.hibernate.SQL - select cd1_0.patient_id,cd1_0.id,cd1_0.component_name,cd1_0.component_value,cd1_0.measured_date_time from clinicaldata cd1_0 where cd1_0.patient_id=?
2026-08-26 17:21:39 TRACE org.hibernate.orm.jdbc.bind - binding parameter (1:BIGINT) <- [3]
2026-08-26 17:21:39 DEBUG org.hibernate.SQL - select cd1_0.patient_id,cd1_0.id,cd1_0.component_name,cd1_0.component_value,cd1_0.measured_date_time from clinicaldata cd1_0 where cd1_0.patient_id=?
2026-08-26 17:21:39 TRACE org.hibernate.orm.jdbc.bind - binding parameter (1:BIGINT) <- [2]
2026-08-26 17:21:39 DEBUG org.hibernate.SQL - select cd1_0.patient_id,cd1_0.id,cd1_0.component_name,cd1_0.component_value,cd1_0.measured_date_time from clinicaldata cd1_0 where cd1_0.patient_id=?
2026-08-26 17:21:39 TRACE org.hibernate.orm.jdbc.bind - binding parameter (1:BIGINT) <- [1]
2026-08-26 17:21:48 INFO  c.v.c.p.r.PatientController - Fetching all patients
2026-08-26 17:21:48 DEBUG org.hibernate.SQL - select p1_0.id,p1_0.age,p1_0.first_name,p1_0.last_name from patient p1_0
2026-08-26 17:21:48 DEBUG org.hibernate.SQL - select cd1_0.patient_id,cd1_0.id,cd1_0.component_name,cd1_0.component_value,cd1_0.measured_date_time from clinicaldata cd1_0 where cd1_0.patient_id=?
2026-08-26 17:21:48 TRACE org.hibernate.orm.jdbc.bind - binding parameter (1:BIGINT) <- [18]
2026-08-26 17:21:48 DEBUG org.hibernate.SQL - select cd1_0.patient_id,cd1_0.id,cd1_0.component_name,cd1_0.component_value,cd1_0.measured_date_time from clinicaldata cd1_0 where cd1_0.patient_id=?
2026-08-26 17:21:48 TRACE org.hibernate.orm.jdbc.bind - binding parameter (1:BIGINT) <- [17]
2026-08-26 17:21:48 DEBUG org.hibernate.SQL - select cd1_0.patient_id,cd1_0.id,cd1_0.component_name,cd1_0.component_value,cd1_0.measured_date_time from clinicaldata cd1_0 where cd1_0.patient_id=?
2026-08-26 17:21:48 TRACE org.hibernate.orm.jdbc.bind - binding parameter (1:BIGINT) <- [16]
2026-08-26 17:21:48 DEBUG org.hibernate.SQL - select cd1_0.patient_id,cd1_0.id,cd1_0.component_name,cd1_0.component_value,cd1_0.measured_date_time from clinicaldata cd1_0 where cd1_0.patient_id=?
2026-08-26 17:21:48 TRACE org.hibernate.orm.jdbc.bind - binding parameter (1:BIGINT) <- [15]
2026-08-26 17:21:48 DEBUG org.hibernate.SQL - select cd1_0.patient_id,cd1_0.id,cd1_0.component_name,cd1_0.component_value,cd1_0.measured_date_time from clinicaldata cd1_0 where cd1_0.patient_id=?
2026-08-26 17:21:48 TRACE org.hibernate.orm.jdbc.bind - binding parameter (1:BIGINT) <- [14]
2026-08-26 17:21:48 DEBUG org.hibernate.SQL - select cd1_0.patient_id,cd1_0.id,cd1_0.component_name,cd1_0.component_value,cd1_0.measured_date_time from clinicaldata cd1_0 where cd1_0.patient_id=?
2026-08-26 17:21:48 TRACE org.hibernate.orm.jdbc.bind - binding parameter (1:BIGINT) <- [13]
2026-08-26 17:21:48 DEBUG org.hibernate.SQL - select cd1_0.patient_id,cd1_0.id,cd1_0.component_name,cd1_0.component_value,cd1_0.measured_date_time from clinicaldata cd1_0 where cd1_0.patient_id=?
2026-08-26 17:21:48 TRACE org.hibernate.orm.jdbc.bind - binding parameter (1:BIGINT) <- [12]
2026-08-26 17:21:48 DEBUG org.hibernate.SQL - select cd1_0.patient_id,cd1_0.id,cd1_0.component_name,cd1_0.component_value,cd1_0.measured_date_time from clinicaldata cd1_0 where cd1_0.patient_id=?
2026-08-26 17:21:48 TRACE org.hibernate.orm.jdbc.bind - binding parameter (1:BIGINT) <- [11]
2026-08-26 17:21:48 DEBUG org.hibernate.SQL - select cd1_0.patient_id,cd1_0.id,cd1_0.component_name,cd1_0.component_value,cd1_0.measured_date_time from clinicaldata cd1_0 where cd1_0.patient_id=?
2026-08-26 17:21:48 TRACE org.hibernate.orm.jdbc.bind - binding parameter (1:BIGINT) <- [10]
2026-08-26 17:21:48 DEBUG org.hibernate.SQL - select cd1_0.patient_id,cd1_0.id,cd1_0.component_name,cd1_0.component_value,cd1_0.measured_date_time from clinicaldata cd1_0 where cd1_0.patient_id=?
2026-08-26 17:21:48 TRACE org.hibernate.orm.jdbc.bind - binding parameter (1:BIGINT) <- [9]
2026-08-26 17:21:48 DEBUG org.hibernate.SQL - select cd1_0.patient_id,cd1_0.id,cd1_0.component_name,cd1_0.component_value,cd1_0.measured_date_time from clinicaldata cd1_0 where cd1_0.patient_id=?
2026-08-26 17:21:48 TRACE org.hibernate.orm.jdbc.bind - binding parameter (1:BIGINT) <- [8]
2026-08-26 17:21:48 DEBUG org.hibernate.SQL - select cd1_0.patient_id,cd1_0.id,cd1_0.component_name,cd1_0.component_value,cd1_0.measured_date_time from clinicaldata cd1_0 where cd1_0.patient_id=?
2026-08-26 17:21:48 TRACE org.hibernate.orm.jdbc.bind - binding parameter (1:BIGINT) <- [7]
2026-08-26 17:21:48 DEBUG org.hibernate.SQL - select cd1_0.patient_id,cd1_0.id,cd1_0.component_name,cd1_0.component_value,cd1_0.measured_date_time from clinicaldata cd1_0 where cd1_0.patient_id=?
2026-08-26 17:21:48 TRACE org.hibernate.orm.jdbc.bind - binding parameter (1:BIGINT) <- [6]
2026-08-26 17:21:48 DEBUG org.hibernate.SQL - select cd1_0.patient_id,cd1_0.id,cd1_0.component_name,cd1_0.component_value,cd1_0.measured_date_time from clinicaldata cd1_0 where cd1_0.patient_id=?
2026-08-26 17:21:48 TRACE org.hibernate.orm.jdbc.bind - binding parameter (1:BIGINT) <- [5]
2026-08-26 17:21:48 DEBUG org.hibernate.SQL - select cd1_0.patient_id,cd1_0.id,cd1_0.component_name,cd1_0.component_value,cd1_0.measured_date_time from clinicaldata cd1_0 where cd1_0.patient_id=?
2026-08-26 17:21:48 TRACE org.hibernate.orm.jdbc.bind - binding parameter (1:BIGINT) <- [4]
2026-08-26 17:21:48 DEBUG org.hibernate.SQL - select cd1_0.patient_id,cd1_0.id,cd1_0.component_name,cd1_0.component_value,cd1_0.measured_date_time from clinicaldata cd1_0 where cd1_0.patient_id=?
2026-08-26 17:21:48 TRACE org.hibernate.orm.jdbc.bind - binding parameter (1:BIGINT) <- [3]
2026-08-26 17:21:48 DEBUG org.hibernate.SQL - select cd1_0.patient_id,cd1_0.id,cd1_0.component_name,cd1_0.component_value,cd1_0.measured_date_time from clinicaldata cd1_0 where cd1_0.patient_id=?
2026-08-26 17:21:48 TRACE org.hibernate.orm.jdbc.bind - binding parameter (1:BIGINT) <- [2]
2026-08-26 17:21:48 DEBUG org.hibernate.SQL - select cd1_0.patient_id,cd1_0.id,cd1_0.component_name,cd1_0.component_value,cd1_0.measured_date_time from clinicaldata cd1_0 where cd1_0.patient_id=?
2026-08-26 17:21:48 TRACE org.hibernate.orm.jdbc.bind - binding parameter (1:BIGINT) <- [1]
2026-08-26 17:21:48 INFO  c.v.c.p.r.PatientController - Fetching all patients
2026-08-26 17:21:48 DEBUG org.hibernate.SQL - select p1_0.id,p1_0.age,p1_0.first_name,p1_0.last_name from patient p1_0
2026-08-26 17:21:48 DEBUG org.hibernate.SQL - select cd1_0.patient_id,cd1_0.id,cd1_0.component_name,cd1_0.component_value,cd1_0.measured_date_time from clinicaldata cd1_0 where cd1_0.patient_id=?
2026-08-26 17:21:48 TRACE org.hibernate.orm.jdbc.bind - binding parameter (1:BIGINT) <- [18]
2026-08-26 17:21:48 DEBUG org.hibernate.SQL - select cd1_0.patient_id,cd1_0.id,cd1_0.component_name,cd1_0.component_value,cd1_0.measured_date_time from clinicaldata cd1_0 where cd1_0.patient_id=?
2026-08-26 17:21:48 TRACE org.hibernate.orm.jdbc.bind - binding parameter (1:BIGINT) <- [17]
2026-08-26 17:21:48 DEBUG org.hibernate.SQL - select cd1_0.patient_id,cd1_0.id,cd1_0.component_name,cd1_0.component_value,cd1_0.measured_date_time from clinicaldata cd1_0 where cd1_0.patient_id=?
2026-08-26 17:21:48 TRACE org.hibernate.orm.jdbc.bind - binding parameter (1:BIGINT) <- [16]
2026-08-26 17:21:48 DEBUG org.hibernate.SQL - select cd1_0.patient_id,cd1_0.id,cd1_0.component_name,cd1_0.component_value,cd1_0.measured_date_time from clinicaldata cd1_0 where cd1_0.patient_id=?
2026-08-26 17:21:48 TRACE org.hibernate.orm.jdbc.bind - binding parameter (1:BIGINT) <- [15]
2026-08-26 17:21:48 DEBUG org.hibernate.SQL - select cd1_0.patient_id,cd1_0.id,cd1_0.component_name,cd1_0.component_value,cd1_0.measured_date_time from clinicaldata cd1_0 where cd1_0.patient_id=?
2026-08-26 17:21:48 TRACE org.hibernate.orm.jdbc.bind - binding parameter (1:BIGINT) <- [14]
2026-08-26 17:21:48 DEBUG org.hibernate.SQL - select cd1_0.patient_id,cd1_0.id,cd1_0.component_name,cd1_0.component_value,cd1_0.measured_date_time from clinicaldata cd1_0 where cd1_0.patient_id=?
2026-08-26 17:21:48 TRACE org.hibernate.orm.jdbc.bind - binding parameter (1:BIGINT) <- [13]
2026-08-26 17:21:48 DEBUG org.hibernate.SQL - select cd1_0.patient_id,cd1_0.id,cd1_0.component_name,cd1_0.component_value,cd1_0.measured_date_time from clinicaldata cd1_0 where cd1_0.patient_id=?
2026-08-26 17:21:48 TRACE org.hibernate.orm.jdbc.bind - binding parameter (1:BIGINT) <- [12]
2026-08-26 17:21:48 DEBUG org.hibernate.SQL - select cd1_0.patient_id,cd1_0.id,cd1_0.component_name,cd1_0.component_value,cd1_0.measured_date_time from clinicaldata cd1_0 where cd1_0.patient_id=?
2026-08-26 17:21:48 TRACE org.hibernate.orm.jdbc.bind - binding parameter (1:BIGINT) <- [11]
2026-08-26 17:21:48 DEBUG org.hibernate.SQL - select cd1_0.patient_id,cd1_0.id,cd1_0.component_name,cd1_0.component_value,cd1_0.measured_date_time from clinicaldata cd1_0 where cd1_0.patient_id=?
2026-08-26 17:21:48 TRACE org.hibernate.orm.jdbc.bind - binding parameter (1:BIGINT) <- [10]
2026-08-26 17:21:48 DEBUG org.hibernate.SQL - select cd1_0.patient_id,cd1_0.id,cd1_0.component_name,cd1_0.component_value,cd1_0.measured_date_time from clinicaldata cd1_0 where cd1_0.patient_id=?
2026-08-26 17:21:48 TRACE org.hibernate.orm.jdbc.bind - binding parameter (1:BIGINT) <- [9]
2026-08-26 17:21:48 DEBUG org.hibernate.SQL - select cd1_0.patient_id,cd1_0.id,cd1_0.component_name,cd1_0.component_value,cd1_0.measured_date_time from clinicaldata cd1_0 where cd1_0.patient_id=?
2026-08-26 17:21:48 TRACE org.hibernate.orm.jdbc.bind - binding parameter (1:BIGINT) <- [8]
2026-08-26 17:21:48 DEBUG org.hibernate.SQL - select cd1_0.patient_id,cd1_0.id,cd1_0.component_name,cd1_0.component_value,cd1_0.measured_date_time from clinicaldata cd1_0 where cd1_0.patient_id=?
2026-08-26 17:21:48 TRACE org.hibernate.orm.jdbc.bind - binding parameter (1:BIGINT) <- [7]
2026-08-26 17:21:48 DEBUG org.hibernate.SQL - select cd1_0.patient_id,cd1_0.id,cd1_0.component_name,cd1_0.component_value,cd1_0.measured_date_time from clinicaldata cd1_0 where cd1_0.patient_id=?
2026-08-26 17:21:48 TRACE org.hibernate.orm.jdbc.bind - binding parameter (1:BIGINT) <- [6]
2026-08-26 17:21:48 DEBUG org.hibernate.SQL - select cd1_0.patient_id,cd1_0.id,cd1_0.component_name,cd1_0.component_value,cd1_0.measured_date_time from clinicaldata cd1_0 where cd1_0.patient_id=?
2026-08-26 17:21:48 TRACE org.hibernate.orm.jdbc.bind - binding parameter (1:BIGINT) <- [5]
2026-08-26 17:21:48 DEBUG org.hibernate.SQL - select cd1_0.patient_id,cd1_0.id,cd1_0.component_name,cd1_0.component_value,cd1_0.measured_date_time from clinicaldata cd1_0 where cd1_0.patient_id=?
2026-08-26 17:21:48 TRACE org.hibernate.orm.jdbc.bind - binding parameter (1:BIGINT) <- [4]
2026-08-26 17:21:48 DEBUG org.hibernate.SQL - select cd1_0.patient_id,cd1_0.id,cd1_0.component_name,cd1_0.component_value,cd1_0.measured_date_time from clinicaldata cd1_0 where cd1_0.patient_id=?
2026-08-26 17:21:48 TRACE org.hibernate.orm.jdbc.bind - binding parameter (1:BIGINT) <- [3]
2026-08-26 17:21:48 DEBUG org.hibernate.SQL - select cd1_0.patient_id,cd1_0.id,cd1_0.component_name,cd1_0.component_value,cd1_0.measured_date_time from clinicaldata cd1_0 where cd1_0.patient_id=?
2026-08-26 17:21:48 TRACE org.hibernate.orm.jdbc.bind - binding parameter (1:BIGINT) <- [2]
2026-08-26 17:21:48 DEBUG org.hibernate.SQL - select cd1_0.patient_id,cd1_0.id,cd1_0.component_name,cd1_0.component_value,cd1_0.measured_date_time from clinicaldata cd1_0 where cd1_0.patient_id=?
2026-08-26 17:21:48 TRACE org.hibernate.orm.jdbc.bind - binding parameter (1:BIGINT) <- [1]
2026-08-26 17:21:59 DEBUG c.v.c.p.r.PatientController - Fetching patient with id 6
2026-08-26 17:21:59 DEBUG org.hibernate.SQL - select p1_0.id,p1_0.age,p1_0.first_name,p1_0.last_name,cd1_0.patient_id,cd1_0.id,cd1_0.component_name,cd1_0.component_value,cd1_0.measured_date_time from patient p1_0 left join clinicaldata cd1_0 on p1_0.id=cd1_0.patient_id where p1_0.id=?
2026-08-26 17:21:59 TRACE org.hibernate.orm.jdbc.bind - binding parameter (1:BIGINT) <- [6]
2026-08-26 17:21:59 DEBUG c.v.c.p.r.PatientController - Fetching patient with id 6
2026-08-26 17:21:59 DEBUG org.hibernate.SQL - select p1_0.id,p1_0.age,p1_0.first_name,p1_0.last_name,cd1_0.patient_id,cd1_0.id,cd1_0.component_name,cd1_0.component_value,cd1_0.measured_date_time from patient p1_0 left join clinicaldata cd1_0 on p1_0.id=cd1_0.patient_id where p1_0.id=?
2026-08-26 17:21:59 TRACE org.hibernate.orm.jdbc.bind - binding parameter (1:BIGINT) <- [6]
2026-08-26 17:22:46 INFO  c.v.c.p.r.PatientController - Fetching all patients
2026-08-26 17:22:46 DEBUG org.hibernate.SQL - select p1_0.id,p1_0.age,p1_0.first_name,p1_0.last_name from patient p1_0
2026-08-26 17:22:46 DEBUG org.hibernate.SQL - select cd1_0.patient_id,cd1_0.id,cd1_0.component_name,cd1_0.component_value,cd1_0.measured_date_time from clinicaldata cd1_0 where cd1_0.patient_id=?
2026-08-26 17:22:46 TRACE org.hibernate.orm.jdbc.bind - binding parameter (1:BIGINT) <- [18]
2026-08-26 17:22:46 DEBUG org.hibernate.SQL - select cd1_0.patient_id,cd1_0.id,cd1_0.component_name,cd1_0.component_value,cd1_0.measured_date_time from clinicaldata cd1_0 where cd1_0.patient_id=?
2026-08-26 17:22:46 TRACE org.hibernate.orm.jdbc.bind - binding parameter (1:BIGINT) <- [17]
2026-08-26 17:22:46 DEBUG org.hibernate.SQL - select cd1_0.patient_id,cd1_0.id,cd1_0.component_name,cd1_0.component_value,cd1_0.measured_date_time from clinicaldata cd1_0 where cd1_0.patient_id=?
2026-08-26 17:22:46 TRACE org.hibernate.orm.jdbc.bind - binding parameter (1:BIGINT) <- [16]
2026-08-26 17:22:46 DEBUG org.hibernate.SQL - select cd1_0.patient_id,cd1_0.id,cd1_0.component_name,cd1_0.component_value,cd1_0.measured_date_time from clinicaldata cd1_0 where cd1_0.patient_id=?
2026-08-26 17:22:46 TRACE org.hibernate.orm.jdbc.bind - binding parameter (1:BIGINT) <- [15]
2026-08-26 17:22:46 DEBUG org.hibernate.SQL - select cd1_0.patient_id,cd1_0.id,cd1_0.component_name,cd1_0.component_value,cd1_0.measured_date_time from clinicaldata cd1_0 where cd1_0.patient_id=?
2026-08-26 17:22:46 TRACE org.hibernate.orm.jdbc.bind - binding parameter (1:BIGINT) <- [14]
2026-08-26 17:22:46 DEBUG org.hibernate.SQL - select cd1_0.patient_id,cd1_0.id,cd1_0.component_name,cd1_0.component_value,cd1_0.measured_date_time from clinicaldata cd1_0 where cd1_0.patient_id=?
2026-08-26 17:22:46 TRACE org.hibernate.orm.jdbc.bind - binding parameter (1:BIGINT) <- [13]
2026-08-26 17:22:46 DEBUG org.hibernate.SQL - select cd1_0.patient_id,cd1_0.id,cd1_0.component_name,cd1_0.component_value,cd1_0.measured_date_time from clinicaldata cd1_0 where cd1_0.patient_id=?
2026-08-26 17:22:46 TRACE org.hibernate.orm.jdbc.bind - binding parameter (1:BIGINT) <- [12]
2026-08-26 17:22:46 DEBUG org.hibernate.SQL - select cd1_0.patient_id,cd1_0.id,cd1_0.component_name,cd1_0.component_value,cd1_0.measured_date_time from clinicaldata cd1_0 where cd1_0.patient_id=?
2026-08-26 17:22:46 TRACE org.hibernate.orm.jdbc.bind - binding parameter (1:BIGINT) <- [11]
2026-08-26 17:22:46 DEBUG org.hibernate.SQL - select cd1_0.patient_id,cd1_0.id,cd1_0.component_name,cd1_0.component_value,cd1_0.measured_date_time from clinicaldata cd1_0 where cd1_0.patient_id=?
2026-08-26 17:22:46 TRACE org.hibernate.orm.jdbc.bind - binding parameter (1:BIGINT) <- [10]
2026-08-26 17:22:46 DEBUG org.hibernate.SQL - select cd1_0.patient_id,cd1_0.id,cd1_0.component_name,cd1_0.component_value,cd1_0.measured_date_time from clinicaldata cd1_0 where cd1_0.patient_id=?
2026-08-26 17:22:46 TRACE org.hibernate.orm.jdbc.bind - binding parameter (1:BIGINT) <- [9]
2026-08-26 17:22:46 DEBUG org.hibernate.SQL - select cd1_0.patient_id,cd1_0.id,cd1_0.component_name,cd1_0.component_value,cd1_0.measured_date_time from clinicaldata cd1_0 where cd1_0.patient_id=?
2026-08-26 17:22:46 TRACE org.hibernate.orm.jdbc.bind - binding parameter (1:BIGINT) <- [8]
2026-08-26 17:22:46 DEBUG org.hibernate.SQL - select cd1_0.patient_id,cd1_0.id,cd1_0.component_name,cd1_0.component_value,cd1_0.measured_date_time from clinicaldata cd1_0 where cd1_0.patient_id=?
2026-08-26 17:22:46 TRACE org.hibernate.orm.jdbc.bind - binding parameter (1:BIGINT) <- [7]
2026-08-26 17:22:46 DEBUG org.hibernate.SQL - select cd1_0.patient_id,cd1_0.id,cd1_0.component_name,cd1_0.component_value,cd1_0.measured_date_time from clinicaldata cd1_0 where cd1_0.patient_id=?
2026-08-26 17:22:46 TRACE org.hibernate.orm.jdbc.bind - binding parameter (1:BIGINT) <- [6]
2026-08-26 17:22:46 DEBUG org.hibernate.SQL - select cd1_0.patient_id,cd1_0.id,cd1_0.component_name,cd1_0.component_value,cd1_0.measured_date_time from clinicaldata cd1_0 where cd1_0.patient_id=?
2026-08-26 17:22:46 TRACE org.hibernate.orm.jdbc.bind - binding parameter (1:BIGINT) <- [5]
2026-08-26 17:22:46 DEBUG org.hibernate.SQL - select cd1_0.patient_id,cd1_0.id,cd1_0.component_name,cd1_0.component_value,cd1_0.measured_date_time from clinicaldata cd1_0 where cd1_0.patient_id=?
2026-08-26 17:22:46 TRACE org.hibernate.orm.jdbc.bind - binding parameter (1:BIGINT) <- [4]
2026-08-26 17:22:46 DEBUG org.hibernate.SQL - select cd1_0.patient_id,cd1_0.id,cd1_0.component_name,cd1_0.component_value,cd1_0.measured_date_time from clinicaldata cd1_0 where cd1_0.patient_id=?
2026-08-26 17:22:46 TRACE org.hibernate.orm.jdbc.bind - binding parameter (1:BIGINT) <- [3]
2026-08-26 17:22:46 DEBUG org.hibernate.SQL - select cd1_0.patient_id,cd1_0.id,cd1_0.component_name,cd1_0.component_value,cd1_0.measured_date_time from clinicaldata cd1_0 where cd1_0.patient_id=?
2026-08-26 17:22:46 TRACE org.hibernate.orm.jdbc.bind - binding parameter (1:BIGINT) <- [2]
2026-08-26 17:22:46 DEBUG org.hibernate.SQL - select cd1_0.patient_id,cd1_0.id,cd1_0.component_name,cd1_0.component_value,cd1_0.measured_date_time from clinicaldata cd1_0 where cd1_0.patient_id=?
2026-08-26 17:22:46 TRACE org.hibernate.orm.jdbc.bind - binding parameter (1:BIGINT) <- [1]
2026-08-26 17:22:46 INFO  c.v.c.p.r.PatientController - Fetching all patients
2026-08-26 17:22:46 DEBUG org.hibernate.SQL - select p1_0.id,p1_0.age,p1_0.first_name,p1_0.last_name from patient p1_0
2026-08-26 17:22:46 DEBUG org.hibernate.SQL - select cd1_0.patient_id,cd1_0.id,cd1_0.component_name,cd1_0.component_value,cd1_0.measured_date_time from clinicaldata cd1_0 where cd1_0.patient_id=?
2026-08-26 17:22:46 TRACE org.hibernate.orm.jdbc.bind - binding parameter (1:BIGINT) <- [18]
2026-08-26 17:22:46 DEBUG org.hibernate.SQL - select cd1_0.patient_id,cd1_0.id,cd1_0.component_name,cd1_0.component_value,cd1_0.measured_date_time from clinicaldata cd1_0 where cd1_0.patient_id=?
2026-08-26 17:22:46 TRACE org.hibernate.orm.jdbc.bind - binding parameter (1:BIGINT) <- [17]
2026-08-26 17:22:46 DEBUG org.hibernate.SQL - select cd1_0.patient_id,cd1_0.id,cd1_0.component_name,cd1_0.component_value,cd1_0.measured_date_time from clinicaldata cd1_0 where cd1_0.patient_id=?
2026-08-26 17:22:46 TRACE org.hibernate.orm.jdbc.bind - binding parameter (1:BIGINT) <- [16]
2026-08-26 17:22:46 DEBUG org.hibernate.SQL - select cd1_0.patient_id,cd1_0.id,cd1_0.component_name,cd1_0.component_value,cd1_0.measured_date_time from clinicaldata cd1_0 where cd1_0.patient_id=?
2026-08-26 17:22:46 TRACE org.hibernate.orm.jdbc.bind - binding parameter (1:BIGINT) <- [15]
2026-08-26 17:22:46 DEBUG org.hibernate.SQL - select cd1_0.patient_id,cd1_0.id,cd1_0.component_name,cd1_0.component_value,cd1_0.measured_date_time from clinicaldata cd1_0 where cd1_0.patient_id=?
2026-08-26 17:22:46 TRACE org.hibernate.orm.jdbc.bind - binding parameter (1:BIGINT) <- [14]
2026-08-26 17:22:46 DEBUG org.hibernate.SQL - select cd1_0.patient_id,cd1_0.id,cd1_0.component_name,cd1_0.component_value,cd1_0.measured_date_time from clinicaldata cd1_0 where cd1_0.patient_id=?
2026-08-26 17:22:46 TRACE org.hibernate.orm.jdbc.bind - binding parameter (1:BIGINT) <- [13]
2026-08-26 17:22:46 DEBUG org.hibernate.SQL - select cd1_0.patient_id,cd1_0.id,cd1_0.component_name,cd1_0.component_value,cd1_0.measured_date_time from clinicaldata cd1_0 where cd1_0.patient_id=?
2026-08-26 17:22:46 TRACE org.hibernate.orm.jdbc.bind - binding parameter (1:BIGINT) <- [12]
2026-08-26 17:22:46 DEBUG org.hibernate.SQL - select cd1_0.patient_id,cd1_0.id,cd1_0.component_name,cd1_0.component_value,cd1_0.measured_date_time from clinicaldata cd1_0 where cd1_0.patient_id=?
2026-08-26 17:22:46 TRACE org.hibernate.orm.jdbc.bind - binding parameter (1:BIGINT) <- [11]
2026-08-26 17:22:46 DEBUG org.hibernate.SQL - select cd1_0.patient_id,cd1_0.id,cd1_0.component_name,cd1_0.component_value,cd1_0.measured_date_time from clinicaldata cd1_0 where cd1_0.patient_id=?
2026-08-26 17:22:46 TRACE org.hibernate.orm.jdbc.bind - binding parameter (1:BIGINT) <- [10]
2026-08-26 17:22:46 DEBUG org.hibernate.SQL - select cd1_0.patient_id,cd1_0.id,cd1_0.component_name,cd1_0.component_value,cd1_0.measured_date_time from clinicaldata cd1_0 where cd1_0.patient_id=?
2026-08-26 17:22:46 TRACE org.hibernate.orm.jdbc.bind - binding parameter (1:BIGINT) <- [9]
2026-08-26 17:22:46 DEBUG org.hibernate.SQL - select cd1_0.patient_id,cd1_0.id,cd1_0.component_name,cd1_0.component_value,cd1_0.measured_date_time from clinicaldata cd1_0 where cd1_0.patient_id=?
2026-08-26 17:22:46 TRACE org.hibernate.orm.jdbc.bind - binding parameter (1:BIGINT) <- [8]
2026-08-26 17:22:46 DEBUG org.hibernate.SQL - select cd1_0.patient_id,cd1_0.id,cd1_0.component_name,cd1_0.component_value,cd1_0.measured_date_time from clinicaldata cd1_0 where cd1_0.patient_id=?
2026-08-26 17:22:46 TRACE org.hibernate.orm.jdbc.bind - binding parameter (1:BIGINT) <- [7]
2026-08-26 17:22:46 DEBUG org.hibernate.SQL - select cd1_0.patient_id,cd1_0.id,cd1_0.component_name,cd1_0.component_value,cd1_0.measured_date_time from clinicaldata cd1_0 where cd1_0.patient_id=?
2026-08-26 17:22:46 TRACE org.hibernate.orm.jdbc.bind - binding parameter (1:BIGINT) <- [6]
2026-08-26 17:22:46 DEBUG org.hibernate.SQL - select cd1_0.patient_id,cd1_0.id,cd1_0.component_name,cd1_0.component_value,cd1_0.measured_date_time from clinicaldata cd1_0 where cd1_0.patient_id=?
2026-08-26 17:22:46 TRACE org.hibernate.orm.jdbc.bind - binding parameter (1:BIGINT) <- [5]
2026-08-26 17:22:46 DEBUG org.hibernate.SQL - select cd1_0.patient_id,cd1_0.id,cd1_0.component_name,cd1_0.component_value,cd1_0.measured_date_time from clinicaldata cd1_0 where cd1_0.patient_id=?
2026-08-26 17:22:46 TRACE org.hibernate.orm.jdbc.bind - binding parameter (1:BIGINT) <- [4]
2026-08-26 17:22:46 DEBUG org.hibernate.SQL - select cd1_0.patient_id,cd1_0.id,cd1_0.component_name,cd1_0.component_value,cd1_0.measured_date_time from clinicaldata cd1_0 where cd1_0.patient_id=?
2026-08-26 17:22:46 TRACE org.hibernate.orm.jdbc.bind - binding parameter (1:BIGINT) <- [3]
2026-08-26 17:22:46 DEBUG org.hibernate.SQL - select cd1_0.patient_id,cd1_0.id,cd1_0.component_name,cd1_0.component_value,cd1_0.measured_date_time from clinicaldata cd1_0 where cd1_0.patient_id=?
2026-08-26 17:22:46 TRACE org.hibernate.orm.jdbc.bind - binding parameter (1:BIGINT) <- [2]
2026-08-26 17:22:46 DEBUG org.hibernate.SQL - select cd1_0.patient_id,cd1_0.id,cd1_0.component_name,cd1_0.component_value,cd1_0.measured_date_time from clinicaldata cd1_0 where cd1_0.patient_id=?
2026-08-26 17:22:46 TRACE org.hibernate.orm.jdbc.bind - binding parameter (1:BIGINT) <- [1]
2026-08-26 17:22:51 INFO  c.v.c.p.r.PatientController - Fetching all patients
2026-08-26 17:22:51 DEBUG org.hibernate.SQL - select p1_0.id,p1_0.age,p1_0.first_name,p1_0.last_name from patient p1_0
2026-08-26 17:22:51 DEBUG org.hibernate.SQL - select cd1_0.patient_id,cd1_0.id,cd1_0.component_name,cd1_0.component_value,cd1_0.measured_date_time from clinicaldata cd1_0 where cd1_0.patient_id=?
2026-08-26 17:22:51 TRACE org.hibernate.orm.jdbc.bind - binding parameter (1:BIGINT) <- [18]
2026-08-26 17:22:51 DEBUG org.hibernate.SQL - select cd1_0.patient_id,cd1_0.id,cd1_0.component_name,cd1_0.component_value,cd1_0.measured_date_time from clinicaldata cd1_0 where cd1_0.patient_id=?
2026-08-26 17:22:51 TRACE org.hibernate.orm.jdbc.bind - binding parameter (1:BIGINT) <- [17]
2026-08-26 17:22:51 DEBUG org.hibernate.SQL - select cd1_0.patient_id,cd1_0.id,cd1_0.component_name,cd1_0.component_value,cd1_0.measured_date_time from clinicaldata cd1_0 where cd1_0.patient_id=?
2026-08-26 17:22:51 TRACE org.hibernate.orm.jdbc.bind - binding parameter (1:BIGINT) <- [16]
2026-08-26 17:22:51 DEBUG org.hibernate.SQL - select cd1_0.patient_id,cd1_0.id,cd1_0.component_name,cd1_0.component_value,cd1_0.measured_date_time from clinicaldata cd1_0 where cd1_0.patient_id=?
2026-08-26 17:22:51 TRACE org.hibernate.orm.jdbc.bind - binding parameter (1:BIGINT) <- [15]
2026-08-26 17:22:51 DEBUG org.hibernate.SQL - select cd1_0.patient_id,cd1_0.id,cd1_0.component_name,cd1_0.component_value,cd1_0.measured_date_time from clinicaldata cd1_0 where cd1_0.patient_id=?
2026-08-26 17:22:51 TRACE org.hibernate.orm.jdbc.bind - binding parameter (1:BIGINT) <- [14]
2026-08-26 17:22:51 DEBUG org.hibernate.SQL - select cd1_0.patient_id,cd1_0.id,cd1_0.component_name,cd1_0.component_value,cd1_0.measured_date_time from clinicaldata cd1_0 where cd1_0.patient_id=?
2026-08-26 17:22:51 TRACE org.hibernate.orm.jdbc.bind - binding parameter (1:BIGINT) <- [13]
2026-08-26 17:22:51 DEBUG org.hibernate.SQL - select cd1_0.patient_id,cd1_0.id,cd1_0.component_name,cd1_0.component_value,cd1_0.measured_date_time from clinicaldata cd1_0 where cd1_0.patient_id=?
2026-08-26 17:22:51 TRACE org.hibernate.orm.jdbc.bind - binding parameter (1:BIGINT) <- [12]
2026-08-26 17:22:51 DEBUG org.hibernate.SQL - select cd1_0.patient_id,cd1_0.id,cd1_0.component_name,cd1_0.component_value,cd1_0.measured_date_time from clinicaldata cd1_0 where cd1_0.patient_id=?
2026-08-26 17:22:51 TRACE org.hibernate.orm.jdbc.bind - binding parameter (1:BIGINT) <- [11]
2026-08-26 17:22:51 DEBUG org.hibernate.SQL - select cd1_0.patient_id,cd1_0.id,cd1_0.component_name,cd1_0.component_value,cd1_0.measured_date_time from clinicaldata cd1_0 where cd1_0.patient_id=?
2026-08-26 17:22:51 TRACE org.hibernate.orm.jdbc.bind - binding parameter (1:BIGINT) <- [10]
2026-08-26 17:22:51 DEBUG org.hibernate.SQL - select cd1_0.patient_id,cd1_0.id,cd1_0.component_name,cd1_0.component_value,cd1_0.measured_date_time from clinicaldata cd1_0 where cd1_0.patient_id=?
2026-08-26 17:22:51 TRACE org.hibernate.orm.jdbc.bind - binding parameter (1:BIGINT) <- [9]
2026-08-26 17:22:51 DEBUG org.hibernate.SQL - select cd1_0.patient_id,cd1_0.id,cd1_0.component_name,cd1_0.component_value,cd1_0.measured_date_time from clinicaldata cd1_0 where cd1_0.patient_id=?
2026-08-26 17:22:51 TRACE org.hibernate.orm.jdbc.bind - binding parameter (1:BIGINT) <- [8]
2026-08-26 17:22:51 DEBUG org.hibernate.SQL - select cd1_0.patient_id,cd1_0.id,cd1_0.component_name,cd1_0.component_value,cd1_0.measured_date_time from clinicaldata cd1_0 where cd1_0.patient_id=?
2026-08-26 17:22:51 TRACE org.hibernate.orm.jdbc.bind - binding parameter (1:BIGINT) <- [7]
2026-08-26 17:22:51 DEBUG org.hibernate.SQL - select cd1_0.patient_id,cd1_0.id,cd1_0.component_name,cd1_0.component_value,cd1_0.measured_date_time from clinicaldata cd1_0 where cd1_0.patient_id=?
2026-08-26 17:22:51 TRACE org.hibernate.orm.jdbc.bind - binding parameter (1:BIGINT) <- [6]
2026-08-26 17:22:51 DEBUG org.hibernate.SQL - select cd1_0.patient_id,cd1_0.id,cd1_0.component_name,cd1_0.component_value,cd1_0.measured_date_time from clinicaldata cd1_0 where cd1_0.patient_id=?
2026-08-26 17:22:51 TRACE org.hibernate.orm.jdbc.bind - binding parameter (1:BIGINT) <- [5]
2026-08-26 17:22:51 DEBUG org.hibernate.SQL - select cd1_0.patient_id,cd1_0.id,cd1_0.component_name,cd1_0.component_value,cd1_0.measured_date_time from clinicaldata cd1_0 where cd1_0.patient_id=?
2026-08-26 17:22:51 TRACE org.hibernate.orm.jdbc.bind - binding parameter (1:BIGINT) <- [4]
2026-08-26 17:22:51 DEBUG org.hibernate.SQL - select cd1_0.patient_id,cd1_0.id,cd1_0.component_name,cd1_0.component_value,cd1_0.measured_date_time from clinicaldata cd1_0 where cd1_0.patient_id=?
2026-08-26 17:22:51 TRACE org.hibernate.orm.jdbc.bind - binding parameter (1:BIGINT) <- [3]
2026-08-26 17:22:51 DEBUG org.hibernate.SQL - select cd1_0.patient_id,cd1_0.id,cd1_0.component_name,cd1_0.component_value,cd1_0.measured_date_time from clinicaldata cd1_0 where cd1_0.patient_id=?
2026-08-26 17:22:51 TRACE org.hibernate.orm.jdbc.bind - binding parameter (1:BIGINT) <- [2]
2026-08-26 17:22:51 DEBUG org.hibernate.SQL - select cd1_0.patient_id,cd1_0.id,cd1_0.component_name,cd1_0.component_value,cd1_0.measured_date_time from clinicaldata cd1_0 where cd1_0.patient_id=?
2026-08-26 17:22:51 TRACE org.hibernate.orm.jdbc.bind - binding parameter (1:BIGINT) <- [1]
2026-08-26 17:22:51 INFO  c.v.c.p.r.PatientController - Fetching all patients
2026-08-26 17:22:51 DEBUG org.hibernate.SQL - select p1_0.id,p1_0.age,p1_0.first_name,p1_0.last_name from patient p1_0
2026-08-26 17:22:51 DEBUG org.hibernate.SQL - select cd1_0.patient_id,cd1_0.id,cd1_0.component_name,cd1_0.component_value,cd1_0.measured_date_time from clinicaldata cd1_0 where cd1_0.patient_id=?
2026-08-26 17:22:51 TRACE org.hibernate.orm.jdbc.bind - binding parameter (1:BIGINT) <- [18]
2026-08-26 17:22:51 DEBUG org.hibernate.SQL - select cd1_0.patient_id,cd1_0.id,cd1_0.component_name,cd1_0.component_value,cd1_0.measured_date_time from clinicaldata cd1_0 where cd1_0.patient_id=?
2026-08-26 17:22:51 TRACE org.hibernate.orm.jdbc.bind - binding parameter (1:BIGINT) <- [17]
2026-08-26 17:22:51 DEBUG org.hibernate.SQL - select cd1_0.patient_id,cd1_0.id,cd1_0.component_name,cd1_0.component_value,cd1_0.measured_date_time from clinicaldata cd1_0 where cd1_0.patient_id=?
2026-08-26 17:22:51 TRACE org.hibernate.orm.jdbc.bind - binding parameter (1:BIGINT) <- [16]
2026-08-26 17:22:51 DEBUG org.hibernate.SQL - select cd1_0.patient_id,cd1_0.id,cd1_0.component_name,cd1_0.component_value,cd1_0.measured_date_time from clinicaldata cd1_0 where cd1_0.patient_id=?
2026-08-26 17:22:51 TRACE org.hibernate.orm.jdbc.bind - binding parameter (1:BIGINT) <- [15]
2026-08-26 17:22:51 DEBUG org.hibernate.SQL - select cd1_0.patient_id,cd1_0.id,cd1_0.component_name,cd1_0.component_value,cd1_0.measured_date_time from clinicaldata cd1_0 where cd1_0.patient_id=?
2026-08-26 17:22:51 TRACE org.hibernate.orm.jdbc.bind - binding parameter (1:BIGINT) <- [14]
2026-08-26 17:22:51 DEBUG org.hibernate.SQL - select cd1_0.patient_id,cd1_0.id,cd1_0.component_name,cd1_0.component_value,cd1_0.measured_date_time from clinicaldata cd1_0 where cd1_0.patient_id=?
2026-08-26 17:22:51 TRACE org.hibernate.orm.jdbc.bind - binding parameter (1:BIGINT) <- [13]
2026-08-26 17:22:51 DEBUG org.hibernate.SQL - select cd1_0.patient_id,cd1_0.id,cd1_0.component_name,cd1_0.component_value,cd1_0.measured_date_time from clinicaldata cd1_0 where cd1_0.patient_id=?
2026-08-26 17:22:51 TRACE org.hibernate.orm.jdbc.bind - binding parameter (1:BIGINT) <- [12]
2026-08-26 17:22:51 DEBUG org.hibernate.SQL - select cd1_0.patient_id,cd1_0.id,cd1_0.component_name,cd1_0.component_value,cd1_0.measured_date_time from clinicaldata cd1_0 where cd1_0.patient_id=?
2026-08-26 17:22:51 TRACE org.hibernate.orm.jdbc.bind - binding parameter (1:BIGINT) <- [11]
2026-08-26 17:22:51 DEBUG org.hibernate.SQL - select cd1_0.patient_id,cd1_0.id,cd1_0.component_name,cd1_0.component_value,cd1_0.measured_date_time from clinicaldata cd1_0 where cd1_0.patient_id=?
2026-08-26 17:22:51 TRACE org.hibernate.orm.jdbc.bind - binding parameter (1:BIGINT) <- [10]
2026-08-26 17:22:51 DEBUG org.hibernate.SQL - select cd1_0.patient_id,cd1_0.id,cd1_0.component_name,cd1_0.component_value,cd1_0.measured_date_time from clinicaldata cd1_0 where cd1_0.patient_id=?
2026-08-26 17:22:51 TRACE org.hibernate.orm.jdbc.bind - binding parameter (1:BIGINT) <- [9]
2026-08-26 17:22:51 DEBUG org.hibernate.SQL - select cd1_0.patient_id,cd1_0.id,cd1_0.component_name,cd1_0.component_value,cd1_0.measured_date_time from clinicaldata cd1_0 where cd1_0.patient_id=?
2026-08-26 17:22:51 TRACE org.hibernate.orm.jdbc.bind - binding parameter (1:BIGINT) <- [8]
2026-08-26 17:22:51 DEBUG org.hibernate.SQL - select cd1_0.patient_id,cd1_0.id,cd1_0.component_name,cd1_0.component_value,cd1_0.measured_date_time from clinicaldata cd1_0 where cd1_0.patient_id=?
2026-08-26 17:22:51 TRACE org.hibernate.orm.jdbc.bind - binding parameter (1:BIGINT) <- [7]
2026-08-26 17:22:51 DEBUG org.hibernate.SQL - select cd1_0.patient_id,cd1_0.id,cd1_0.component_name,cd1_0.component_value,cd1_0.measured_date_time from clinicaldata cd1_0 where cd1_0.patient_id=?
2026-08-26 17:22:51 TRACE org.hibernate.orm.jdbc.bind - binding parameter (1:BIGINT) <- [6]
2026-08-26 17:22:51 DEBUG org.hibernate.SQL - select cd1_0.patient_id,cd1_0.id,cd1_0.component_name,cd1_0.component_value,cd1_0.measured_date_time from clinicaldata cd1_0 where cd1_0.patient_id=?
2026-08-26 17:22:51 TRACE org.hibernate.orm.jdbc.bind - binding parameter (1:BIGINT) <- [5]
2026-08-26 17:22:51 DEBUG org.hibernate.SQL - select cd1_0.patient_id,cd1_0.id,cd1_0.component_name,cd1_0.component_value,cd1_0.measured_date_time from clinicaldata cd1_0 where cd1_0.patient_id=?
2026-08-26 17:22:51 TRACE org.hibernate.orm.jdbc.bind - binding parameter (1:BIGINT) <- [4]
2026-08-26 17:22:51 DEBUG org.hibernate.SQL - select cd1_0.patient_id,cd1_0.id,cd1_0.component_name,cd1_0.component_value,cd1_0.measured_date_time from clinicaldata cd1_0 where cd1_0.patient_id=?
2026-08-26 17:22:51 TRACE org.hibernate.orm.jdbc.bind - binding parameter (1:BIGINT) <- [3]
2026-08-26 17:22:51 DEBUG org.hibernate.SQL - select cd1_0.patient_id,cd1_0.id,cd1_0.component_name,cd1_0.component_value,cd1_0.measured_date_time from clinicaldata cd1_0 where cd1_0.patient_id=?
2026-08-26 17:22:51 TRACE org.hibernate.orm.jdbc.bind - binding parameter (1:BIGINT) <- [2]
2026-08-26 17:22:51 DEBUG org.hibernate.SQL - select cd1_0.patient_id,cd1_0.id,cd1_0.component_name,cd1_0.component_value,cd1_0.measured_date_time from clinicaldata cd1_0 where cd1_0.patient_id=?
2026-08-26 17:22:51 TRACE org.hibernate.orm.jdbc.bind - binding parameter (1:BIGINT) <- [1]
2026-08-26 17:26:17 DEBUG c.v.c.p.r.PatientController - Fetching patient with id 6
2026-08-26 17:26:17 DEBUG org.hibernate.SQL - select p1_0.id,p1_0.age,p1_0.first_name,p1_0.last_name,cd1_0.patient_id,cd1_0.id,cd1_0.component_name,cd1_0.component_value,cd1_0.measured_date_time from patient p1_0 left join clinicaldata cd1_0 on p1_0.id=cd1_0.patient_id where p1_0.id=?
2026-08-26 17:26:17 TRACE org.hibernate.orm.jdbc.bind - binding parameter (1:BIGINT) <- [6]
2026-08-26 17:26:17 DEBUG c.v.c.p.r.PatientController - Fetching patient with id 6
2026-08-26 17:26:17 DEBUG org.hibernate.SQL - select p1_0.id,p1_0.age,p1_0.first_name,p1_0.last_name,cd1_0.patient_id,cd1_0.id,cd1_0.component_name,cd1_0.component_value,cd1_0.measured_date_time from patient p1_0 left join clinicaldata cd1_0 on p1_0.id=cd1_0.patient_id where p1_0.id=?
2026-08-26 17:26:17 TRACE org.hibernate.orm.jdbc.bind - binding parameter (1:BIGINT) <- [6]
2026-08-26 17:26:23 INFO  c.v.c.p.r.PatientController - Fetching all patients
2026-08-26 17:26:23 DEBUG org.hibernate.SQL - select p1_0.id,p1_0.age,p1_0.first_name,p1_0.last_name from patient p1_0
2026-08-26 17:26:23 DEBUG org.hibernate.SQL - select cd1_0.patient_id,cd1_0.id,cd1_0.component_name,cd1_0.component_value,cd1_0.measured_date_time from clinicaldata cd1_0 where cd1_0.patient_id=?
2026-08-26 17:26:23 TRACE org.hibernate.orm.jdbc.bind - binding parameter (1:BIGINT) <- [18]
2026-08-26 17:26:23 DEBUG org.hibernate.SQL - select cd1_0.patient_id,cd1_0.id,cd1_0.component_name,cd1_0.component_value,cd1_0.measured_date_time from clinicaldata cd1_0 where cd1_0.patient_id=?
2026-08-26 17:26:23 TRACE org.hibernate.orm.jdbc.bind - binding parameter (1:BIGINT) <- [17]
2026-08-26 17:26:23 DEBUG org.hibernate.SQL - select cd1_0.patient_id,cd1_0.id,cd1_0.component_name,cd1_0.component_value,cd1_0.measured_date_time from clinicaldata cd1_0 where cd1_0.patient_id=?
2026-08-26 17:26:23 TRACE org.hibernate.orm.jdbc.bind - binding parameter (1:BIGINT) <- [16]
2026-08-26 17:26:23 DEBUG org.hibernate.SQL - select cd1_0.patient_id,cd1_0.id,cd1_0.component_name,cd1_0.component_value,cd1_0.measured_date_time from clinicaldata cd1_0 where cd1_0.patient_id=?
2026-08-26 17:26:23 TRACE org.hibernate.orm.jdbc.bind - binding parameter (1:BIGINT) <- [15]
2026-08-26 17:26:23 DEBUG org.hibernate.SQL - select cd1_0.patient_id,cd1_0.id,cd1_0.component_name,cd1_0.component_value,cd1_0.measured_date_time from clinicaldata cd1_0 where cd1_0.patient_id=?
2026-08-26 17:26:23 TRACE org.hibernate.orm.jdbc.bind - binding parameter (1:BIGINT) <- [14]
2026-08-26 17:26:23 DEBUG org.hibernate.SQL - select cd1_0.patient_id,cd1_0.id,cd1_0.component_name,cd1_0.component_value,cd1_0.measured_date_time from clinicaldata cd1_0 where cd1_0.patient_id=?
2026-08-26 17:26:23 TRACE org.hibernate.orm.jdbc.bind - binding parameter (1:BIGINT) <- [13]
2026-08-26 17:26:23 DEBUG org.hibernate.SQL - select cd1_0.patient_id,cd1_0.id,cd1_0.component_name,cd1_0.component_value,cd1_0.measured_date_time from clinicaldata cd1_0 where cd1_0.patient_id=?
2026-08-26 17:26:23 TRACE org.hibernate.orm.jdbc.bind - binding parameter (1:BIGINT) <- [12]
2026-08-26 17:26:23 DEBUG org.hibernate.SQL - select cd1_0.patient_id,cd1_0.id,cd1_0.component_name,cd1_0.component_value,cd1_0.measured_date_time from clinicaldata cd1_0 where cd1_0.patient_id=?
2026-08-26 17:26:23 TRACE org.hibernate.orm.jdbc.bind - binding parameter (1:BIGINT) <- [11]
2026-08-26 17:26:23 DEBUG org.hibernate.SQL - select cd1_0.patient_id,cd1_0.id,cd1_0.component_name,cd1_0.component_value,cd1_0.measured_date_time from clinicaldata cd1_0 where cd1_0.patient_id=?
2026-08-26 17:26:23 TRACE org.hibernate.orm.jdbc.bind - binding parameter (1:BIGINT) <- [10]
2026-08-26 17:26:23 DEBUG org.hibernate.SQL - select cd1_0.patient_id,cd1_0.id,cd1_0.component_name,cd1_0.component_value,cd1_0.measured_date_time from clinicaldata cd1_0 where cd1_0.patient_id=?
2026-08-26 17:26:24 TRACE org.hibernate.orm.jdbc.bind - binding parameter (1:BIGINT) <- [9]
2026-08-26 17:26:24 DEBUG org.hibernate.SQL - select cd1_0.patient_id,cd1_0.id,cd1_0.component_name,cd1_0.component_value,cd1_0.measured_date_time from clinicaldata cd1_0 where cd1_0.patient_id=?
2026-08-26 17:26:24 TRACE org.hibernate.orm.jdbc.bind - binding parameter (1:BIGINT) <- [8]
2026-08-26 17:26:24 DEBUG org.hibernate.SQL - select cd1_0.patient_id,cd1_0.id,cd1_0.component_name,cd1_0.component_value,cd1_0.measured_date_time from clinicaldata cd1_0 where cd1_0.patient_id=?
2026-08-26 17:26:24 TRACE org.hibernate.orm.jdbc.bind - binding parameter (1:BIGINT) <- [7]
2026-08-26 17:26:24 DEBUG org.hibernate.SQL - select cd1_0.patient_id,cd1_0.id,cd1_0.component_name,cd1_0.component_value,cd1_0.measured_date_time from clinicaldata cd1_0 where cd1_0.patient_id=?
2026-08-26 17:26:24 TRACE org.hibernate.orm.jdbc.bind - binding parameter (1:BIGINT) <- [6]
2026-08-26 17:26:24 DEBUG org.hibernate.SQL - select cd1_0.patient_id,cd1_0.id,cd1_0.component_name,cd1_0.component_value,cd1_0.measured_date_time from clinicaldata cd1_0 where cd1_0.patient_id=?
2026-08-26 17:26:24 TRACE org.hibernate.orm.jdbc.bind - binding parameter (1:BIGINT) <- [5]
2026-08-26 17:26:24 DEBUG org.hibernate.SQL - select cd1_0.patient_id,cd1_0.id,cd1_0.component_name,cd1_0.component_value,cd1_0.measured_date_time from clinicaldata cd1_0 where cd1_0.patient_id=?
2026-08-26 17:26:24 TRACE org.hibernate.orm.jdbc.bind - binding parameter (1:BIGINT) <- [4]
2026-08-26 17:26:24 DEBUG org.hibernate.SQL - select cd1_0.patient_id,cd1_0.id,cd1_0.component_name,cd1_0.component_value,cd1_0.measured_date_time from clinicaldata cd1_0 where cd1_0.patient_id=?
2026-08-26 17:26:24 TRACE org.hibernate.orm.jdbc.bind - binding parameter (1:BIGINT) <- [3]
2026-08-26 17:26:24 DEBUG org.hibernate.SQL - select cd1_0.patient_id,cd1_0.id,cd1_0.component_name,cd1_0.component_value,cd1_0.measured_date_time from clinicaldata cd1_0 where cd1_0.patient_id=?
2026-08-26 17:26:24 TRACE org.hibernate.orm.jdbc.bind - binding parameter (1:BIGINT) <- [2]
2026-08-26 17:26:24 DEBUG org.hibernate.SQL - select cd1_0.patient_id,cd1_0.id,cd1_0.component_name,cd1_0.component_value,cd1_0.measured_date_time from clinicaldata cd1_0 where cd1_0.patient_id=?
2026-08-26 17:26:24 TRACE org.hibernate.orm.jdbc.bind - binding parameter (1:BIGINT) <- [1]
2026-08-26 17:26:24 INFO  c.v.c.p.r.PatientController - Fetching all patients
2026-08-26 17:26:24 DEBUG org.hibernate.SQL - select p1_0.id,p1_0.age,p1_0.first_name,p1_0.last_name from patient p1_0
2026-08-26 17:26:24 DEBUG org.hibernate.SQL - select cd1_0.patient_id,cd1_0.id,cd1_0.component_name,cd1_0.component_value,cd1_0.measured_date_time from clinicaldata cd1_0 where cd1_0.patient_id=?
2026-08-26 17:26:24 TRACE org.hibernate.orm.jdbc.bind - binding parameter (1:BIGINT) <- [18]
2026-08-26 17:26:24 DEBUG org.hibernate.SQL - select cd1_0.patient_id,cd1_0.id,cd1_0.component_name,cd1_0.component_value,cd1_0.measured_date_time from clinicaldata cd1_0 where cd1_0.patient_id=?
2026-08-26 17:26:24 TRACE org.hibernate.orm.jdbc.bind - binding parameter (1:BIGINT) <- [17]
2026-08-26 17:26:24 DEBUG org.hibernate.SQL - select cd1_0.patient_id,cd1_0.id,cd1_0.component_name,cd1_0.component_value,cd1_0.measured_date_time from clinicaldata cd1_0 where cd1_0.patient_id=?
2026-08-26 17:26:24 TRACE org.hibernate.orm.jdbc.bind - binding parameter (1:BIGINT) <- [16]
2026-08-26 17:26:24 DEBUG org.hibernate.SQL - select cd1_0.patient_id,cd1_0.id,cd1_0.component_name,cd1_0.component_value,cd1_0.measured_date_time from clinicaldata cd1_0 where cd1_0.patient_id=?
2026-08-26 17:26:24 TRACE org.hibernate.orm.jdbc.bind - binding parameter (1:BIGINT) <- [15]
2026-08-26 17:26:24 DEBUG org.hibernate.SQL - select cd1_0.patient_id,cd1_0.id,cd1_0.component_name,cd1_0.component_value,cd1_0.measured_date_time from clinicaldata cd1_0 where cd1_0.patient_id=?
2026-08-26 17:26:24 TRACE org.hibernate.orm.jdbc.bind - binding parameter (1:BIGINT) <- [14]
2026-08-26 17:26:24 DEBUG org.hibernate.SQL - select cd1_0.patient_id,cd1_0.id,cd1_0.component_name,cd1_0.component_value,cd1_0.measured_date_time from clinicaldata cd1_0 where cd1_0.patient_id=?
2026-08-26 17:26:24 TRACE org.hibernate.orm.jdbc.bind - binding parameter (1:BIGINT) <- [13]
2026-08-26 17:26:24 DEBUG org.hibernate.SQL - select cd1_0.patient_id,cd1_0.id,cd1_0.component_name,cd1_0.component_value,cd1_0.measured_date_time from clinicaldata cd1_0 where cd1_0.patient_id=?
2026-08-26 17:26:24 TRACE org.hibernate.orm.jdbc.bind - binding parameter (1:BIGINT) <- [12]
2026-08-26 17:26:24 DEBUG org.hibernate.SQL - select cd1_0.patient_id,cd1_0.id,cd1_0.component_name,cd1_0.component_value,cd1_0.measured_date_time from clinicaldata cd1_0 where cd1_0.patient_id=?
2026-08-26 17:26:24 TRACE org.hibernate.orm.jdbc.bind - binding parameter (1:BIGINT) <- [11]
2026-08-26 17:26:24 DEBUG org.hibernate.SQL - select cd1_0.patient_id,cd1_0.id,cd1_0.component_name,cd1_0.component_value,cd1_0.measured_date_time from clinicaldata cd1_0 where cd1_0.patient_id=?
2026-08-26 17:26:24 TRACE org.hibernate.orm.jdbc.bind - binding parameter (1:BIGINT) <- [10]
2026-08-26 17:26:24 DEBUG org.hibernate.SQL - select cd1_0.patient_id,cd1_0.id,cd1_0.component_name,cd1_0.component_value,cd1_0.measured_date_time from clinicaldata cd1_0 where cd1_0.patient_id=?
2026-08-26 17:26:24 TRACE org.hibernate.orm.jdbc.bind - binding parameter (1:BIGINT) <- [9]
2026-08-26 17:26:24 DEBUG org.hibernate.SQL - select cd1_0.patient_id,cd1_0.id,cd1_0.component_name,cd1_0.component_value,cd1_0.measured_date_time from clinicaldata cd1_0 where cd1_0.patient_id=?
2026-08-26 17:26:24 TRACE org.hibernate.orm.jdbc.bind - binding parameter (1:BIGINT) <- [8]
2026-08-26 17:26:24 DEBUG org.hibernate.SQL - select cd1_0.patient_id,cd1_0.id,cd1_0.component_name,cd1_0.component_value,cd1_0.measured_date_time from clinicaldata cd1_0 where cd1_0.patient_id=?
2026-08-26 17:26:24 TRACE org.hibernate.orm.jdbc.bind - binding parameter (1:BIGINT) <- [7]
2026-08-26 17:26:24 DEBUG org.hibernate.SQL - select cd1_0.patient_id,cd1_0.id,cd1_0.component_name,cd1_0.component_value,cd1_0.measured_date_time from clinicaldata cd1_0 where cd1_0.patient_id=?
2026-08-26 17:26:24 TRACE org.hibernate.orm.jdbc.bind - binding parameter (1:BIGINT) <- [6]
2026-08-26 17:26:24 DEBUG org.hibernate.SQL - select cd1_0.patient_id,cd1_0.id,cd1_0.component_name,cd1_0.component_value,cd1_0.measured_date_time from clinicaldata cd1_0 where cd1_0.patient_id=?
2026-08-26 17:26:24 TRACE org.hibernate.orm.jdbc.bind - binding parameter (1:BIGINT) <- [5]
2026-08-26 17:26:24 DEBUG org.hibernate.SQL - select cd1_0.patient_id,cd1_0.id,cd1_0.component_name,cd1_0.component_value,cd1_0.measured_date_time from clinicaldata cd1_0 where cd1_0.patient_id=?
2026-08-26 17:26:24 TRACE org.hibernate.orm.jdbc.bind - binding parameter (1:BIGINT) <- [4]
2026-08-26 17:26:24 DEBUG org.hibernate.SQL - select cd1_0.patient_id,cd1_0.id,cd1_0.component_name,cd1_0.component_value,cd1_0.measured_date_time from clinicaldata cd1_0 where cd1_0.patient_id=?
2026-08-26 17:26:24 TRACE org.hibernate.orm.jdbc.bind - binding parameter (1:BIGINT) <- [3]
2026-08-26 17:26:24 DEBUG org.hibernate.SQL - select cd1_0.patient_id,cd1_0.id,cd1_0.component_name,cd1_0.component_value,cd1_0.measured_date_time from clinicaldata cd1_0 where cd1_0.patient_id=?
2026-08-26 17:26:24 TRACE org.hibernate.orm.jdbc.bind - binding parameter (1:BIGINT) <- [2]
2026-08-26 17:26:24 DEBUG org.hibernate.SQL - select cd1_0.patient_id,cd1_0.id,cd1_0.component_name,cd1_0.component_value,cd1_0.measured_date_time from clinicaldata cd1_0 where cd1_0.patient_id=?
2026-08-26 17:26:24 TRACE org.hibernate.orm.jdbc.bind - binding parameter (1:BIGINT) <- [1]
2026-08-26 17:26:35 DEBUG c.v.c.p.r.PatientController - Fetching patient with id 5
2026-08-26 17:26:35 DEBUG org.hibernate.SQL - select p1_0.id,p1_0.age,p1_0.first_name,p1_0.last_name,cd1_0.patient_id,cd1_0.id,cd1_0.component_name,cd1_0.component_value,cd1_0.measured_date_time from patient p1_0 left join clinicaldata cd1_0 on p1_0.id=cd1_0.patient_id where p1_0.id=?
2026-08-26 17:26:35 TRACE org.hibernate.orm.jdbc.bind - binding parameter (1:BIGINT) <- [5]
2026-08-26 17:26:35 DEBUG c.v.c.p.r.PatientController - Fetching patient with id 5
2026-08-26 17:26:35 DEBUG org.hibernate.SQL - select p1_0.id,p1_0.age,p1_0.first_name,p1_0.last_name,cd1_0.patient_id,cd1_0.id,cd1_0.component_name,cd1_0.component_value,cd1_0.measured_date_time from patient p1_0 left join clinicaldata cd1_0 on p1_0.id=cd1_0.patient_id where p1_0.id=?
2026-08-26 17:26:35 TRACE org.hibernate.orm.jdbc.bind - binding parameter (1:BIGINT) <- [5]
2026-08-26 17:26:43 DEBUG c.v.c.p.r.ClinicalDataController - Saving clinical data for patient: 5
2026-08-26 17:26:43 DEBUG org.hibernate.SQL - select p1_0.id,p1_0.age,p1_0.first_name,p1_0.last_name,cd1_0.patient_id,cd1_0.id,cd1_0.component_name,cd1_0.component_value,cd1_0.measured_date_time from patient p1_0 left join clinicaldata cd1_0 on p1_0.id=cd1_0.patient_id where p1_0.id=?
2026-08-26 17:26:43 TRACE org.hibernate.orm.jdbc.bind - binding parameter (1:BIGINT) <- [5]
2026-08-26 17:26:43 DEBUG org.hibernate.SQL - insert into clinicaldata (component_name,component_value,measured_date_time,patient_id) values (?,?,current_timestamp(6),?)
2026-08-26 17:26:43 TRACE org.hibernate.orm.jdbc.bind - binding parameter (1:VARCHAR) <- [VIMm]
2026-08-26 17:26:43 TRACE org.hibernate.orm.jdbc.bind - binding parameter (2:VARCHAR) <- [cvv]
2026-08-26 17:26:43 TRACE org.hibernate.orm.jdbc.bind - binding parameter (3:BIGINT) <- [5]
2026-08-26 17:26:43 DEBUG org.hibernate.SQL - select cd1_0.measured_date_time from clinicaldata cd1_0 where cd1_0.id=?
2026-08-26 17:26:43 TRACE org.hibernate.orm.jdbc.bind - binding parameter (1:BIGINT) <- [102]
2026-08-26 17:26:46 INFO  c.v.c.p.r.PatientController - Fetching all patients
2026-08-26 17:26:46 DEBUG org.hibernate.SQL - select p1_0.id,p1_0.age,p1_0.first_name,p1_0.last_name from patient p1_0
2026-08-26 17:26:46 DEBUG org.hibernate.SQL - select cd1_0.patient_id,cd1_0.id,cd1_0.component_name,cd1_0.component_value,cd1_0.measured_date_time from clinicaldata cd1_0 where cd1_0.patient_id=?
2026-08-26 17:26:46 TRACE org.hibernate.orm.jdbc.bind - binding parameter (1:BIGINT) <- [18]
2026-08-26 17:26:46 DEBUG org.hibernate.SQL - select cd1_0.patient_id,cd1_0.id,cd1_0.component_name,cd1_0.component_value,cd1_0.measured_date_time from clinicaldata cd1_0 where cd1_0.patient_id=?
2026-08-26 17:26:46 TRACE org.hibernate.orm.jdbc.bind - binding parameter (1:BIGINT) <- [17]
2026-08-26 17:26:46 DEBUG org.hibernate.SQL - select cd1_0.patient_id,cd1_0.id,cd1_0.component_name,cd1_0.component_value,cd1_0.measured_date_time from clinicaldata cd1_0 where cd1_0.patient_id=?
2026-08-26 17:26:46 TRACE org.hibernate.orm.jdbc.bind - binding parameter (1:BIGINT) <- [16]
2026-08-26 17:26:46 DEBUG org.hibernate.SQL - select cd1_0.patient_id,cd1_0.id,cd1_0.component_name,cd1_0.component_value,cd1_0.measured_date_time from clinicaldata cd1_0 where cd1_0.patient_id=?
2026-08-26 17:26:46 TRACE org.hibernate.orm.jdbc.bind - binding parameter (1:BIGINT) <- [15]
2026-08-26 17:26:46 DEBUG org.hibernate.SQL - select cd1_0.patient_id,cd1_0.id,cd1_0.component_name,cd1_0.component_value,cd1_0.measured_date_time from clinicaldata cd1_0 where cd1_0.patient_id=?
2026-08-26 17:26:46 TRACE org.hibernate.orm.jdbc.bind - binding parameter (1:BIGINT) <- [14]
2026-08-26 17:26:46 DEBUG org.hibernate.SQL - select cd1_0.patient_id,cd1_0.id,cd1_0.component_name,cd1_0.component_value,cd1_0.measured_date_time from clinicaldata cd1_0 where cd1_0.patient_id=?
2026-08-26 17:26:46 TRACE org.hibernate.orm.jdbc.bind - binding parameter (1:BIGINT) <- [13]
2026-08-26 17:26:46 DEBUG org.hibernate.SQL - select cd1_0.patient_id,cd1_0.id,cd1_0.component_name,cd1_0.component_value,cd1_0.measured_date_time from clinicaldata cd1_0 where cd1_0.patient_id=?
2026-08-26 17:26:46 TRACE org.hibernate.orm.jdbc.bind - binding parameter (1:BIGINT) <- [12]
2026-08-26 17:26:46 DEBUG org.hibernate.SQL - select cd1_0.patient_id,cd1_0.id,cd1_0.component_name,cd1_0.component_value,cd1_0.measured_date_time from clinicaldata cd1_0 where cd1_0.patient_id=?
2026-08-26 17:26:46 TRACE org.hibernate.orm.jdbc.bind - binding parameter (1:BIGINT) <- [11]
2026-08-26 17:26:46 DEBUG org.hibernate.SQL - select cd1_0.patient_id,cd1_0.id,cd1_0.component_name,cd1_0.component_value,cd1_0.measured_date_time from clinicaldata cd1_0 where cd1_0.patient_id=?
2026-08-26 17:26:46 TRACE org.hibernate.orm.jdbc.bind - binding parameter (1:BIGINT) <- [10]
2026-08-26 17:26:46 DEBUG org.hibernate.SQL - select cd1_0.patient_id,cd1_0.id,cd1_0.component_name,cd1_0.component_value,cd1_0.measured_date_time from clinicaldata cd1_0 where cd1_0.patient_id=?
2026-08-26 17:26:46 TRACE org.hibernate.orm.jdbc.bind - binding parameter (1:BIGINT) <- [9]
2026-08-26 17:26:46 DEBUG org.hibernate.SQL - select cd1_0.patient_id,cd1_0.id,cd1_0.component_name,cd1_0.component_value,cd1_0.measured_date_time from clinicaldata cd1_0 where cd1_0.patient_id=?
2026-08-26 17:26:46 TRACE org.hibernate.orm.jdbc.bind - binding parameter (1:BIGINT) <- [8]
2026-08-26 17:26:46 DEBUG org.hibernate.SQL - select cd1_0.patient_id,cd1_0.id,cd1_0.component_name,cd1_0.component_value,cd1_0.measured_date_time from clinicaldata cd1_0 where cd1_0.patient_id=?
2026-08-26 17:26:46 TRACE org.hibernate.orm.jdbc.bind - binding parameter (1:BIGINT) <- [7]
2026-08-26 17:26:46 DEBUG org.hibernate.SQL - select cd1_0.patient_id,cd1_0.id,cd1_0.component_name,cd1_0.component_value,cd1_0.measured_date_time from clinicaldata cd1_0 where cd1_0.patient_id=?
2026-08-26 17:26:46 TRACE org.hibernate.orm.jdbc.bind - binding parameter (1:BIGINT) <- [6]
2026-08-26 17:26:46 DEBUG org.hibernate.SQL - select cd1_0.patient_id,cd1_0.id,cd1_0.component_name,cd1_0.component_value,cd1_0.measured_date_time from clinicaldata cd1_0 where cd1_0.patient_id=?
2026-08-26 17:26:46 TRACE org.hibernate.orm.jdbc.bind - binding parameter (1:BIGINT) <- [5]
2026-08-26 17:26:46 DEBUG org.hibernate.SQL - select cd1_0.patient_id,cd1_0.id,cd1_0.component_name,cd1_0.component_value,cd1_0.measured_date_time from clinicaldata cd1_0 where cd1_0.patient_id=?
2026-08-26 17:26:46 TRACE org.hibernate.orm.jdbc.bind - binding parameter (1:BIGINT) <- [4]
2026-08-26 17:26:46 DEBUG org.hibernate.SQL - select cd1_0.patient_id,cd1_0.id,cd1_0.component_name,cd1_0.component_value,cd1_0.measured_date_time from clinicaldata cd1_0 where cd1_0.patient_id=?
2026-08-26 17:26:46 TRACE org.hibernate.orm.jdbc.bind - binding parameter (1:BIGINT) <- [3]
2026-08-26 17:26:46 DEBUG org.hibernate.SQL - select cd1_0.patient_id,cd1_0.id,cd1_0.component_name,cd1_0.component_value,cd1_0.measured_date_time from clinicaldata cd1_0 where cd1_0.patient_id=?
2026-08-26 17:26:46 TRACE org.hibernate.orm.jdbc.bind - binding parameter (1:BIGINT) <- [2]
2026-08-26 17:26:46 DEBUG org.hibernate.SQL - select cd1_0.patient_id,cd1_0.id,cd1_0.component_name,cd1_0.component_value,cd1_0.measured_date_time from clinicaldata cd1_0 where cd1_0.patient_id=?
2026-08-26 17:26:46 TRACE org.hibernate.orm.jdbc.bind - binding parameter (1:BIGINT) <- [1]
2026-08-26 17:26:46 INFO  c.v.c.p.r.PatientController - Fetching all patients
2026-08-26 17:26:46 DEBUG org.hibernate.SQL - select p1_0.id,p1_0.age,p1_0.first_name,p1_0.last_name from patient p1_0
2026-08-26 17:26:46 DEBUG org.hibernate.SQL - select cd1_0.patient_id,cd1_0.id,cd1_0.component_name,cd1_0.component_value,cd1_0.measured_date_time from clinicaldata cd1_0 where cd1_0.patient_id=?
2026-08-26 17:26:46 TRACE org.hibernate.orm.jdbc.bind - binding parameter (1:BIGINT) <- [18]
2026-08-26 17:26:46 DEBUG org.hibernate.SQL - select cd1_0.patient_id,cd1_0.id,cd1_0.component_name,cd1_0.component_value,cd1_0.measured_date_time from clinicaldata cd1_0 where cd1_0.patient_id=?
2026-08-26 17:26:46 TRACE org.hibernate.orm.jdbc.bind - binding parameter (1:BIGINT) <- [17]
2026-08-26 17:26:46 DEBUG org.hibernate.SQL - select cd1_0.patient_id,cd1_0.id,cd1_0.component_name,cd1_0.component_value,cd1_0.measured_date_time from clinicaldata cd1_0 where cd1_0.patient_id=?
2026-08-26 17:26:46 TRACE org.hibernate.orm.jdbc.bind - binding parameter (1:BIGINT) <- [16]
2026-08-26 17:26:46 DEBUG org.hibernate.SQL - select cd1_0.patient_id,cd1_0.id,cd1_0.component_name,cd1_0.component_value,cd1_0.measured_date_time from clinicaldata cd1_0 where cd1_0.patient_id=?
2026-08-26 17:26:46 TRACE org.hibernate.orm.jdbc.bind - binding parameter (1:BIGINT) <- [15]
2026-08-26 17:26:46 DEBUG org.hibernate.SQL - select cd1_0.patient_id,cd1_0.id,cd1_0.component_name,cd1_0.component_value,cd1_0.measured_date_time from clinicaldata cd1_0 where cd1_0.patient_id=?
2026-08-26 17:26:46 TRACE org.hibernate.orm.jdbc.bind - binding parameter (1:BIGINT) <- [14]
2026-08-26 17:26:46 DEBUG org.hibernate.SQL - select cd1_0.patient_id,cd1_0.id,cd1_0.component_name,cd1_0.component_value,cd1_0.measured_date_time from clinicaldata cd1_0 where cd1_0.patient_id=?
2026-08-26 17:26:46 TRACE org.hibernate.orm.jdbc.bind - binding parameter (1:BIGINT) <- [13]
2026-08-26 17:26:46 DEBUG org.hibernate.SQL - select cd1_0.patient_id,cd1_0.id,cd1_0.component_name,cd1_0.component_value,cd1_0.measured_date_time from clinicaldata cd1_0 where cd1_0.patient_id=?
2026-08-26 17:26:46 TRACE org.hibernate.orm.jdbc.bind - binding parameter (1:BIGINT) <- [12]
2026-08-26 17:26:46 DEBUG org.hibernate.SQL - select cd1_0.patient_id,cd1_0.id,cd1_0.component_name,cd1_0.component_value,cd1_0.measured_date_time from clinicaldata cd1_0 where cd1_0.patient_id=?
2026-08-26 17:26:46 TRACE org.hibernate.orm.jdbc.bind - binding parameter (1:BIGINT) <- [11]
2026-08-26 17:26:46 DEBUG org.hibernate.SQL - select cd1_0.patient_id,cd1_0.id,cd1_0.component_name,cd1_0.component_value,cd1_0.measured_date_time from clinicaldata cd1_0 where cd1_0.patient_id=?
2026-08-26 17:26:46 TRACE org.hibernate.orm.jdbc.bind - binding parameter (1:BIGINT) <- [10]
2026-08-26 17:26:46 DEBUG org.hibernate.SQL - select cd1_0.patient_id,cd1_0.id,cd1_0.component_name,cd1_0.component_value,cd1_0.measured_date_time from clinicaldata cd1_0 where cd1_0.patient_id=?
2026-08-26 17:26:46 TRACE org.hibernate.orm.jdbc.bind - binding parameter (1:BIGINT) <- [9]
2026-08-26 17:26:46 DEBUG org.hibernate.SQL - select cd1_0.patient_id,cd1_0.id,cd1_0.component_name,cd1_0.component_value,cd1_0.measured_date_time from clinicaldata cd1_0 where cd1_0.patient_id=?
2026-08-26 17:26:46 TRACE org.hibernate.orm.jdbc.bind - binding parameter (1:BIGINT) <- [8]
2026-08-26 17:26:46 DEBUG org.hibernate.SQL - select cd1_0.patient_id,cd1_0.id,cd1_0.component_name,cd1_0.component_value,cd1_0.measured_date_time from clinicaldata cd1_0 where cd1_0.patient_id=?
2026-08-26 17:26:46 TRACE org.hibernate.orm.jdbc.bind - binding parameter (1:BIGINT) <- [7]
2026-08-26 17:26:46 DEBUG org.hibernate.SQL - select cd1_0.patient_id,cd1_0.id,cd1_0.component_name,cd1_0.component_value,cd1_0.measured_date_time from clinicaldata cd1_0 where cd1_0.patient_id=?
2026-08-26 17:26:46 TRACE org.hibernate.orm.jdbc.bind - binding parameter (1:BIGINT) <- [6]
2026-08-26 17:26:46 DEBUG org.hibernate.SQL - select cd1_0.patient_id,cd1_0.id,cd1_0.component_name,cd1_0.component_value,cd1_0.measured_date_time from clinicaldata cd1_0 where cd1_0.patient_id=?
2026-08-26 17:26:46 TRACE org.hibernate.orm.jdbc.bind - binding parameter (1:BIGINT) <- [5]
2026-08-26 17:26:46 DEBUG org.hibernate.SQL - select cd1_0.patient_id,cd1_0.id,cd1_0.component_name,cd1_0.component_value,cd1_0.measured_date_time from clinicaldata cd1_0 where cd1_0.patient_id=?
2026-08-26 17:26:46 TRACE org.hibernate.orm.jdbc.bind - binding parameter (1:BIGINT) <- [4]
2026-08-26 17:26:46 DEBUG org.hibernate.SQL - select cd1_0.patient_id,cd1_0.id,cd1_0.component_name,cd1_0.component_value,cd1_0.measured_date_time from clinicaldata cd1_0 where cd1_0.patient_id=?
2026-08-26 17:26:46 TRACE org.hibernate.orm.jdbc.bind - binding parameter (1:BIGINT) <- [3]
2026-08-26 17:26:46 DEBUG org.hibernate.SQL - select cd1_0.patient_id,cd1_0.id,cd1_0.component_name,cd1_0.component_value,cd1_0.measured_date_time from clinicaldata cd1_0 where cd1_0.patient_id=?
2026-08-26 17:26:46 TRACE org.hibernate.orm.jdbc.bind - binding parameter (1:BIGINT) <- [2]
2026-08-26 17:26:46 DEBUG org.hibernate.SQL - select cd1_0.patient_id,cd1_0.id,cd1_0.component_name,cd1_0.component_value,cd1_0.measured_date_time from clinicaldata cd1_0 where cd1_0.patient_id=?
2026-08-26 17:26:46 TRACE org.hibernate.orm.jdbc.bind - binding parameter (1:BIGINT) <- [1]
2026-08-26 17:28:32 INFO  c.v.c.p.r.PatientController - Fetching all patients
2026-08-26 17:28:32 DEBUG org.hibernate.SQL - select p1_0.id,p1_0.age,p1_0.first_name,p1_0.last_name from patient p1_0
2026-08-26 17:28:32 DEBUG org.hibernate.SQL - select cd1_0.patient_id,cd1_0.id,cd1_0.component_name,cd1_0.component_value,cd1_0.measured_date_time from clinicaldata cd1_0 where cd1_0.patient_id=?
2026-08-26 17:28:32 TRACE org.hibernate.orm.jdbc.bind - binding parameter (1:BIGINT) <- [18]
2026-08-26 17:28:32 DEBUG org.hibernate.SQL - select cd1_0.patient_id,cd1_0.id,cd1_0.component_name,cd1_0.component_value,cd1_0.measured_date_time from clinicaldata cd1_0 where cd1_0.patient_id=?
2026-08-26 17:28:32 TRACE org.hibernate.orm.jdbc.bind - binding parameter (1:BIGINT) <- [17]
2026-08-26 17:28:32 DEBUG org.hibernate.SQL - select cd1_0.patient_id,cd1_0.id,cd1_0.component_name,cd1_0.component_value,cd1_0.measured_date_time from clinicaldata cd1_0 where cd1_0.patient_id=?
2026-08-26 17:28:32 TRACE org.hibernate.orm.jdbc.bind - binding parameter (1:BIGINT) <- [16]
2026-08-26 17:28:32 DEBUG org.hibernate.SQL - select cd1_0.patient_id,cd1_0.id,cd1_0.component_name,cd1_0.component_value,cd1_0.measured_date_time from clinicaldata cd1_0 where cd1_0.patient_id=?
2026-08-26 17:28:32 TRACE org.hibernate.orm.jdbc.bind - binding parameter (1:BIGINT) <- [15]
2026-08-26 17:28:32 DEBUG org.hibernate.SQL - select cd1_0.patient_id,cd1_0.id,cd1_0.component_name,cd1_0.component_value,cd1_0.measured_date_time from clinicaldata cd1_0 where cd1_0.patient_id=?
2026-08-26 17:28:32 TRACE org.hibernate.orm.jdbc.bind - binding parameter (1:BIGINT) <- [14]
2026-08-26 17:28:32 DEBUG org.hibernate.SQL - select cd1_0.patient_id,cd1_0.id,cd1_0.component_name,cd1_0.component_value,cd1_0.measured_date_time from clinicaldata cd1_0 where cd1_0.patient_id=?
2026-08-26 17:28:32 TRACE org.hibernate.orm.jdbc.bind - binding parameter (1:BIGINT) <- [13]
2026-08-26 17:28:32 DEBUG org.hibernate.SQL - select cd1_0.patient_id,cd1_0.id,cd1_0.component_name,cd1_0.component_value,cd1_0.measured_date_time from clinicaldata cd1_0 where cd1_0.patient_id=?
2026-08-26 17:28:32 TRACE org.hibernate.orm.jdbc.bind - binding parameter (1:BIGINT) <- [12]
2026-08-26 17:28:32 DEBUG org.hibernate.SQL - select cd1_0.patient_id,cd1_0.id,cd1_0.component_name,cd1_0.component_value,cd1_0.measured_date_time from clinicaldata cd1_0 where cd1_0.patient_id=?
2026-08-26 17:28:32 TRACE org.hibernate.orm.jdbc.bind - binding parameter (1:BIGINT) <- [11]
2026-08-26 17:28:32 DEBUG org.hibernate.SQL - select cd1_0.patient_id,cd1_0.id,cd1_0.component_name,cd1_0.component_value,cd1_0.measured_date_time from clinicaldata cd1_0 where cd1_0.patient_id=?
2026-08-26 17:28:32 TRACE org.hibernate.orm.jdbc.bind - binding parameter (1:BIGINT) <- [10]
2026-08-26 17:28:32 DEBUG org.hibernate.SQL - select cd1_0.patient_id,cd1_0.id,cd1_0.component_name,cd1_0.component_value,cd1_0.measured_date_time from clinicaldata cd1_0 where cd1_0.patient_id=?
2026-08-26 17:28:32 TRACE org.hibernate.orm.jdbc.bind - binding parameter (1:BIGINT) <- [9]
2026-08-26 17:28:32 DEBUG org.hibernate.SQL - select cd1_0.patient_id,cd1_0.id,cd1_0.component_name,cd1_0.component_value,cd1_0.measured_date_time from clinicaldata cd1_0 where cd1_0.patient_id=?
2026-08-26 17:28:32 TRACE org.hibernate.orm.jdbc.bind - binding parameter (1:BIGINT) <- [8]
2026-08-26 17:28:32 DEBUG org.hibernate.SQL - select cd1_0.patient_id,cd1_0.id,cd1_0.component_name,cd1_0.component_value,cd1_0.measured_date_time from clinicaldata cd1_0 where cd1_0.patient_id=?
2026-08-26 17:28:32 TRACE org.hibernate.orm.jdbc.bind - binding parameter (1:BIGINT) <- [7]
2026-08-26 17:28:32 DEBUG org.hibernate.SQL - select cd1_0.patient_id,cd1_0.id,cd1_0.component_name,cd1_0.component_value,cd1_0.measured_date_time from clinicaldata cd1_0 where cd1_0.patient_id=?
2026-08-26 17:28:32 TRACE org.hibernate.orm.jdbc.bind - binding parameter (1:BIGINT) <- [6]
2026-08-26 17:28:32 DEBUG org.hibernate.SQL - select cd1_0.patient_id,cd1_0.id,cd1_0.component_name,cd1_0.component_value,cd1_0.measured_date_time from clinicaldata cd1_0 where cd1_0.patient_id=?
2026-08-26 17:28:32 TRACE org.hibernate.orm.jdbc.bind - binding parameter (1:BIGINT) <- [5]
2026-08-26 17:28:32 DEBUG org.hibernate.SQL - select cd1_0.patient_id,cd1_0.id,cd1_0.component_name,cd1_0.component_value,cd1_0.measured_date_time from clinicaldata cd1_0 where cd1_0.patient_id=?
2026-08-26 17:28:32 TRACE org.hibernate.orm.jdbc.bind - binding parameter (1:BIGINT) <- [4]
2026-08-26 17:28:32 DEBUG org.hibernate.SQL - select cd1_0.patient_id,cd1_0.id,cd1_0.component_name,cd1_0.component_value,cd1_0.measured_date_time from clinicaldata cd1_0 where cd1_0.patient_id=?
2026-08-26 17:28:32 TRACE org.hibernate.orm.jdbc.bind - binding parameter (1:BIGINT) <- [3]
2026-08-26 17:28:32 DEBUG org.hibernate.SQL - select cd1_0.patient_id,cd1_0.id,cd1_0.component_name,cd1_0.component_value,cd1_0.measured_date_time from clinicaldata cd1_0 where cd1_0.patient_id=?
2026-08-26 17:28:32 TRACE org.hibernate.orm.jdbc.bind - binding parameter (1:BIGINT) <- [2]
2026-08-26 17:28:32 DEBUG org.hibernate.SQL - select cd1_0.patient_id,cd1_0.id,cd1_0.component_name,cd1_0.component_value,cd1_0.measured_date_time from clinicaldata cd1_0 where cd1_0.patient_id=?
2026-08-26 17:28:32 TRACE org.hibernate.orm.jdbc.bind - binding parameter (1:BIGINT) <- [1]
2026-08-26 17:28:32 INFO  c.v.c.p.r.PatientController - Fetching all patients
2026-08-26 17:28:32 DEBUG org.hibernate.SQL - select p1_0.id,p1_0.age,p1_0.first_name,p1_0.last_name from patient p1_0
2026-08-26 17:28:32 DEBUG org.hibernate.SQL - select cd1_0.patient_id,cd1_0.id,cd1_0.component_name,cd1_0.component_value,cd1_0.measured_date_time from clinicaldata cd1_0 where cd1_0.patient_id=?
2026-08-26 17:28:32 TRACE org.hibernate.orm.jdbc.bind - binding parameter (1:BIGINT) <- [18]
2026-08-26 17:28:32 DEBUG org.hibernate.SQL - select cd1_0.patient_id,cd1_0.id,cd1_0.component_name,cd1_0.component_value,cd1_0.measured_date_time from clinicaldata cd1_0 where cd1_0.patient_id=?
2026-08-26 17:28:32 TRACE org.hibernate.orm.jdbc.bind - binding parameter (1:BIGINT) <- [17]
2026-08-26 17:28:32 DEBUG org.hibernate.SQL - select cd1_0.patient_id,cd1_0.id,cd1_0.component_name,cd1_0.component_value,cd1_0.measured_date_time from clinicaldata cd1_0 where cd1_0.patient_id=?
2026-08-26 17:28:32 TRACE org.hibernate.orm.jdbc.bind - binding parameter (1:BIGINT) <- [16]
2026-08-26 17:28:32 DEBUG org.hibernate.SQL - select cd1_0.patient_id,cd1_0.id,cd1_0.component_name,cd1_0.component_value,cd1_0.measured_date_time from clinicaldata cd1_0 where cd1_0.patient_id=?
2026-08-26 17:28:32 TRACE org.hibernate.orm.jdbc.bind - binding parameter (1:BIGINT) <- [15]
2026-08-26 17:28:32 DEBUG org.hibernate.SQL - select cd1_0.patient_id,cd1_0.id,cd1_0.component_name,cd1_0.component_value,cd1_0.measured_date_time from clinicaldata cd1_0 where cd1_0.patient_id=?
2026-08-26 17:28:32 TRACE org.hibernate.orm.jdbc.bind - binding parameter (1:BIGINT) <- [14]
2026-08-26 17:28:32 DEBUG org.hibernate.SQL - select cd1_0.patient_id,cd1_0.id,cd1_0.component_name,cd1_0.component_value,cd1_0.measured_date_time from clinicaldata cd1_0 where cd1_0.patient_id=?
2026-08-26 17:28:32 TRACE org.hibernate.orm.jdbc.bind - binding parameter (1:BIGINT) <- [13]
2026-08-26 17:28:32 DEBUG org.hibernate.SQL - select cd1_0.patient_id,cd1_0.id,cd1_0.component_name,cd1_0.component_value,cd1_0.measured_date_time from clinicaldata cd1_0 where cd1_0.patient_id=?
2026-08-26 17:28:32 TRACE org.hibernate.orm.jdbc.bind - binding parameter (1:BIGINT) <- [12]
2026-08-26 17:28:32 DEBUG org.hibernate.SQL - select cd1_0.patient_id,cd1_0.id,cd1_0.component_name,cd1_0.component_value,cd1_0.measured_date_time from clinicaldata cd1_0 where cd1_0.patient_id=?
2026-08-26 17:28:32 TRACE org.hibernate.orm.jdbc.bind - binding parameter (1:BIGINT) <- [11]
2026-08-26 17:28:32 DEBUG org.hibernate.SQL - select cd1_0.patient_id,cd1_0.id,cd1_0.component_name,cd1_0.component_value,cd1_0.measured_date_time from clinicaldata cd1_0 where cd1_0.patient_id=?
2026-08-26 17:28:32 TRACE org.hibernate.orm.jdbc.bind - binding parameter (1:BIGINT) <- [10]
2026-08-26 17:28:32 DEBUG org.hibernate.SQL - select cd1_0.patient_id,cd1_0.id,cd1_0.component_name,cd1_0.component_value,cd1_0.measured_date_time from clinicaldata cd1_0 where cd1_0.patient_id=?
2026-08-26 17:28:32 TRACE org.hibernate.orm.jdbc.bind - binding parameter (1:BIGINT) <- [9]
2026-08-26 17:28:32 DEBUG org.hibernate.SQL - select cd1_0.patient_id,cd1_0.id,cd1_0.component_name,cd1_0.component_value,cd1_0.measured_date_time from clinicaldata cd1_0 where cd1_0.patient_id=?
2026-08-26 17:28:32 TRACE org.hibernate.orm.jdbc.bind - binding parameter (1:BIGINT) <- [8]
2026-08-26 17:28:32 DEBUG org.hibernate.SQL - select cd1_0.patient_id,cd1_0.id,cd1_0.component_name,cd1_0.component_value,cd1_0.measured_date_time from clinicaldata cd1_0 where cd1_0.patient_id=?
2026-08-26 17:28:32 TRACE org.hibernate.orm.jdbc.bind - binding parameter (1:BIGINT) <- [7]
2026-08-26 17:28:32 DEBUG org.hibernate.SQL - select cd1_0.patient_id,cd1_0.id,cd1_0.component_name,cd1_0.component_value,cd1_0.measured_date_time from clinicaldata cd1_0 where cd1_0.patient_id=?
2026-08-26 17:28:32 TRACE org.hibernate.orm.jdbc.bind - binding parameter (1:BIGINT) <- [6]
2026-08-26 17:28:32 DEBUG org.hibernate.SQL - select cd1_0.patient_id,cd1_0.id,cd1_0.component_name,cd1_0.component_value,cd1_0.measured_date_time from clinicaldata cd1_0 where cd1_0.patient_id=?
2026-08-26 17:28:32 TRACE org.hibernate.orm.jdbc.bind - binding parameter (1:BIGINT) <- [5]
2026-08-26 17:28:32 DEBUG org.hibernate.SQL - select cd1_0.patient_id,cd1_0.id,cd1_0.component_name,cd1_0.component_value,cd1_0.measured_date_time from clinicaldata cd1_0 where cd1_0.patient_id=?
2026-08-26 17:28:32 TRACE org.hibernate.orm.jdbc.bind - binding parameter (1:BIGINT) <- [4]
2026-08-26 17:28:32 DEBUG org.hibernate.SQL - select cd1_0.patient_id,cd1_0.id,cd1_0.component_name,cd1_0.component_value,cd1_0.measured_date_time from clinicaldata cd1_0 where cd1_0.patient_id=?
2026-08-26 17:28:32 TRACE org.hibernate.orm.jdbc.bind - binding parameter (1:BIGINT) <- [3]
2026-08-26 17:28:32 DEBUG org.hibernate.SQL - select cd1_0.patient_id,cd1_0.id,cd1_0.component_name,cd1_0.component_value,cd1_0.measured_date_time from clinicaldata cd1_0 where cd1_0.patient_id=?
2026-08-26 17:28:32 TRACE org.hibernate.orm.jdbc.bind - binding parameter (1:BIGINT) <- [2]
2026-08-26 17:28:32 DEBUG org.hibernate.SQL - select cd1_0.patient_id,cd1_0.id,cd1_0.component_name,cd1_0.component_value,cd1_0.measured_date_time from clinicaldata cd1_0 where cd1_0.patient_id=?
2026-08-26 17:28:32 TRACE org.hibernate.orm.jdbc.bind - binding parameter (1:BIGINT) <- [1]
2026-08-26 17:28:32 INFO  c.v.c.p.r.PatientController - Fetching all patients
2026-08-26 17:28:32 DEBUG org.hibernate.SQL - select p1_0.id,p1_0.age,p1_0.first_name,p1_0.last_name from patient p1_0
2026-08-26 17:28:32 DEBUG org.hibernate.SQL - select cd1_0.patient_id,cd1_0.id,cd1_0.component_name,cd1_0.component_value,cd1_0.measured_date_time from clinicaldata cd1_0 where cd1_0.patient_id=?
2026-08-26 17:28:32 TRACE org.hibernate.orm.jdbc.bind - binding parameter (1:BIGINT) <- [18]
2026-08-26 17:28:32 DEBUG org.hibernate.SQL - select cd1_0.patient_id,cd1_0.id,cd1_0.component_name,cd1_0.component_value,cd1_0.measured_date_time from clinicaldata cd1_0 where cd1_0.patient_id=?
2026-08-26 17:28:32 TRACE org.hibernate.orm.jdbc.bind - binding parameter (1:BIGINT) <- [17]
2026-08-26 17:28:32 DEBUG org.hibernate.SQL - select cd1_0.patient_id,cd1_0.id,cd1_0.component_name,cd1_0.component_value,cd1_0.measured_date_time from clinicaldata cd1_0 where cd1_0.patient_id=?
2026-08-26 17:28:32 TRACE org.hibernate.orm.jdbc.bind - binding parameter (1:BIGINT) <- [16]
2026-08-26 17:28:32 DEBUG org.hibernate.SQL - select cd1_0.patient_id,cd1_0.id,cd1_0.component_name,cd1_0.component_value,cd1_0.measured_date_time from clinicaldata cd1_0 where cd1_0.patient_id=?
2026-08-26 17:28:32 TRACE org.hibernate.orm.jdbc.bind - binding parameter (1:BIGINT) <- [15]
2026-08-26 17:28:32 DEBUG org.hibernate.SQL - select cd1_0.patient_id,cd1_0.id,cd1_0.component_name,cd1_0.component_value,cd1_0.measured_date_time from clinicaldata cd1_0 where cd1_0.patient_id=?
2026-08-26 17:28:32 TRACE org.hibernate.orm.jdbc.bind - binding parameter (1:BIGINT) <- [14]
2026-08-26 17:28:32 DEBUG org.hibernate.SQL - select cd1_0.patient_id,cd1_0.id,cd1_0.component_name,cd1_0.component_value,cd1_0.measured_date_time from clinicaldata cd1_0 where cd1_0.patient_id=?
2026-08-26 17:28:32 TRACE org.hibernate.orm.jdbc.bind - binding parameter (1:BIGINT) <- [13]
2026-08-26 17:28:32 DEBUG org.hibernate.SQL - select cd1_0.patient_id,cd1_0.id,cd1_0.component_name,cd1_0.component_value,cd1_0.measured_date_time from clinicaldata cd1_0 where cd1_0.patient_id=?
2026-08-26 17:28:32 TRACE org.hibernate.orm.jdbc.bind - binding parameter (1:BIGINT) <- [12]
2026-08-26 17:28:32 DEBUG org.hibernate.SQL - select cd1_0.patient_id,cd1_0.id,cd1_0.component_name,cd1_0.component_value,cd1_0.measured_date_time from clinicaldata cd1_0 where cd1_0.patient_id=?
2026-08-26 17:28:32 TRACE org.hibernate.orm.jdbc.bind - binding parameter (1:BIGINT) <- [11]
2026-08-26 17:28:32 DEBUG org.hibernate.SQL - select cd1_0.patient_id,cd1_0.id,cd1_0.component_name,cd1_0.component_value,cd1_0.measured_date_time from clinicaldata cd1_0 where cd1_0.patient_id=?
2026-08-26 17:28:32 TRACE org.hibernate.orm.jdbc.bind - binding parameter (1:BIGINT) <- [10]
2026-08-26 17:28:32 DEBUG org.hibernate.SQL - select cd1_0.patient_id,cd1_0.id,cd1_0.component_name,cd1_0.component_value,cd1_0.measured_date_time from clinicaldata cd1_0 where cd1_0.patient_id=?
2026-08-26 17:28:32 TRACE org.hibernate.orm.jdbc.bind - binding parameter (1:BIGINT) <- [9]
2026-08-26 17:28:32 DEBUG org.hibernate.SQL - select cd1_0.patient_id,cd1_0.id,cd1_0.component_name,cd1_0.component_value,cd1_0.measured_date_time from clinicaldata cd1_0 where cd1_0.patient_id=?
2026-08-26 17:28:32 TRACE org.hibernate.orm.jdbc.bind - binding parameter (1:BIGINT) <- [8]
2026-08-26 17:28:32 DEBUG org.hibernate.SQL - select cd1_0.patient_id,cd1_0.id,cd1_0.component_name,cd1_0.component_value,cd1_0.measured_date_time from clinicaldata cd1_0 where cd1_0.patient_id=?
2026-08-26 17:28:32 TRACE org.hibernate.orm.jdbc.bind - binding parameter (1:BIGINT) <- [7]
2026-08-26 17:28:32 DEBUG org.hibernate.SQL - select cd1_0.patient_id,cd1_0.id,cd1_0.component_name,cd1_0.component_value,cd1_0.measured_date_time from clinicaldata cd1_0 where cd1_0.patient_id=?
2026-08-26 17:28:32 TRACE org.hibernate.orm.jdbc.bind - binding parameter (1:BIGINT) <- [6]
2026-08-26 17:28:32 DEBUG org.hibernate.SQL - select cd1_0.patient_id,cd1_0.id,cd1_0.component_name,cd1_0.component_value,cd1_0.measured_date_time from clinicaldata cd1_0 where cd1_0.patient_id=?
2026-08-26 17:28:32 TRACE org.hibernate.orm.jdbc.bind - binding parameter (1:BIGINT) <- [5]
2026-08-26 17:28:32 DEBUG org.hibernate.SQL - select cd1_0.patient_id,cd1_0.id,cd1_0.component_name,cd1_0.component_value,cd1_0.measured_date_time from clinicaldata cd1_0 where cd1_0.patient_id=?
2026-08-26 17:28:32 TRACE org.hibernate.orm.jdbc.bind - binding parameter (1:BIGINT) <- [4]
2026-08-26 17:28:32 DEBUG org.hibernate.SQL - select cd1_0.patient_id,cd1_0.id,cd1_0.component_name,cd1_0.component_value,cd1_0.measured_date_time from clinicaldata cd1_0 where cd1_0.patient_id=?
2026-08-26 17:28:32 TRACE org.hibernate.orm.jdbc.bind - binding parameter (1:BIGINT) <- [3]
2026-08-26 17:28:32 DEBUG org.hibernate.SQL - select cd1_0.patient_id,cd1_0.id,cd1_0.component_name,cd1_0.component_value,cd1_0.measured_date_time from clinicaldata cd1_0 where cd1_0.patient_id=?
2026-08-26 17:28:32 TRACE org.hibernate.orm.jdbc.bind - binding parameter (1:BIGINT) <- [2]
2026-08-26 17:28:32 DEBUG org.hibernate.SQL - select cd1_0.patient_id,cd1_0.id,cd1_0.component_name,cd1_0.component_value,cd1_0.measured_date_time from clinicaldata cd1_0 where cd1_0.patient_id=?
2026-08-26 17:28:32 TRACE org.hibernate.orm.jdbc.bind - binding parameter (1:BIGINT) <- [1]
2026-08-26 17:28:32 INFO  c.v.c.p.r.PatientController - Fetching all patients
2026-08-26 17:28:32 DEBUG org.hibernate.SQL - select p1_0.id,p1_0.age,p1_0.first_name,p1_0.last_name from patient p1_0
2026-08-26 17:28:32 DEBUG org.hibernate.SQL - select cd1_0.patient_id,cd1_0.id,cd1_0.component_name,cd1_0.component_value,cd1_0.measured_date_time from clinicaldata cd1_0 where cd1_0.patient_id=?
2026-08-26 17:28:32 TRACE org.hibernate.orm.jdbc.bind - binding parameter (1:BIGINT) <- [18]
2026-08-26 17:28:32 DEBUG org.hibernate.SQL - select cd1_0.patient_id,cd1_0.id,cd1_0.component_name,cd1_0.component_value,cd1_0.measured_date_time from clinicaldata cd1_0 where cd1_0.patient_id=?
2026-08-26 17:28:32 TRACE org.hibernate.orm.jdbc.bind - binding parameter (1:BIGINT) <- [17]
2026-08-26 17:28:32 DEBUG org.hibernate.SQL - select cd1_0.patient_id,cd1_0.id,cd1_0.component_name,cd1_0.component_value,cd1_0.measured_date_time from clinicaldata cd1_0 where cd1_0.patient_id=?
2026-08-26 17:28:32 TRACE org.hibernate.orm.jdbc.bind - binding parameter (1:BIGINT) <- [16]
2026-08-26 17:28:32 DEBUG org.hibernate.SQL - select cd1_0.patient_id,cd1_0.id,cd1_0.component_name,cd1_0.component_value,cd1_0.measured_date_time from clinicaldata cd1_0 where cd1_0.patient_id=?
2026-08-26 17:28:32 TRACE org.hibernate.orm.jdbc.bind - binding parameter (1:BIGINT) <- [15]
2026-08-26 17:28:32 DEBUG org.hibernate.SQL - select cd1_0.patient_id,cd1_0.id,cd1_0.component_name,cd1_0.component_value,cd1_0.measured_date_time from clinicaldata cd1_0 where cd1_0.patient_id=?
2026-08-26 17:28:32 TRACE org.hibernate.orm.jdbc.bind - binding parameter (1:BIGINT) <- [14]
2026-08-26 17:28:32 DEBUG org.hibernate.SQL - select cd1_0.patient_id,cd1_0.id,cd1_0.component_name,cd1_0.component_value,cd1_0.measured_date_time from clinicaldata cd1_0 where cd1_0.patient_id=?
2026-08-26 17:28:32 TRACE org.hibernate.orm.jdbc.bind - binding parameter (1:BIGINT) <- [13]
2026-08-26 17:28:32 DEBUG org.hibernate.SQL - select cd1_0.patient_id,cd1_0.id,cd1_0.component_name,cd1_0.component_value,cd1_0.measured_date_time from clinicaldata cd1_0 where cd1_0.patient_id=?
2026-08-26 17:28:32 TRACE org.hibernate.orm.jdbc.bind - binding parameter (1:BIGINT) <- [12]
2026-08-26 17:28:32 DEBUG org.hibernate.SQL - select cd1_0.patient_id,cd1_0.id,cd1_0.component_name,cd1_0.component_value,cd1_0.measured_date_time from clinicaldata cd1_0 where cd1_0.patient_id=?
2026-08-26 17:28:32 TRACE org.hibernate.orm.jdbc.bind - binding parameter (1:BIGINT) <- [11]
2026-08-26 17:28:32 DEBUG org.hibernate.SQL - select cd1_0.patient_id,cd1_0.id,cd1_0.component_name,cd1_0.component_value,cd1_0.measured_date_time from clinicaldata cd1_0 where cd1_0.patient_id=?
2026-08-26 17:28:32 TRACE org.hibernate.orm.jdbc.bind - binding parameter (1:BIGINT) <- [10]
2026-08-26 17:28:32 DEBUG org.hibernate.SQL - select cd1_0.patient_id,cd1_0.id,cd1_0.component_name,cd1_0.component_value,cd1_0.measured_date_time from clinicaldata cd1_0 where cd1_0.patient_id=?
2026-08-26 17:28:33 TRACE org.hibernate.orm.jdbc.bind - binding parameter (1:BIGINT) <- [9]
2026-08-26 17:28:33 DEBUG org.hibernate.SQL - select cd1_0.patient_id,cd1_0.id,cd1_0.component_name,cd1_0.component_value,cd1_0.measured_date_time from clinicaldata cd1_0 where cd1_0.patient_id=?
2026-08-26 17:28:33 TRACE org.hibernate.orm.jdbc.bind - binding parameter (1:BIGINT) <- [8]
2026-08-26 17:28:33 DEBUG org.hibernate.SQL - select cd1_0.patient_id,cd1_0.id,cd1_0.component_name,cd1_0.component_value,cd1_0.measured_date_time from clinicaldata cd1_0 where cd1_0.patient_id=?
2026-08-26 17:28:33 TRACE org.hibernate.orm.jdbc.bind - binding parameter (1:BIGINT) <- [7]
2026-08-26 17:28:33 DEBUG org.hibernate.SQL - select cd1_0.patient_id,cd1_0.id,cd1_0.component_name,cd1_0.component_value,cd1_0.measured_date_time from clinicaldata cd1_0 where cd1_0.patient_id=?
2026-08-26 17:28:33 TRACE org.hibernate.orm.jdbc.bind - binding parameter (1:BIGINT) <- [6]
2026-08-26 17:28:33 DEBUG org.hibernate.SQL - select cd1_0.patient_id,cd1_0.id,cd1_0.component_name,cd1_0.component_value,cd1_0.measured_date_time from clinicaldata cd1_0 where cd1_0.patient_id=?
2026-08-26 17:28:33 TRACE org.hibernate.orm.jdbc.bind - binding parameter (1:BIGINT) <- [5]
2026-08-26 17:28:33 DEBUG org.hibernate.SQL - select cd1_0.patient_id,cd1_0.id,cd1_0.component_name,cd1_0.component_value,cd1_0.measured_date_time from clinicaldata cd1_0 where cd1_0.patient_id=?
2026-08-26 17:28:33 TRACE org.hibernate.orm.jdbc.bind - binding parameter (1:BIGINT) <- [4]
2026-08-26 17:28:33 DEBUG org.hibernate.SQL - select cd1_0.patient_id,cd1_0.id,cd1_0.component_name,cd1_0.component_value,cd1_0.measured_date_time from clinicaldata cd1_0 where cd1_0.patient_id=?
2026-08-26 17:28:33 TRACE org.hibernate.orm.jdbc.bind - binding parameter (1:BIGINT) <- [3]
2026-08-26 17:28:33 DEBUG org.hibernate.SQL - select cd1_0.patient_id,cd1_0.id,cd1_0.component_name,cd1_0.component_value,cd1_0.measured_date_time from clinicaldata cd1_0 where cd1_0.patient_id=?
2026-08-26 17:28:33 TRACE org.hibernate.orm.jdbc.bind - binding parameter (1:BIGINT) <- [2]
2026-08-26 17:28:33 DEBUG org.hibernate.SQL - select cd1_0.patient_id,cd1_0.id,cd1_0.component_name,cd1_0.component_value,cd1_0.measured_date_time from clinicaldata cd1_0 where cd1_0.patient_id=?
2026-08-26 17:28:33 TRACE org.hibernate.orm.jdbc.bind - binding parameter (1:BIGINT) <- [1]
2026-08-26 17:30:51 INFO  c.v.c.p.r.PatientController - Fetching all patients
2026-08-26 17:30:51 DEBUG org.hibernate.SQL - select p1_0.id,p1_0.age,p1_0.first_name,p1_0.last_name from patient p1_0
2026-08-26 17:30:51 DEBUG org.hibernate.SQL - select cd1_0.patient_id,cd1_0.id,cd1_0.component_name,cd1_0.component_value,cd1_0.measured_date_time from clinicaldata cd1_0 where cd1_0.patient_id=?
2026-08-26 17:30:51 TRACE org.hibernate.orm.jdbc.bind - binding parameter (1:BIGINT) <- [18]
2026-08-26 17:30:51 DEBUG org.hibernate.SQL - select cd1_0.patient_id,cd1_0.id,cd1_0.component_name,cd1_0.component_value,cd1_0.measured_date_time from clinicaldata cd1_0 where cd1_0.patient_id=?
2026-08-26 17:30:51 TRACE org.hibernate.orm.jdbc.bind - binding parameter (1:BIGINT) <- [17]
2026-08-26 17:30:51 DEBUG org.hibernate.SQL - select cd1_0.patient_id,cd1_0.id,cd1_0.component_name,cd1_0.component_value,cd1_0.measured_date_time from clinicaldata cd1_0 where cd1_0.patient_id=?
2026-08-26 17:30:51 TRACE org.hibernate.orm.jdbc.bind - binding parameter (1:BIGINT) <- [16]
2026-08-26 17:30:51 DEBUG org.hibernate.SQL - select cd1_0.patient_id,cd1_0.id,cd1_0.component_name,cd1_0.component_value,cd1_0.measured_date_time from clinicaldata cd1_0 where cd1_0.patient_id=?
2026-08-26 17:30:51 TRACE org.hibernate.orm.jdbc.bind - binding parameter (1:BIGINT) <- [15]
2026-08-26 17:30:51 DEBUG org.hibernate.SQL - select cd1_0.patient_id,cd1_0.id,cd1_0.component_name,cd1_0.component_value,cd1_0.measured_date_time from clinicaldata cd1_0 where cd1_0.patient_id=?
2026-08-26 17:30:51 TRACE org.hibernate.orm.jdbc.bind - binding parameter (1:BIGINT) <- [14]
2026-08-26 17:30:51 DEBUG org.hibernate.SQL - select cd1_0.patient_id,cd1_0.id,cd1_0.component_name,cd1_0.component_value,cd1_0.measured_date_time from clinicaldata cd1_0 where cd1_0.patient_id=?
2026-08-26 17:30:51 TRACE org.hibernate.orm.jdbc.bind - binding parameter (1:BIGINT) <- [13]
2026-08-26 17:30:51 DEBUG org.hibernate.SQL - select cd1_0.patient_id,cd1_0.id,cd1_0.component_name,cd1_0.component_value,cd1_0.measured_date_time from clinicaldata cd1_0 where cd1_0.patient_id=?
2026-08-26 17:30:51 TRACE org.hibernate.orm.jdbc.bind - binding parameter (1:BIGINT) <- [12]
2026-08-26 17:30:51 DEBUG org.hibernate.SQL - select cd1_0.patient_id,cd1_0.id,cd1_0.component_name,cd1_0.component_value,cd1_0.measured_date_time from clinicaldata cd1_0 where cd1_0.patient_id=?
2026-08-26 17:30:51 TRACE org.hibernate.orm.jdbc.bind - binding parameter (1:BIGINT) <- [11]
2026-08-26 17:30:51 DEBUG org.hibernate.SQL - select cd1_0.patient_id,cd1_0.id,cd1_0.component_name,cd1_0.component_value,cd1_0.measured_date_time from clinicaldata cd1_0 where cd1_0.patient_id=?
2026-08-26 17:30:51 TRACE org.hibernate.orm.jdbc.bind - binding parameter (1:BIGINT) <- [10]
2026-08-26 17:30:51 DEBUG org.hibernate.SQL - select cd1_0.patient_id,cd1_0.id,cd1_0.component_name,cd1_0.component_value,cd1_0.measured_date_time from clinicaldata cd1_0 where cd1_0.patient_id=?
2026-08-26 17:30:51 TRACE org.hibernate.orm.jdbc.bind - binding parameter (1:BIGINT) <- [9]
2026-08-26 17:30:51 DEBUG org.hibernate.SQL - select cd1_0.patient_id,cd1_0.id,cd1_0.component_name,cd1_0.component_value,cd1_0.measured_date_time from clinicaldata cd1_0 where cd1_0.patient_id=?
2026-08-26 17:30:51 TRACE org.hibernate.orm.jdbc.bind - binding parameter (1:BIGINT) <- [8]
2026-08-26 17:30:51 DEBUG org.hibernate.SQL - select cd1_0.patient_id,cd1_0.id,cd1_0.component_name,cd1_0.component_value,cd1_0.measured_date_time from clinicaldata cd1_0 where cd1_0.patient_id=?
2026-08-26 17:30:51 TRACE org.hibernate.orm.jdbc.bind - binding parameter (1:BIGINT) <- [7]
2026-08-26 17:30:51 DEBUG org.hibernate.SQL - select cd1_0.patient_id,cd1_0.id,cd1_0.component_name,cd1_0.component_value,cd1_0.measured_date_time from clinicaldata cd1_0 where cd1_0.patient_id=?
2026-08-26 17:30:51 TRACE org.hibernate.orm.jdbc.bind - binding parameter (1:BIGINT) <- [6]
2026-08-26 17:30:51 DEBUG org.hibernate.SQL - select cd1_0.patient_id,cd1_0.id,cd1_0.component_name,cd1_0.component_value,cd1_0.measured_date_time from clinicaldata cd1_0 where cd1_0.patient_id=?
2026-08-26 17:30:51 TRACE org.hibernate.orm.jdbc.bind - binding parameter (1:BIGINT) <- [5]
2026-08-26 17:30:51 DEBUG org.hibernate.SQL - select cd1_0.patient_id,cd1_0.id,cd1_0.component_name,cd1_0.component_value,cd1_0.measured_date_time from clinicaldata cd1_0 where cd1_0.patient_id=?
2026-08-26 17:30:51 TRACE org.hibernate.orm.jdbc.bind - binding parameter (1:BIGINT) <- [4]
2026-08-26 17:30:51 DEBUG org.hibernate.SQL - select cd1_0.patient_id,cd1_0.id,cd1_0.component_name,cd1_0.component_value,cd1_0.measured_date_time from clinicaldata cd1_0 where cd1_0.patient_id=?
2026-08-26 17:30:51 TRACE org.hibernate.orm.jdbc.bind - binding parameter (1:BIGINT) <- [3]
2026-08-26 17:30:51 DEBUG org.hibernate.SQL - select cd1_0.patient_id,cd1_0.id,cd1_0.component_name,cd1_0.component_value,cd1_0.measured_date_time from clinicaldata cd1_0 where cd1_0.patient_id=?
2026-08-26 17:30:51 TRACE org.hibernate.orm.jdbc.bind - binding parameter (1:BIGINT) <- [2]
2026-08-26 17:30:51 DEBUG org.hibernate.SQL - select cd1_0.patient_id,cd1_0.id,cd1_0.component_name,cd1_0.component_value,cd1_0.measured_date_time from clinicaldata cd1_0 where cd1_0.patient_id=?
2026-08-26 17:30:51 TRACE org.hibernate.orm.jdbc.bind - binding parameter (1:BIGINT) <- [1]
2026-08-26 17:30:51 INFO  c.v.c.p.r.PatientController - Fetching all patients
2026-08-26 17:30:51 DEBUG org.hibernate.SQL - select p1_0.id,p1_0.age,p1_0.first_name,p1_0.last_name from patient p1_0
2026-08-26 17:30:51 DEBUG org.hibernate.SQL - select cd1_0.patient_id,cd1_0.id,cd1_0.component_name,cd1_0.component_value,cd1_0.measured_date_time from clinicaldata cd1_0 where cd1_0.patient_id=?
2026-08-26 17:30:51 TRACE org.hibernate.orm.jdbc.bind - binding parameter (1:BIGINT) <- [18]
2026-08-26 17:30:51 DEBUG org.hibernate.SQL - select cd1_0.patient_id,cd1_0.id,cd1_0.component_name,cd1_0.component_value,cd1_0.measured_date_time from clinicaldata cd1_0 where cd1_0.patient_id=?
2026-08-26 17:30:51 TRACE org.hibernate.orm.jdbc.bind - binding parameter (1:BIGINT) <- [17]
2026-08-26 17:30:51 DEBUG org.hibernate.SQL - select cd1_0.patient_id,cd1_0.id,cd1_0.component_name,cd1_0.component_value,cd1_0.measured_date_time from clinicaldata cd1_0 where cd1_0.patient_id=?
2026-08-26 17:30:51 TRACE org.hibernate.orm.jdbc.bind - binding parameter (1:BIGINT) <- [16]
2026-08-26 17:30:51 DEBUG org.hibernate.SQL - select cd1_0.patient_id,cd1_0.id,cd1_0.component_name,cd1_0.component_value,cd1_0.measured_date_time from clinicaldata cd1_0 where cd1_0.patient_id=?
2026-08-26 17:30:51 TRACE org.hibernate.orm.jdbc.bind - binding parameter (1:BIGINT) <- [15]
2026-08-26 17:30:51 DEBUG org.hibernate.SQL - select cd1_0.patient_id,cd1_0.id,cd1_0.component_name,cd1_0.component_value,cd1_0.measured_date_time from clinicaldata cd1_0 where cd1_0.patient_id=?
2026-08-26 17:30:51 TRACE org.hibernate.orm.jdbc.bind - binding parameter (1:BIGINT) <- [14]
2026-08-26 17:30:51 DEBUG org.hibernate.SQL - select cd1_0.patient_id,cd1_0.id,cd1_0.component_name,cd1_0.component_value,cd1_0.measured_date_time from clinicaldata cd1_0 where cd1_0.patient_id=?
2026-08-26 17:30:51 TRACE org.hibernate.orm.jdbc.bind - binding parameter (1:BIGINT) <- [13]
2026-08-26 17:30:51 DEBUG org.hibernate.SQL - select cd1_0.patient_id,cd1_0.id,cd1_0.component_name,cd1_0.component_value,cd1_0.measured_date_time from clinicaldata cd1_0 where cd1_0.patient_id=?
2026-08-26 17:30:51 TRACE org.hibernate.orm.jdbc.bind - binding parameter (1:BIGINT) <- [12]
2026-08-26 17:30:51 DEBUG org.hibernate.SQL - select cd1_0.patient_id,cd1_0.id,cd1_0.component_name,cd1_0.component_value,cd1_0.measured_date_time from clinicaldata cd1_0 where cd1_0.patient_id=?
2026-08-26 17:30:51 TRACE org.hibernate.orm.jdbc.bind - binding parameter (1:BIGINT) <- [11]
2026-08-26 17:30:51 DEBUG org.hibernate.SQL - select cd1_0.patient_id,cd1_0.id,cd1_0.component_name,cd1_0.component_value,cd1_0.measured_date_time from clinicaldata cd1_0 where cd1_0.patient_id=?
2026-08-26 17:30:51 TRACE org.hibernate.orm.jdbc.bind - binding parameter (1:BIGINT) <- [10]
2026-08-26 17:30:51 DEBUG org.hibernate.SQL - select cd1_0.patient_id,cd1_0.id,cd1_0.component_name,cd1_0.component_value,cd1_0.measured_date_time from clinicaldata cd1_0 where cd1_0.patient_id=?
2026-08-26 17:30:51 TRACE org.hibernate.orm.jdbc.bind - binding parameter (1:BIGINT) <- [9]
2026-08-26 17:30:51 DEBUG org.hibernate.SQL - select cd1_0.patient_id,cd1_0.id,cd1_0.component_name,cd1_0.component_value,cd1_0.measured_date_time from clinicaldata cd1_0 where cd1_0.patient_id=?
2026-08-26 17:30:51 TRACE org.hibernate.orm.jdbc.bind - binding parameter (1:BIGINT) <- [8]
2026-08-26 17:30:51 DEBUG org.hibernate.SQL - select cd1_0.patient_id,cd1_0.id,cd1_0.component_name,cd1_0.component_value,cd1_0.measured_date_time from clinicaldata cd1_0 where cd1_0.patient_id=?
2026-08-26 17:30:51 TRACE org.hibernate.orm.jdbc.bind - binding parameter (1:BIGINT) <- [7]
2026-08-26 17:30:51 DEBUG org.hibernate.SQL - select cd1_0.patient_id,cd1_0.id,cd1_0.component_name,cd1_0.component_value,cd1_0.measured_date_time from clinicaldata cd1_0 where cd1_0.patient_id=?
2026-08-26 17:30:51 TRACE org.hibernate.orm.jdbc.bind - binding parameter (1:BIGINT) <- [6]
2026-08-26 17:30:51 DEBUG org.hibernate.SQL - select cd1_0.patient_id,cd1_0.id,cd1_0.component_name,cd1_0.component_value,cd1_0.measured_date_time from clinicaldata cd1_0 where cd1_0.patient_id=?
2026-08-26 17:30:51 TRACE org.hibernate.orm.jdbc.bind - binding parameter (1:BIGINT) <- [5]
2026-08-26 17:30:51 DEBUG org.hibernate.SQL - select cd1_0.patient_id,cd1_0.id,cd1_0.component_name,cd1_0.component_value,cd1_0.measured_date_time from clinicaldata cd1_0 where cd1_0.patient_id=?
2026-08-26 17:30:51 TRACE org.hibernate.orm.jdbc.bind - binding parameter (1:BIGINT) <- [4]
2026-08-26 17:30:51 DEBUG org.hibernate.SQL - select cd1_0.patient_id,cd1_0.id,cd1_0.component_name,cd1_0.component_value,cd1_0.measured_date_time from clinicaldata cd1_0 where cd1_0.patient_id=?
2026-08-26 17:30:51 TRACE org.hibernate.orm.jdbc.bind - binding parameter (1:BIGINT) <- [3]
2026-08-26 17:30:51 DEBUG org.hibernate.SQL - select cd1_0.patient_id,cd1_0.id,cd1_0.component_name,cd1_0.component_value,cd1_0.measured_date_time from clinicaldata cd1_0 where cd1_0.patient_id=?
2026-08-26 17:30:51 TRACE org.hibernate.orm.jdbc.bind - binding parameter (1:BIGINT) <- [2]
2026-08-26 17:30:51 DEBUG org.hibernate.SQL - select cd1_0.patient_id,cd1_0.id,cd1_0.component_name,cd1_0.component_value,cd1_0.measured_date_time from clinicaldata cd1_0 where cd1_0.patient_id=?
2026-08-26 17:30:51 TRACE org.hibernate.orm.jdbc.bind - binding parameter (1:BIGINT) <- [1]
2026-08-26 17:33:04 INFO  c.v.c.p.r.PatientController - Fetching all patients
2026-08-26 17:33:04 DEBUG org.hibernate.SQL - select p1_0.id,p1_0.age,p1_0.first_name,p1_0.last_name from patient p1_0
2026-08-26 17:33:04 DEBUG org.hibernate.SQL - select cd1_0.patient_id,cd1_0.id,cd1_0.component_name,cd1_0.component_value,cd1_0.measured_date_time from clinicaldata cd1_0 where cd1_0.patient_id=?
2026-08-26 17:33:04 TRACE org.hibernate.orm.jdbc.bind - binding parameter (1:BIGINT) <- [18]
2026-08-26 17:33:04 DEBUG org.hibernate.SQL - select cd1_0.patient_id,cd1_0.id,cd1_0.component_name,cd1_0.component_value,cd1_0.measured_date_time from clinicaldata cd1_0 where cd1_0.patient_id=?
2026-08-26 17:33:04 TRACE org.hibernate.orm.jdbc.bind - binding parameter (1:BIGINT) <- [17]
2026-08-26 17:33:04 DEBUG org.hibernate.SQL - select cd1_0.patient_id,cd1_0.id,cd1_0.component_name,cd1_0.component_value,cd1_0.measured_date_time from clinicaldata cd1_0 where cd1_0.patient_id=?
2026-08-26 17:33:04 TRACE org.hibernate.orm.jdbc.bind - binding parameter (1:BIGINT) <- [16]
2026-08-26 17:33:04 DEBUG org.hibernate.SQL - select cd1_0.patient_id,cd1_0.id,cd1_0.component_name,cd1_0.component_value,cd1_0.measured_date_time from clinicaldata cd1_0 where cd1_0.patient_id=?
2026-08-26 17:33:04 TRACE org.hibernate.orm.jdbc.bind - binding parameter (1:BIGINT) <- [15]
2026-08-26 17:33:04 DEBUG org.hibernate.SQL - select cd1_0.patient_id,cd1_0.id,cd1_0.component_name,cd1_0.component_value,cd1_0.measured_date_time from clinicaldata cd1_0 where cd1_0.patient_id=?
2026-08-26 17:33:04 TRACE org.hibernate.orm.jdbc.bind - binding parameter (1:BIGINT) <- [14]
2026-08-26 17:33:04 DEBUG org.hibernate.SQL - select cd1_0.patient_id,cd1_0.id,cd1_0.component_name,cd1_0.component_value,cd1_0.measured_date_time from clinicaldata cd1_0 where cd1_0.patient_id=?
2026-08-26 17:33:04 TRACE org.hibernate.orm.jdbc.bind - binding parameter (1:BIGINT) <- [13]
2026-08-26 17:33:04 DEBUG org.hibernate.SQL - select cd1_0.patient_id,cd1_0.id,cd1_0.component_name,cd1_0.component_value,cd1_0.measured_date_time from clinicaldata cd1_0 where cd1_0.patient_id=?
2026-08-26 17:33:04 TRACE org.hibernate.orm.jdbc.bind - binding parameter (1:BIGINT) <- [12]
2026-08-26 17:33:04 DEBUG org.hibernate.SQL - select cd1_0.patient_id,cd1_0.id,cd1_0.component_name,cd1_0.component_value,cd1_0.measured_date_time from clinicaldata cd1_0 where cd1_0.patient_id=?
2026-08-26 17:33:04 TRACE org.hibernate.orm.jdbc.bind - binding parameter (1:BIGINT) <- [11]
2026-08-26 17:33:04 DEBUG org.hibernate.SQL - select cd1_0.patient_id,cd1_0.id,cd1_0.component_name,cd1_0.component_value,cd1_0.measured_date_time from clinicaldata cd1_0 where cd1_0.patient_id=?
2026-08-26 17:33:04 TRACE org.hibernate.orm.jdbc.bind - binding parameter (1:BIGINT) <- [10]
2026-08-26 17:33:04 DEBUG org.hibernate.SQL - select cd1_0.patient_id,cd1_0.id,cd1_0.component_name,cd1_0.component_value,cd1_0.measured_date_time from clinicaldata cd1_0 where cd1_0.patient_id=?
2026-08-26 17:33:04 TRACE org.hibernate.orm.jdbc.bind - binding parameter (1:BIGINT) <- [9]
2026-08-26 17:33:04 DEBUG org.hibernate.SQL - select cd1_0.patient_id,cd1_0.id,cd1_0.component_name,cd1_0.component_value,cd1_0.measured_date_time from clinicaldata cd1_0 where cd1_0.patient_id=?
2026-08-26 17:33:04 TRACE org.hibernate.orm.jdbc.bind - binding parameter (1:BIGINT) <- [8]
2026-08-26 17:33:04 DEBUG org.hibernate.SQL - select cd1_0.patient_id,cd1_0.id,cd1_0.component_name,cd1_0.component_value,cd1_0.measured_date_time from clinicaldata cd1_0 where cd1_0.patient_id=?
2026-08-26 17:33:04 TRACE org.hibernate.orm.jdbc.bind - binding parameter (1:BIGINT) <- [7]
2026-08-26 17:33:04 DEBUG org.hibernate.SQL - select cd1_0.patient_id,cd1_0.id,cd1_0.component_name,cd1_0.component_value,cd1_0.measured_date_time from clinicaldata cd1_0 where cd1_0.patient_id=?
2026-08-26 17:33:04 TRACE org.hibernate.orm.jdbc.bind - binding parameter (1:BIGINT) <- [6]
2026-08-26 17:33:04 DEBUG org.hibernate.SQL - select cd1_0.patient_id,cd1_0.id,cd1_0.component_name,cd1_0.component_value,cd1_0.measured_date_time from clinicaldata cd1_0 where cd1_0.patient_id=?
2026-08-26 17:33:04 TRACE org.hibernate.orm.jdbc.bind - binding parameter (1:BIGINT) <- [5]
2026-08-26 17:33:04 DEBUG org.hibernate.SQL - select cd1_0.patient_id,cd1_0.id,cd1_0.component_name,cd1_0.component_value,cd1_0.measured_date_time from clinicaldata cd1_0 where cd1_0.patient_id=?
2026-08-26 17:33:04 TRACE org.hibernate.orm.jdbc.bind - binding parameter (1:BIGINT) <- [4]
2026-08-26 17:33:04 DEBUG org.hibernate.SQL - select cd1_0.patient_id,cd1_0.id,cd1_0.component_name,cd1_0.component_value,cd1_0.measured_date_time from clinicaldata cd1_0 where cd1_0.patient_id=?
2026-08-26 17:33:04 TRACE org.hibernate.orm.jdbc.bind - binding parameter (1:BIGINT) <- [3]
2026-08-26 17:33:04 DEBUG org.hibernate.SQL - select cd1_0.patient_id,cd1_0.id,cd1_0.component_name,cd1_0.component_value,cd1_0.measured_date_time from clinicaldata cd1_0 where cd1_0.patient_id=?
2026-08-26 17:33:04 TRACE org.hibernate.orm.jdbc.bind - binding parameter (1:BIGINT) <- [2]
2026-08-26 17:33:04 DEBUG org.hibernate.SQL - select cd1_0.patient_id,cd1_0.id,cd1_0.component_name,cd1_0.component_value,cd1_0.measured_date_time from clinicaldata cd1_0 where cd1_0.patient_id=?
2026-08-26 17:33:04 TRACE org.hibernate.orm.jdbc.bind - binding parameter (1:BIGINT) <- [1]
2026-08-26 17:33:04 INFO  c.v.c.p.r.PatientController - Fetching all patients
2026-08-26 17:33:04 DEBUG org.hibernate.SQL - select p1_0.id,p1_0.age,p1_0.first_name,p1_0.last_name from patient p1_0
2026-08-26 17:33:04 DEBUG org.hibernate.SQL - select cd1_0.patient_id,cd1_0.id,cd1_0.component_name,cd1_0.component_value,cd1_0.measured_date_time from clinicaldata cd1_0 where cd1_0.patient_id=?
2026-08-26 17:33:04 TRACE org.hibernate.orm.jdbc.bind - binding parameter (1:BIGINT) <- [18]
2026-08-26 17:33:04 DEBUG org.hibernate.SQL - select cd1_0.patient_id,cd1_0.id,cd1_0.component_name,cd1_0.component_value,cd1_0.measured_date_time from clinicaldata cd1_0 where cd1_0.patient_id=?
2026-08-26 17:33:04 TRACE org.hibernate.orm.jdbc.bind - binding parameter (1:BIGINT) <- [17]
2026-08-26 17:33:04 DEBUG org.hibernate.SQL - select cd1_0.patient_id,cd1_0.id,cd1_0.component_name,cd1_0.component_value,cd1_0.measured_date_time from clinicaldata cd1_0 where cd1_0.patient_id=?
2026-08-26 17:33:04 TRACE org.hibernate.orm.jdbc.bind - binding parameter (1:BIGINT) <- [16]
2026-08-26 17:33:04 DEBUG org.hibernate.SQL - select cd1_0.patient_id,cd1_0.id,cd1_0.component_name,cd1_0.component_value,cd1_0.measured_date_time from clinicaldata cd1_0 where cd1_0.patient_id=?
2026-08-26 17:33:04 TRACE org.hibernate.orm.jdbc.bind - binding parameter (1:BIGINT) <- [15]
2026-08-26 17:33:04 DEBUG org.hibernate.SQL - select cd1_0.patient_id,cd1_0.id,cd1_0.component_name,cd1_0.component_value,cd1_0.measured_date_time from clinicaldata cd1_0 where cd1_0.patient_id=?
2026-08-26 17:33:04 TRACE org.hibernate.orm.jdbc.bind - binding parameter (1:BIGINT) <- [14]
2026-08-26 17:33:04 DEBUG org.hibernate.SQL - select cd1_0.patient_id,cd1_0.id,cd1_0.component_name,cd1_0.component_value,cd1_0.measured_date_time from clinicaldata cd1_0 where cd1_0.patient_id=?
2026-08-26 17:33:04 TRACE org.hibernate.orm.jdbc.bind - binding parameter (1:BIGINT) <- [13]
2026-08-26 17:33:04 DEBUG org.hibernate.SQL - select cd1_0.patient_id,cd1_0.id,cd1_0.component_name,cd1_0.component_value,cd1_0.measured_date_time from clinicaldata cd1_0 where cd1_0.patient_id=?
2026-08-26 17:33:04 TRACE org.hibernate.orm.jdbc.bind - binding parameter (1:BIGINT) <- [12]
2026-08-26 17:33:04 DEBUG org.hibernate.SQL - select cd1_0.patient_id,cd1_0.id,cd1_0.component_name,cd1_0.component_value,cd1_0.measured_date_time from clinicaldata cd1_0 where cd1_0.patient_id=?
2026-08-26 17:33:04 TRACE org.hibernate.orm.jdbc.bind - binding parameter (1:BIGINT) <- [11]
2026-08-26 17:33:04 DEBUG org.hibernate.SQL - select cd1_0.patient_id,cd1_0.id,cd1_0.component_name,cd1_0.component_value,cd1_0.measured_date_time from clinicaldata cd1_0 where cd1_0.patient_id=?
2026-08-26 17:33:04 TRACE org.hibernate.orm.jdbc.bind - binding parameter (1:BIGINT) <- [10]
2026-08-26 17:33:04 DEBUG org.hibernate.SQL - select cd1_0.patient_id,cd1_0.id,cd1_0.component_name,cd1_0.component_value,cd1_0.measured_date_time from clinicaldata cd1_0 where cd1_0.patient_id=?
2026-08-26 17:33:04 TRACE org.hibernate.orm.jdbc.bind - binding parameter (1:BIGINT) <- [9]
2026-08-26 17:33:04 DEBUG org.hibernate.SQL - select cd1_0.patient_id,cd1_0.id,cd1_0.component_name,cd1_0.component_value,cd1_0.measured_date_time from clinicaldata cd1_0 where cd1_0.patient_id=?
2026-08-26 17:33:04 TRACE org.hibernate.orm.jdbc.bind - binding parameter (1:BIGINT) <- [8]
2026-08-26 17:33:04 DEBUG org.hibernate.SQL - select cd1_0.patient_id,cd1_0.id,cd1_0.component_name,cd1_0.component_value,cd1_0.measured_date_time from clinicaldata cd1_0 where cd1_0.patient_id=?
2026-08-26 17:33:04 TRACE org.hibernate.orm.jdbc.bind - binding parameter (1:BIGINT) <- [7]
2026-08-26 17:33:04 DEBUG org.hibernate.SQL - select cd1_0.patient_id,cd1_0.id,cd1_0.component_name,cd1_0.component_value,cd1_0.measured_date_time from clinicaldata cd1_0 where cd1_0.patient_id=?
2026-08-26 17:33:04 TRACE org.hibernate.orm.jdbc.bind - binding parameter (1:BIGINT) <- [6]
2026-08-26 17:33:04 DEBUG org.hibernate.SQL - select cd1_0.patient_id,cd1_0.id,cd1_0.component_name,cd1_0.component_value,cd1_0.measured_date_time from clinicaldata cd1_0 where cd1_0.patient_id=?
2026-08-26 17:33:04 TRACE org.hibernate.orm.jdbc.bind - binding parameter (1:BIGINT) <- [5]
2026-08-26 17:33:04 DEBUG org.hibernate.SQL - select cd1_0.patient_id,cd1_0.id,cd1_0.component_name,cd1_0.component_value,cd1_0.measured_date_time from clinicaldata cd1_0 where cd1_0.patient_id=?
2026-08-26 17:33:04 TRACE org.hibernate.orm.jdbc.bind - binding parameter (1:BIGINT) <- [4]
2026-08-26 17:33:04 DEBUG org.hibernate.SQL - select cd1_0.patient_id,cd1_0.id,cd1_0.component_name,cd1_0.component_value,cd1_0.measured_date_time from clinicaldata cd1_0 where cd1_0.patient_id=?
2026-08-26 17:33:04 TRACE org.hibernate.orm.jdbc.bind - binding parameter (1:BIGINT) <- [3]
2026-08-26 17:33:04 DEBUG org.hibernate.SQL - select cd1_0.patient_id,cd1_0.id,cd1_0.component_name,cd1_0.component_value,cd1_0.measured_date_time from clinicaldata cd1_0 where cd1_0.patient_id=?
2026-08-26 17:33:04 TRACE org.hibernate.orm.jdbc.bind - binding parameter (1:BIGINT) <- [2]
2026-08-26 17:33:04 DEBUG org.hibernate.SQL - select cd1_0.patient_id,cd1_0.id,cd1_0.component_name,cd1_0.component_value,cd1_0.measured_date_time from clinicaldata cd1_0 where cd1_0.patient_id=?
2026-08-26 17:33:04 TRACE org.hibernate.orm.jdbc.bind - binding parameter (1:BIGINT) <- [1]
2026-08-26 17:33:06 INFO  c.v.c.p.r.PatientController - Fetching all patients
2026-08-26 17:33:06 DEBUG org.hibernate.SQL - select p1_0.id,p1_0.age,p1_0.first_name,p1_0.last_name from patient p1_0
2026-08-26 17:33:06 DEBUG org.hibernate.SQL - select cd1_0.patient_id,cd1_0.id,cd1_0.component_name,cd1_0.component_value,cd1_0.measured_date_time from clinicaldata cd1_0 where cd1_0.patient_id=?
2026-08-26 17:33:06 TRACE org.hibernate.orm.jdbc.bind - binding parameter (1:BIGINT) <- [18]
2026-08-26 17:33:06 DEBUG org.hibernate.SQL - select cd1_0.patient_id,cd1_0.id,cd1_0.component_name,cd1_0.component_value,cd1_0.measured_date_time from clinicaldata cd1_0 where cd1_0.patient_id=?
2026-08-26 17:33:06 TRACE org.hibernate.orm.jdbc.bind - binding parameter (1:BIGINT) <- [17]
2026-08-26 17:33:06 DEBUG org.hibernate.SQL - select cd1_0.patient_id,cd1_0.id,cd1_0.component_name,cd1_0.component_value,cd1_0.measured_date_time from clinicaldata cd1_0 where cd1_0.patient_id=?
2026-08-26 17:33:06 TRACE org.hibernate.orm.jdbc.bind - binding parameter (1:BIGINT) <- [16]
2026-08-26 17:33:06 DEBUG org.hibernate.SQL - select cd1_0.patient_id,cd1_0.id,cd1_0.component_name,cd1_0.component_value,cd1_0.measured_date_time from clinicaldata cd1_0 where cd1_0.patient_id=?
2026-08-26 17:33:06 TRACE org.hibernate.orm.jdbc.bind - binding parameter (1:BIGINT) <- [15]
2026-08-26 17:33:06 DEBUG org.hibernate.SQL - select cd1_0.patient_id,cd1_0.id,cd1_0.component_name,cd1_0.component_value,cd1_0.measured_date_time from clinicaldata cd1_0 where cd1_0.patient_id=?
2026-08-26 17:33:06 TRACE org.hibernate.orm.jdbc.bind - binding parameter (1:BIGINT) <- [14]
2026-08-26 17:33:06 DEBUG org.hibernate.SQL - select cd1_0.patient_id,cd1_0.id,cd1_0.component_name,cd1_0.component_value,cd1_0.measured_date_time from clinicaldata cd1_0 where cd1_0.patient_id=?
2026-08-26 17:33:06 TRACE org.hibernate.orm.jdbc.bind - binding parameter (1:BIGINT) <- [13]
2026-08-26 17:33:06 DEBUG org.hibernate.SQL - select cd1_0.patient_id,cd1_0.id,cd1_0.component_name,cd1_0.component_value,cd1_0.measured_date_time from clinicaldata cd1_0 where cd1_0.patient_id=?
2026-08-26 17:33:06 TRACE org.hibernate.orm.jdbc.bind - binding parameter (1:BIGINT) <- [12]
2026-08-26 17:33:06 DEBUG org.hibernate.SQL - select cd1_0.patient_id,cd1_0.id,cd1_0.component_name,cd1_0.component_value,cd1_0.measured_date_time from clinicaldata cd1_0 where cd1_0.patient_id=?
2026-08-26 17:33:06 TRACE org.hibernate.orm.jdbc.bind - binding parameter (1:BIGINT) <- [11]
2026-08-26 17:33:06 DEBUG org.hibernate.SQL - select cd1_0.patient_id,cd1_0.id,cd1_0.component_name,cd1_0.component_value,cd1_0.measured_date_time from clinicaldata cd1_0 where cd1_0.patient_id=?
2026-08-26 17:33:06 TRACE org.hibernate.orm.jdbc.bind - binding parameter (1:BIGINT) <- [10]
2026-08-26 17:33:06 DEBUG org.hibernate.SQL - select cd1_0.patient_id,cd1_0.id,cd1_0.component_name,cd1_0.component_value,cd1_0.measured_date_time from clinicaldata cd1_0 where cd1_0.patient_id=?
2026-08-26 17:33:06 TRACE org.hibernate.orm.jdbc.bind - binding parameter (1:BIGINT) <- [9]
2026-08-26 17:33:06 DEBUG org.hibernate.SQL - select cd1_0.patient_id,cd1_0.id,cd1_0.component_name,cd1_0.component_value,cd1_0.measured_date_time from clinicaldata cd1_0 where cd1_0.patient_id=?
2026-08-26 17:33:06 TRACE org.hibernate.orm.jdbc.bind - binding parameter (1:BIGINT) <- [8]
2026-08-26 17:33:06 DEBUG org.hibernate.SQL - select cd1_0.patient_id,cd1_0.id,cd1_0.component_name,cd1_0.component_value,cd1_0.measured_date_time from clinicaldata cd1_0 where cd1_0.patient_id=?
2026-08-26 17:33:06 TRACE org.hibernate.orm.jdbc.bind - binding parameter (1:BIGINT) <- [7]
2026-08-26 17:33:06 DEBUG org.hibernate.SQL - select cd1_0.patient_id,cd1_0.id,cd1_0.component_name,cd1_0.component_value,cd1_0.measured_date_time from clinicaldata cd1_0 where cd1_0.patient_id=?
2026-08-26 17:33:06 TRACE org.hibernate.orm.jdbc.bind - binding parameter (1:BIGINT) <- [6]
2026-08-26 17:33:06 DEBUG org.hibernate.SQL - select cd1_0.patient_id,cd1_0.id,cd1_0.component_name,cd1_0.component_value,cd1_0.measured_date_time from clinicaldata cd1_0 where cd1_0.patient_id=?
2026-08-26 17:33:06 TRACE org.hibernate.orm.jdbc.bind - binding parameter (1:BIGINT) <- [5]
2026-08-26 17:33:06 DEBUG org.hibernate.SQL - select cd1_0.patient_id,cd1_0.id,cd1_0.component_name,cd1_0.component_value,cd1_0.measured_date_time from clinicaldata cd1_0 where cd1_0.patient_id=?
2026-08-26 17:33:06 TRACE org.hibernate.orm.jdbc.bind - binding parameter (1:BIGINT) <- [4]
2026-08-26 17:33:06 DEBUG org.hibernate.SQL - select cd1_0.patient_id,cd1_0.id,cd1_0.component_name,cd1_0.component_value,cd1_0.measured_date_time from clinicaldata cd1_0 where cd1_0.patient_id=?
2026-08-26 17:33:06 TRACE org.hibernate.orm.jdbc.bind - binding parameter (1:BIGINT) <- [3]
2026-08-26 17:33:06 DEBUG org.hibernate.SQL - select cd1_0.patient_id,cd1_0.id,cd1_0.component_name,cd1_0.component_value,cd1_0.measured_date_time from clinicaldata cd1_0 where cd1_0.patient_id=?
2026-08-26 17:33:06 TRACE org.hibernate.orm.jdbc.bind - binding parameter (1:BIGINT) <- [2]
2026-08-26 17:33:06 DEBUG org.hibernate.SQL - select cd1_0.patient_id,cd1_0.id,cd1_0.component_name,cd1_0.component_value,cd1_0.measured_date_time from clinicaldata cd1_0 where cd1_0.patient_id=?
2026-08-26 17:33:06 TRACE org.hibernate.orm.jdbc.bind - binding parameter (1:BIGINT) <- [1]
2026-08-26 17:33:06 INFO  c.v.c.p.r.PatientController - Fetching all patients
2026-08-26 17:33:06 DEBUG org.hibernate.SQL - select p1_0.id,p1_0.age,p1_0.first_name,p1_0.last_name from patient p1_0
2026-08-26 17:33:06 DEBUG org.hibernate.SQL - select cd1_0.patient_id,cd1_0.id,cd1_0.component_name,cd1_0.component_value,cd1_0.measured_date_time from clinicaldata cd1_0 where cd1_0.patient_id=?
2026-08-26 17:33:06 TRACE org.hibernate.orm.jdbc.bind - binding parameter (1:BIGINT) <- [18]
2026-08-26 17:33:06 DEBUG org.hibernate.SQL - select cd1_0.patient_id,cd1_0.id,cd1_0.component_name,cd1_0.component_value,cd1_0.measured_date_time from clinicaldata cd1_0 where cd1_0.patient_id=?
2026-08-26 17:33:07 TRACE org.hibernate.orm.jdbc.bind - binding parameter (1:BIGINT) <- [17]
2026-08-26 17:33:07 DEBUG org.hibernate.SQL - select cd1_0.patient_id,cd1_0.id,cd1_0.component_name,cd1_0.component_value,cd1_0.measured_date_time from clinicaldata cd1_0 where cd1_0.patient_id=?
2026-08-26 17:33:07 TRACE org.hibernate.orm.jdbc.bind - binding parameter (1:BIGINT) <- [16]
2026-08-26 17:33:07 DEBUG org.hibernate.SQL - select cd1_0.patient_id,cd1_0.id,cd1_0.component_name,cd1_0.component_value,cd1_0.measured_date_time from clinicaldata cd1_0 where cd1_0.patient_id=?
2026-08-26 17:33:07 TRACE org.hibernate.orm.jdbc.bind - binding parameter (1:BIGINT) <- [15]
2026-08-26 17:33:07 DEBUG org.hibernate.SQL - select cd1_0.patient_id,cd1_0.id,cd1_0.component_name,cd1_0.component_value,cd1_0.measured_date_time from clinicaldata cd1_0 where cd1_0.patient_id=?
2026-08-26 17:33:07 TRACE org.hibernate.orm.jdbc.bind - binding parameter (1:BIGINT) <- [14]
2026-08-26 17:33:07 DEBUG org.hibernate.SQL - select cd1_0.patient_id,cd1_0.id,cd1_0.component_name,cd1_0.component_value,cd1_0.measured_date_time from clinicaldata cd1_0 where cd1_0.patient_id=?
2026-08-26 17:33:07 TRACE org.hibernate.orm.jdbc.bind - binding parameter (1:BIGINT) <- [13]
2026-08-26 17:33:07 DEBUG org.hibernate.SQL - select cd1_0.patient_id,cd1_0.id,cd1_0.component_name,cd1_0.component_value,cd1_0.measured_date_time from clinicaldata cd1_0 where cd1_0.patient_id=?
2026-08-26 17:33:07 TRACE org.hibernate.orm.jdbc.bind - binding parameter (1:BIGINT) <- [12]
2026-08-26 17:33:07 DEBUG org.hibernate.SQL - select cd1_0.patient_id,cd1_0.id,cd1_0.component_name,cd1_0.component_value,cd1_0.measured_date_time from clinicaldata cd1_0 where cd1_0.patient_id=?
2026-08-26 17:33:07 TRACE org.hibernate.orm.jdbc.bind - binding parameter (1:BIGINT) <- [11]
2026-08-26 17:33:07 DEBUG org.hibernate.SQL - select cd1_0.patient_id,cd1_0.id,cd1_0.component_name,cd1_0.component_value,cd1_0.measured_date_time from clinicaldata cd1_0 where cd1_0.patient_id=?
2026-08-26 17:33:07 TRACE org.hibernate.orm.jdbc.bind - binding parameter (1:BIGINT) <- [10]
2026-08-26 17:33:07 DEBUG org.hibernate.SQL - select cd1_0.patient_id,cd1_0.id,cd1_0.component_name,cd1_0.component_value,cd1_0.measured_date_time from clinicaldata cd1_0 where cd1_0.patient_id=?
2026-08-26 17:33:07 TRACE org.hibernate.orm.jdbc.bind - binding parameter (1:BIGINT) <- [9]
2026-08-26 17:33:07 DEBUG org.hibernate.SQL - select cd1_0.patient_id,cd1_0.id,cd1_0.component_name,cd1_0.component_value,cd1_0.measured_date_time from clinicaldata cd1_0 where cd1_0.patient_id=?
2026-08-26 17:33:07 TRACE org.hibernate.orm.jdbc.bind - binding parameter (1:BIGINT) <- [8]
2026-08-26 17:33:07 DEBUG org.hibernate.SQL - select cd1_0.patient_id,cd1_0.id,cd1_0.component_name,cd1_0.component_value,cd1_0.measured_date_time from clinicaldata cd1_0 where cd1_0.patient_id=?
2026-08-26 17:33:07 TRACE org.hibernate.orm.jdbc.bind - binding parameter (1:BIGINT) <- [7]
2026-08-26 17:33:07 DEBUG org.hibernate.SQL - select cd1_0.patient_id,cd1_0.id,cd1_0.component_name,cd1_0.component_value,cd1_0.measured_date_time from clinicaldata cd1_0 where cd1_0.patient_id=?
2026-08-26 17:33:07 TRACE org.hibernate.orm.jdbc.bind - binding parameter (1:BIGINT) <- [6]
2026-08-26 17:33:07 DEBUG org.hibernate.SQL - select cd1_0.patient_id,cd1_0.id,cd1_0.component_name,cd1_0.component_value,cd1_0.measured_date_time from clinicaldata cd1_0 where cd1_0.patient_id=?
2026-08-26 17:33:07 TRACE org.hibernate.orm.jdbc.bind - binding parameter (1:BIGINT) <- [5]
2026-08-26 17:33:07 DEBUG org.hibernate.SQL - select cd1_0.patient_id,cd1_0.id,cd1_0.component_name,cd1_0.component_value,cd1_0.measured_date_time from clinicaldata cd1_0 where cd1_0.patient_id=?
2026-08-26 17:33:07 TRACE org.hibernate.orm.jdbc.bind - binding parameter (1:BIGINT) <- [4]
2026-08-26 17:33:07 DEBUG org.hibernate.SQL - select cd1_0.patient_id,cd1_0.id,cd1_0.component_name,cd1_0.component_value,cd1_0.measured_date_time from clinicaldata cd1_0 where cd1_0.patient_id=?
2026-08-26 17:33:07 TRACE org.hibernate.orm.jdbc.bind - binding parameter (1:BIGINT) <- [3]
2026-08-26 17:33:07 DEBUG org.hibernate.SQL - select cd1_0.patient_id,cd1_0.id,cd1_0.component_name,cd1_0.component_value,cd1_0.measured_date_time from clinicaldata cd1_0 where cd1_0.patient_id=?
2026-08-26 17:33:07 TRACE org.hibernate.orm.jdbc.bind - binding parameter (1:BIGINT) <- [2]
2026-08-26 17:33:07 DEBUG org.hibernate.SQL - select cd1_0.patient_id,cd1_0.id,cd1_0.component_name,cd1_0.component_value,cd1_0.measured_date_time from clinicaldata cd1_0 where cd1_0.patient_id=?
2026-08-26 17:33:07 TRACE org.hibernate.orm.jdbc.bind - binding parameter (1:BIGINT) <- [1]
2026-08-26 17:33:10 INFO  c.v.c.p.r.PatientController - Fetching all patients
2026-08-26 17:33:10 DEBUG org.hibernate.SQL - select p1_0.id,p1_0.age,p1_0.first_name,p1_0.last_name from patient p1_0
2026-08-26 17:33:10 DEBUG org.hibernate.SQL - select cd1_0.patient_id,cd1_0.id,cd1_0.component_name,cd1_0.component_value,cd1_0.measured_date_time from clinicaldata cd1_0 where cd1_0.patient_id=?
2026-08-26 17:33:10 TRACE org.hibernate.orm.jdbc.bind - binding parameter (1:BIGINT) <- [18]
2026-08-26 17:33:10 DEBUG org.hibernate.SQL - select cd1_0.patient_id,cd1_0.id,cd1_0.component_name,cd1_0.component_value,cd1_0.measured_date_time from clinicaldata cd1_0 where cd1_0.patient_id=?
2026-08-26 17:33:10 TRACE org.hibernate.orm.jdbc.bind - binding parameter (1:BIGINT) <- [17]
2026-08-26 17:33:10 DEBUG org.hibernate.SQL - select cd1_0.patient_id,cd1_0.id,cd1_0.component_name,cd1_0.component_value,cd1_0.measured_date_time from clinicaldata cd1_0 where cd1_0.patient_id=?
2026-08-26 17:33:10 TRACE org.hibernate.orm.jdbc.bind - binding parameter (1:BIGINT) <- [16]
2026-08-26 17:33:10 DEBUG org.hibernate.SQL - select cd1_0.patient_id,cd1_0.id,cd1_0.component_name,cd1_0.component_value,cd1_0.measured_date_time from clinicaldata cd1_0 where cd1_0.patient_id=?
2026-08-26 17:33:10 TRACE org.hibernate.orm.jdbc.bind - binding parameter (1:BIGINT) <- [15]
2026-08-26 17:33:11 DEBUG org.hibernate.SQL - select cd1_0.patient_id,cd1_0.id,cd1_0.component_name,cd1_0.component_value,cd1_0.measured_date_time from clinicaldata cd1_0 where cd1_0.patient_id=?
2026-08-26 17:33:11 TRACE org.hibernate.orm.jdbc.bind - binding parameter (1:BIGINT) <- [14]
2026-08-26 17:33:11 DEBUG org.hibernate.SQL - select cd1_0.patient_id,cd1_0.id,cd1_0.component_name,cd1_0.component_value,cd1_0.measured_date_time from clinicaldata cd1_0 where cd1_0.patient_id=?
2026-08-26 17:33:11 TRACE org.hibernate.orm.jdbc.bind - binding parameter (1:BIGINT) <- [13]
2026-08-26 17:33:11 DEBUG org.hibernate.SQL - select cd1_0.patient_id,cd1_0.id,cd1_0.component_name,cd1_0.component_value,cd1_0.measured_date_time from clinicaldata cd1_0 where cd1_0.patient_id=?
2026-08-26 17:33:11 TRACE org.hibernate.orm.jdbc.bind - binding parameter (1:BIGINT) <- [12]
2026-08-26 17:33:11 DEBUG org.hibernate.SQL - select cd1_0.patient_id,cd1_0.id,cd1_0.component_name,cd1_0.component_value,cd1_0.measured_date_time from clinicaldata cd1_0 where cd1_0.patient_id=?
2026-08-26 17:33:11 TRACE org.hibernate.orm.jdbc.bind - binding parameter (1:BIGINT) <- [11]
2026-08-26 17:33:11 DEBUG org.hibernate.SQL - select cd1_0.patient_id,cd1_0.id,cd1_0.component_name,cd1_0.component_value,cd1_0.measured_date_time from clinicaldata cd1_0 where cd1_0.patient_id=?
2026-08-26 17:33:11 TRACE org.hibernate.orm.jdbc.bind - binding parameter (1:BIGINT) <- [10]
2026-08-26 17:33:11 DEBUG org.hibernate.SQL - select cd1_0.patient_id,cd1_0.id,cd1_0.component_name,cd1_0.component_value,cd1_0.measured_date_time from clinicaldata cd1_0 where cd1_0.patient_id=?
2026-08-26 17:33:11 TRACE org.hibernate.orm.jdbc.bind - binding parameter (1:BIGINT) <- [9]
2026-08-26 17:33:11 DEBUG org.hibernate.SQL - select cd1_0.patient_id,cd1_0.id,cd1_0.component_name,cd1_0.component_value,cd1_0.measured_date_time from clinicaldata cd1_0 where cd1_0.patient_id=?
2026-08-26 17:33:11 TRACE org.hibernate.orm.jdbc.bind - binding parameter (1:BIGINT) <- [8]
2026-08-26 17:33:11 DEBUG org.hibernate.SQL - select cd1_0.patient_id,cd1_0.id,cd1_0.component_name,cd1_0.component_value,cd1_0.measured_date_time from clinicaldata cd1_0 where cd1_0.patient_id=?
2026-08-26 17:33:11 TRACE org.hibernate.orm.jdbc.bind - binding parameter (1:BIGINT) <- [7]
2026-08-26 17:33:11 DEBUG org.hibernate.SQL - select cd1_0.patient_id,cd1_0.id,cd1_0.component_name,cd1_0.component_value,cd1_0.measured_date_time from clinicaldata cd1_0 where cd1_0.patient_id=?
2026-08-26 17:33:11 TRACE org.hibernate.orm.jdbc.bind - binding parameter (1:BIGINT) <- [6]
2026-08-26 17:33:11 DEBUG org.hibernate.SQL - select cd1_0.patient_id,cd1_0.id,cd1_0.component_name,cd1_0.component_value,cd1_0.measured_date_time from clinicaldata cd1_0 where cd1_0.patient_id=?
2026-08-26 17:33:11 TRACE org.hibernate.orm.jdbc.bind - binding parameter (1:BIGINT) <- [5]
2026-08-26 17:33:11 DEBUG org.hibernate.SQL - select cd1_0.patient_id,cd1_0.id,cd1_0.component_name,cd1_0.component_value,cd1_0.measured_date_time from clinicaldata cd1_0 where cd1_0.patient_id=?
2026-08-26 17:33:11 TRACE org.hibernate.orm.jdbc.bind - binding parameter (1:BIGINT) <- [4]
2026-08-26 17:33:11 DEBUG org.hibernate.SQL - select cd1_0.patient_id,cd1_0.id,cd1_0.component_name,cd1_0.component_value,cd1_0.measured_date_time from clinicaldata cd1_0 where cd1_0.patient_id=?
2026-08-26 17:33:11 TRACE org.hibernate.orm.jdbc.bind - binding parameter (1:BIGINT) <- [3]
2026-08-26 17:33:11 DEBUG org.hibernate.SQL - select cd1_0.patient_id,cd1_0.id,cd1_0.component_name,cd1_0.component_value,cd1_0.measured_date_time from clinicaldata cd1_0 where cd1_0.patient_id=?
2026-08-26 17:33:11 TRACE org.hibernate.orm.jdbc.bind - binding parameter (1:BIGINT) <- [2]
2026-08-26 17:33:11 DEBUG org.hibernate.SQL - select cd1_0.patient_id,cd1_0.id,cd1_0.component_name,cd1_0.component_value,cd1_0.measured_date_time from clinicaldata cd1_0 where cd1_0.patient_id=?
2026-08-26 17:33:11 TRACE org.hibernate.orm.jdbc.bind - binding parameter (1:BIGINT) <- [1]
2026-08-26 17:33:11 INFO  c.v.c.p.r.PatientController - Fetching all patients
2026-08-26 17:33:11 DEBUG org.hibernate.SQL - select p1_0.id,p1_0.age,p1_0.first_name,p1_0.last_name from patient p1_0
2026-08-26 17:33:11 DEBUG org.hibernate.SQL - select cd1_0.patient_id,cd1_0.id,cd1_0.component_name,cd1_0.component_value,cd1_0.measured_date_time from clinicaldata cd1_0 where cd1_0.patient_id=?
2026-08-26 17:33:11 TRACE org.hibernate.orm.jdbc.bind - binding parameter (1:BIGINT) <- [18]
2026-08-26 17:33:11 DEBUG org.hibernate.SQL - select cd1_0.patient_id,cd1_0.id,cd1_0.component_name,cd1_0.component_value,cd1_0.measured_date_time from clinicaldata cd1_0 where cd1_0.patient_id=?
2026-08-26 17:33:11 TRACE org.hibernate.orm.jdbc.bind - binding parameter (1:BIGINT) <- [17]
2026-08-26 17:33:11 DEBUG org.hibernate.SQL - select cd1_0.patient_id,cd1_0.id,cd1_0.component_name,cd1_0.component_value,cd1_0.measured_date_time from clinicaldata cd1_0 where cd1_0.patient_id=?
2026-08-26 17:33:11 TRACE org.hibernate.orm.jdbc.bind - binding parameter (1:BIGINT) <- [16]
2026-08-26 17:33:11 DEBUG org.hibernate.SQL - select cd1_0.patient_id,cd1_0.id,cd1_0.component_name,cd1_0.component_value,cd1_0.measured_date_time from clinicaldata cd1_0 where cd1_0.patient_id=?
2026-08-26 17:33:11 TRACE org.hibernate.orm.jdbc.bind - binding parameter (1:BIGINT) <- [15]
2026-08-26 17:33:11 DEBUG org.hibernate.SQL - select cd1_0.patient_id,cd1_0.id,cd1_0.component_name,cd1_0.component_value,cd1_0.measured_date_time from clinicaldata cd1_0 where cd1_0.patient_id=?
2026-08-26 17:33:11 TRACE org.hibernate.orm.jdbc.bind - binding parameter (1:BIGINT) <- [14]
2026-08-26 17:33:11 DEBUG org.hibernate.SQL - select cd1_0.patient_id,cd1_0.id,cd1_0.component_name,cd1_0.component_value,cd1_0.measured_date_time from clinicaldata cd1_0 where cd1_0.patient_id=?
2026-08-26 17:33:11 TRACE org.hibernate.orm.jdbc.bind - binding parameter (1:BIGINT) <- [13]
2026-08-26 17:33:11 DEBUG org.hibernate.SQL - select cd1_0.patient_id,cd1_0.id,cd1_0.component_name,cd1_0.component_value,cd1_0.measured_date_time from clinicaldata cd1_0 where cd1_0.patient_id=?
2026-08-26 17:33:11 TRACE org.hibernate.orm.jdbc.bind - binding parameter (1:BIGINT) <- [12]
2026-08-26 17:33:11 DEBUG org.hibernate.SQL - select cd1_0.patient_id,cd1_0.id,cd1_0.component_name,cd1_0.component_value,cd1_0.measured_date_time from clinicaldata cd1_0 where cd1_0.patient_id=?
2026-08-26 17:33:11 TRACE org.hibernate.orm.jdbc.bind - binding parameter (1:BIGINT) <- [11]
2026-08-26 17:33:11 DEBUG org.hibernate.SQL - select cd1_0.patient_id,cd1_0.id,cd1_0.component_name,cd1_0.component_value,cd1_0.measured_date_time from clinicaldata cd1_0 where cd1_0.patient_id=?
2026-08-26 17:33:11 TRACE org.hibernate.orm.jdbc.bind - binding parameter (1:BIGINT) <- [10]
2026-08-26 17:33:11 DEBUG org.hibernate.SQL - select cd1_0.patient_id,cd1_0.id,cd1_0.component_name,cd1_0.component_value,cd1_0.measured_date_time from clinicaldata cd1_0 where cd1_0.patient_id=?
2026-08-26 17:33:11 TRACE org.hibernate.orm.jdbc.bind - binding parameter (1:BIGINT) <- [9]
2026-08-26 17:33:11 DEBUG org.hibernate.SQL - select cd1_0.patient_id,cd1_0.id,cd1_0.component_name,cd1_0.component_value,cd1_0.measured_date_time from clinicaldata cd1_0 where cd1_0.patient_id=?
2026-08-26 17:33:11 TRACE org.hibernate.orm.jdbc.bind - binding parameter (1:BIGINT) <- [8]
2026-08-26 17:33:11 DEBUG org.hibernate.SQL - select cd1_0.patient_id,cd1_0.id,cd1_0.component_name,cd1_0.component_value,cd1_0.measured_date_time from clinicaldata cd1_0 where cd1_0.patient_id=?
2026-08-26 17:33:11 TRACE org.hibernate.orm.jdbc.bind - binding parameter (1:BIGINT) <- [7]
2026-08-26 17:33:11 DEBUG org.hibernate.SQL - select cd1_0.patient_id,cd1_0.id,cd1_0.component_name,cd1_0.component_value,cd1_0.measured_date_time from clinicaldata cd1_0 where cd1_0.patient_id=?
2026-08-26 17:33:11 TRACE org.hibernate.orm.jdbc.bind - binding parameter (1:BIGINT) <- [6]
2026-08-26 17:33:11 DEBUG org.hibernate.SQL - select cd1_0.patient_id,cd1_0.id,cd1_0.component_name,cd1_0.component_value,cd1_0.measured_date_time from clinicaldata cd1_0 where cd1_0.patient_id=?
2026-08-26 17:33:11 TRACE org.hibernate.orm.jdbc.bind - binding parameter (1:BIGINT) <- [5]
2026-08-26 17:33:11 DEBUG org.hibernate.SQL - select cd1_0.patient_id,cd1_0.id,cd1_0.component_name,cd1_0.component_value,cd1_0.measured_date_time from clinicaldata cd1_0 where cd1_0.patient_id=?
2026-08-26 17:33:11 TRACE org.hibernate.orm.jdbc.bind - binding parameter (1:BIGINT) <- [4]
2026-08-26 17:33:11 DEBUG org.hibernate.SQL - select cd1_0.patient_id,cd1_0.id,cd1_0.component_name,cd1_0.component_value,cd1_0.measured_date_time from clinicaldata cd1_0 where cd1_0.patient_id=?
2026-08-26 17:33:11 TRACE org.hibernate.orm.jdbc.bind - binding parameter (1:BIGINT) <- [3]
2026-08-26 17:33:11 DEBUG org.hibernate.SQL - select cd1_0.patient_id,cd1_0.id,cd1_0.component_name,cd1_0.component_value,cd1_0.measured_date_time from clinicaldata cd1_0 where cd1_0.patient_id=?
2026-08-26 17:33:11 TRACE org.hibernate.orm.jdbc.bind - binding parameter (1:BIGINT) <- [2]
2026-08-26 17:33:11 DEBUG org.hibernate.SQL - select cd1_0.patient_id,cd1_0.id,cd1_0.component_name,cd1_0.component_value,cd1_0.measured_date_time from clinicaldata cd1_0 where cd1_0.patient_id=?
2026-08-26 17:33:11 TRACE org.hibernate.orm.jdbc.bind - binding parameter (1:BIGINT) <- [1]
2026-08-26 17:34:33 INFO  c.v.c.p.r.PatientController - Fetching all patients
2026-08-26 17:34:33 DEBUG org.hibernate.SQL - select p1_0.id,p1_0.age,p1_0.first_name,p1_0.last_name from patient p1_0
2026-08-26 17:34:33 DEBUG org.hibernate.SQL - select cd1_0.patient_id,cd1_0.id,cd1_0.component_name,cd1_0.component_value,cd1_0.measured_date_time from clinicaldata cd1_0 where cd1_0.patient_id=?
2026-08-26 17:34:33 TRACE org.hibernate.orm.jdbc.bind - binding parameter (1:BIGINT) <- [18]
2026-08-26 17:34:33 DEBUG org.hibernate.SQL - select cd1_0.patient_id,cd1_0.id,cd1_0.component_name,cd1_0.component_value,cd1_0.measured_date_time from clinicaldata cd1_0 where cd1_0.patient_id=?
2026-08-26 17:34:33 TRACE org.hibernate.orm.jdbc.bind - binding parameter (1:BIGINT) <- [17]
2026-08-26 17:34:33 DEBUG org.hibernate.SQL - select cd1_0.patient_id,cd1_0.id,cd1_0.component_name,cd1_0.component_value,cd1_0.measured_date_time from clinicaldata cd1_0 where cd1_0.patient_id=?
2026-08-26 17:34:33 TRACE org.hibernate.orm.jdbc.bind - binding parameter (1:BIGINT) <- [16]
2026-08-26 17:34:33 DEBUG org.hibernate.SQL - select cd1_0.patient_id,cd1_0.id,cd1_0.component_name,cd1_0.component_value,cd1_0.measured_date_time from clinicaldata cd1_0 where cd1_0.patient_id=?
2026-08-26 17:34:33 TRACE org.hibernate.orm.jdbc.bind - binding parameter (1:BIGINT) <- [15]
2026-08-26 17:34:33 DEBUG org.hibernate.SQL - select cd1_0.patient_id,cd1_0.id,cd1_0.component_name,cd1_0.component_value,cd1_0.measured_date_time from clinicaldata cd1_0 where cd1_0.patient_id=?
2026-08-26 17:34:33 TRACE org.hibernate.orm.jdbc.bind - binding parameter (1:BIGINT) <- [14]
2026-08-26 17:34:33 DEBUG org.hibernate.SQL - select cd1_0.patient_id,cd1_0.id,cd1_0.component_name,cd1_0.component_value,cd1_0.measured_date_time from clinicaldata cd1_0 where cd1_0.patient_id=?
2026-08-26 17:34:33 TRACE org.hibernate.orm.jdbc.bind - binding parameter (1:BIGINT) <- [13]
2026-08-26 17:34:33 DEBUG org.hibernate.SQL - select cd1_0.patient_id,cd1_0.id,cd1_0.component_name,cd1_0.component_value,cd1_0.measured_date_time from clinicaldata cd1_0 where cd1_0.patient_id=?
2026-08-26 17:34:33 TRACE org.hibernate.orm.jdbc.bind - binding parameter (1:BIGINT) <- [12]
2026-08-26 17:34:33 DEBUG org.hibernate.SQL - select cd1_0.patient_id,cd1_0.id,cd1_0.component_name,cd1_0.component_value,cd1_0.measured_date_time from clinicaldata cd1_0 where cd1_0.patient_id=?
2026-08-26 17:34:33 TRACE org.hibernate.orm.jdbc.bind - binding parameter (1:BIGINT) <- [11]
2026-08-26 17:34:33 DEBUG org.hibernate.SQL - select cd1_0.patient_id,cd1_0.id,cd1_0.component_name,cd1_0.component_value,cd1_0.measured_date_time from clinicaldata cd1_0 where cd1_0.patient_id=?
2026-08-26 17:34:33 TRACE org.hibernate.orm.jdbc.bind - binding parameter (1:BIGINT) <- [10]
2026-08-26 17:34:33 DEBUG org.hibernate.SQL - select cd1_0.patient_id,cd1_0.id,cd1_0.component_name,cd1_0.component_value,cd1_0.measured_date_time from clinicaldata cd1_0 where cd1_0.patient_id=?
2026-08-26 17:34:33 TRACE org.hibernate.orm.jdbc.bind - binding parameter (1:BIGINT) <- [9]
2026-08-26 17:34:33 DEBUG org.hibernate.SQL - select cd1_0.patient_id,cd1_0.id,cd1_0.component_name,cd1_0.component_value,cd1_0.measured_date_time from clinicaldata cd1_0 where cd1_0.patient_id=?
2026-08-26 17:34:33 TRACE org.hibernate.orm.jdbc.bind - binding parameter (1:BIGINT) <- [8]
2026-08-26 17:34:33 DEBUG org.hibernate.SQL - select cd1_0.patient_id,cd1_0.id,cd1_0.component_name,cd1_0.component_value,cd1_0.measured_date_time from clinicaldata cd1_0 where cd1_0.patient_id=?
2026-08-26 17:34:33 TRACE org.hibernate.orm.jdbc.bind - binding parameter (1:BIGINT) <- [7]
2026-08-26 17:34:33 DEBUG org.hibernate.SQL - select cd1_0.patient_id,cd1_0.id,cd1_0.component_name,cd1_0.component_value,cd1_0.measured_date_time from clinicaldata cd1_0 where cd1_0.patient_id=?
2026-08-26 17:34:33 TRACE org.hibernate.orm.jdbc.bind - binding parameter (1:BIGINT) <- [6]
2026-08-26 17:34:33 DEBUG org.hibernate.SQL - select cd1_0.patient_id,cd1_0.id,cd1_0.component_name,cd1_0.component_value,cd1_0.measured_date_time from clinicaldata cd1_0 where cd1_0.patient_id=?
2026-08-26 17:34:33 TRACE org.hibernate.orm.jdbc.bind - binding parameter (1:BIGINT) <- [5]
2026-08-26 17:34:33 DEBUG org.hibernate.SQL - select cd1_0.patient_id,cd1_0.id,cd1_0.component_name,cd1_0.component_value,cd1_0.measured_date_time from clinicaldata cd1_0 where cd1_0.patient_id=?
2026-08-26 17:34:33 TRACE org.hibernate.orm.jdbc.bind - binding parameter (1:BIGINT) <- [4]
2026-08-26 17:34:33 DEBUG org.hibernate.SQL - select cd1_0.patient_id,cd1_0.id,cd1_0.component_name,cd1_0.component_value,cd1_0.measured_date_time from clinicaldata cd1_0 where cd1_0.patient_id=?
2026-08-26 17:34:33 TRACE org.hibernate.orm.jdbc.bind - binding parameter (1:BIGINT) <- [3]
2026-08-26 17:34:33 DEBUG org.hibernate.SQL - select cd1_0.patient_id,cd1_0.id,cd1_0.component_name,cd1_0.component_value,cd1_0.measured_date_time from clinicaldata cd1_0 where cd1_0.patient_id=?
2026-08-26 17:34:33 TRACE org.hibernate.orm.jdbc.bind - binding parameter (1:BIGINT) <- [2]
2026-08-26 17:34:33 DEBUG org.hibernate.SQL - select cd1_0.patient_id,cd1_0.id,cd1_0.component_name,cd1_0.component_value,cd1_0.measured_date_time from clinicaldata cd1_0 where cd1_0.patient_id=?
2026-08-26 17:34:33 TRACE org.hibernate.orm.jdbc.bind - binding parameter (1:BIGINT) <- [1]
2026-08-26 17:34:33 INFO  c.v.c.p.r.PatientController - Fetching all patients
2026-08-26 17:34:33 DEBUG org.hibernate.SQL - select p1_0.id,p1_0.age,p1_0.first_name,p1_0.last_name from patient p1_0
2026-08-26 17:34:33 DEBUG org.hibernate.SQL - select cd1_0.patient_id,cd1_0.id,cd1_0.component_name,cd1_0.component_value,cd1_0.measured_date_time from clinicaldata cd1_0 where cd1_0.patient_id=?
2026-08-26 17:34:33 TRACE org.hibernate.orm.jdbc.bind - binding parameter (1:BIGINT) <- [18]
2026-08-26 17:34:33 DEBUG org.hibernate.SQL - select cd1_0.patient_id,cd1_0.id,cd1_0.component_name,cd1_0.component_value,cd1_0.measured_date_time from clinicaldata cd1_0 where cd1_0.patient_id=?
2026-08-26 17:34:33 TRACE org.hibernate.orm.jdbc.bind - binding parameter (1:BIGINT) <- [17]
2026-08-26 17:34:33 DEBUG org.hibernate.SQL - select cd1_0.patient_id,cd1_0.id,cd1_0.component_name,cd1_0.component_value,cd1_0.measured_date_time from clinicaldata cd1_0 where cd1_0.patient_id=?
2026-08-26 17:34:33 TRACE org.hibernate.orm.jdbc.bind - binding parameter (1:BIGINT) <- [16]
2026-08-26 17:34:33 DEBUG org.hibernate.SQL - select cd1_0.patient_id,cd1_0.id,cd1_0.component_name,cd1_0.component_value,cd1_0.measured_date_time from clinicaldata cd1_0 where cd1_0.patient_id=?
2026-08-26 17:34:33 TRACE org.hibernate.orm.jdbc.bind - binding parameter (1:BIGINT) <- [15]
2026-08-26 17:34:33 DEBUG org.hibernate.SQL - select cd1_0.patient_id,cd1_0.id,cd1_0.component_name,cd1_0.component_value,cd1_0.measured_date_time from clinicaldata cd1_0 where cd1_0.patient_id=?
2026-08-26 17:34:33 TRACE org.hibernate.orm.jdbc.bind - binding parameter (1:BIGINT) <- [14]
2026-08-26 17:34:33 DEBUG org.hibernate.SQL - select cd1_0.patient_id,cd1_0.id,cd1_0.component_name,cd1_0.component_value,cd1_0.measured_date_time from clinicaldata cd1_0 where cd1_0.patient_id=?
2026-08-26 17:34:33 TRACE org.hibernate.orm.jdbc.bind - binding parameter (1:BIGINT) <- [13]
2026-08-26 17:34:33 DEBUG org.hibernate.SQL - select cd1_0.patient_id,cd1_0.id,cd1_0.component_name,cd1_0.component_value,cd1_0.measured_date_time from clinicaldata cd1_0 where cd1_0.patient_id=?
2026-08-26 17:34:33 TRACE org.hibernate.orm.jdbc.bind - binding parameter (1:BIGINT) <- [12]
2026-08-26 17:34:33 DEBUG org.hibernate.SQL - select cd1_0.patient_id,cd1_0.id,cd1_0.component_name,cd1_0.component_value,cd1_0.measured_date_time from clinicaldata cd1_0 where cd1_0.patient_id=?
2026-08-26 17:34:33 TRACE org.hibernate.orm.jdbc.bind - binding parameter (1:BIGINT) <- [11]
2026-08-26 17:34:33 DEBUG org.hibernate.SQL - select cd1_0.patient_id,cd1_0.id,cd1_0.component_name,cd1_0.component_value,cd1_0.measured_date_time from clinicaldata cd1_0 where cd1_0.patient_id=?
2026-08-26 17:34:33 TRACE org.hibernate.orm.jdbc.bind - binding parameter (1:BIGINT) <- [10]
2026-08-26 17:34:33 DEBUG org.hibernate.SQL - select cd1_0.patient_id,cd1_0.id,cd1_0.component_name,cd1_0.component_value,cd1_0.measured_date_time from clinicaldata cd1_0 where cd1_0.patient_id=?
2026-08-26 17:34:33 TRACE org.hibernate.orm.jdbc.bind - binding parameter (1:BIGINT) <- [9]
2026-08-26 17:34:33 DEBUG org.hibernate.SQL - select cd1_0.patient_id,cd1_0.id,cd1_0.component_name,cd1_0.component_value,cd1_0.measured_date_time from clinicaldata cd1_0 where cd1_0.patient_id=?
2026-08-26 17:34:33 TRACE org.hibernate.orm.jdbc.bind - binding parameter (1:BIGINT) <- [8]
2026-08-26 17:34:33 DEBUG org.hibernate.SQL - select cd1_0.patient_id,cd1_0.id,cd1_0.component_name,cd1_0.component_value,cd1_0.measured_date_time from clinicaldata cd1_0 where cd1_0.patient_id=?
2026-08-26 17:34:33 TRACE org.hibernate.orm.jdbc.bind - binding parameter (1:BIGINT) <- [7]
2026-08-26 17:34:33 DEBUG org.hibernate.SQL - select cd1_0.patient_id,cd1_0.id,cd1_0.component_name,cd1_0.component_value,cd1_0.measured_date_time from clinicaldata cd1_0 where cd1_0.patient_id=?
2026-08-26 17:34:33 TRACE org.hibernate.orm.jdbc.bind - binding parameter (1:BIGINT) <- [6]
2026-08-26 17:34:33 DEBUG org.hibernate.SQL - select cd1_0.patient_id,cd1_0.id,cd1_0.component_name,cd1_0.component_value,cd1_0.measured_date_time from clinicaldata cd1_0 where cd1_0.patient_id=?
2026-08-26 17:34:33 TRACE org.hibernate.orm.jdbc.bind - binding parameter (1:BIGINT) <- [5]
2026-08-26 17:34:33 DEBUG org.hibernate.SQL - select cd1_0.patient_id,cd1_0.id,cd1_0.component_name,cd1_0.component_value,cd1_0.measured_date_time from clinicaldata cd1_0 where cd1_0.patient_id=?
2026-08-26 17:34:33 TRACE org.hibernate.orm.jdbc.bind - binding parameter (1:BIGINT) <- [4]
2026-08-26 17:34:33 DEBUG org.hibernate.SQL - select cd1_0.patient_id,cd1_0.id,cd1_0.component_name,cd1_0.component_value,cd1_0.measured_date_time from clinicaldata cd1_0 where cd1_0.patient_id=?
2026-08-26 17:34:33 TRACE org.hibernate.orm.jdbc.bind - binding parameter (1:BIGINT) <- [3]
2026-08-26 17:34:33 DEBUG org.hibernate.SQL - select cd1_0.patient_id,cd1_0.id,cd1_0.component_name,cd1_0.component_value,cd1_0.measured_date_time from clinicaldata cd1_0 where cd1_0.patient_id=?
2026-08-26 17:34:33 TRACE org.hibernate.orm.jdbc.bind - binding parameter (1:BIGINT) <- [2]
2026-08-26 17:34:33 DEBUG org.hibernate.SQL - select cd1_0.patient_id,cd1_0.id,cd1_0.component_name,cd1_0.component_value,cd1_0.measured_date_time from clinicaldata cd1_0 where cd1_0.patient_id=?
2026-08-26 17:34:33 TRACE org.hibernate.orm.jdbc.bind - binding parameter (1:BIGINT) <- [1]
2026-08-26 17:34:35 DEBUG c.v.c.p.r.PatientController - Fetching patient with id 1
2026-08-26 17:34:35 DEBUG org.hibernate.SQL - select p1_0.id,p1_0.age,p1_0.first_name,p1_0.last_name,cd1_0.patient_id,cd1_0.id,cd1_0.component_name,cd1_0.component_value,cd1_0.measured_date_time from patient p1_0 left join clinicaldata cd1_0 on p1_0.id=cd1_0.patient_id where p1_0.id=?
2026-08-26 17:34:35 TRACE org.hibernate.orm.jdbc.bind - binding parameter (1:BIGINT) <- [1]
2026-08-26 17:34:35 DEBUG c.v.c.p.r.PatientController - Fetching patient with id 1
2026-08-26 17:34:35 DEBUG org.hibernate.SQL - select p1_0.id,p1_0.age,p1_0.first_name,p1_0.last_name,cd1_0.patient_id,cd1_0.id,cd1_0.component_name,cd1_0.component_value,cd1_0.measured_date_time from patient p1_0 left join clinicaldata cd1_0 on p1_0.id=cd1_0.patient_id where p1_0.id=?
2026-08-26 17:34:35 TRACE org.hibernate.orm.jdbc.bind - binding parameter (1:BIGINT) <- [1]
2026-08-26 17:34:38 INFO  c.v.c.p.r.PatientController - Fetching all patients
2026-08-26 17:34:38 DEBUG org.hibernate.SQL - select p1_0.id,p1_0.age,p1_0.first_name,p1_0.last_name from patient p1_0
2026-08-26 17:34:38 DEBUG org.hibernate.SQL - select cd1_0.patient_id,cd1_0.id,cd1_0.component_name,cd1_0.component_value,cd1_0.measured_date_time from clinicaldata cd1_0 where cd1_0.patient_id=?
2026-08-26 17:34:38 TRACE org.hibernate.orm.jdbc.bind - binding parameter (1:BIGINT) <- [18]
2026-08-26 17:34:38 DEBUG org.hibernate.SQL - select cd1_0.patient_id,cd1_0.id,cd1_0.component_name,cd1_0.component_value,cd1_0.measured_date_time from clinicaldata cd1_0 where cd1_0.patient_id=?
2026-08-26 17:34:38 TRACE org.hibernate.orm.jdbc.bind - binding parameter (1:BIGINT) <- [17]
2026-08-26 17:34:38 DEBUG org.hibernate.SQL - select cd1_0.patient_id,cd1_0.id,cd1_0.component_name,cd1_0.component_value,cd1_0.measured_date_time from clinicaldata cd1_0 where cd1_0.patient_id=?
2026-08-26 17:34:38 TRACE org.hibernate.orm.jdbc.bind - binding parameter (1:BIGINT) <- [16]
2026-08-26 17:34:38 DEBUG org.hibernate.SQL - select cd1_0.patient_id,cd1_0.id,cd1_0.component_name,cd1_0.component_value,cd1_0.measured_date_time from clinicaldata cd1_0 where cd1_0.patient_id=?
2026-08-26 17:34:38 TRACE org.hibernate.orm.jdbc.bind - binding parameter (1:BIGINT) <- [15]
2026-08-26 17:34:38 DEBUG org.hibernate.SQL - select cd1_0.patient_id,cd1_0.id,cd1_0.component_name,cd1_0.component_value,cd1_0.measured_date_time from clinicaldata cd1_0 where cd1_0.patient_id=?
2026-08-26 17:34:38 TRACE org.hibernate.orm.jdbc.bind - binding parameter (1:BIGINT) <- [14]
2026-08-26 17:34:38 DEBUG org.hibernate.SQL - select cd1_0.patient_id,cd1_0.id,cd1_0.component_name,cd1_0.component_value,cd1_0.measured_date_time from clinicaldata cd1_0 where cd1_0.patient_id=?
2026-08-26 17:34:38 TRACE org.hibernate.orm.jdbc.bind - binding parameter (1:BIGINT) <- [13]
2026-08-26 17:34:38 DEBUG org.hibernate.SQL - select cd1_0.patient_id,cd1_0.id,cd1_0.component_name,cd1_0.component_value,cd1_0.measured_date_time from clinicaldata cd1_0 where cd1_0.patient_id=?
2026-08-26 17:34:38 TRACE org.hibernate.orm.jdbc.bind - binding parameter (1:BIGINT) <- [12]
2026-08-26 17:34:38 DEBUG org.hibernate.SQL - select cd1_0.patient_id,cd1_0.id,cd1_0.component_name,cd1_0.component_value,cd1_0.measured_date_time from clinicaldata cd1_0 where cd1_0.patient_id=?
2026-08-26 17:34:38 TRACE org.hibernate.orm.jdbc.bind - binding parameter (1:BIGINT) <- [11]
2026-08-26 17:34:38 DEBUG org.hibernate.SQL - select cd1_0.patient_id,cd1_0.id,cd1_0.component_name,cd1_0.component_value,cd1_0.measured_date_time from clinicaldata cd1_0 where cd1_0.patient_id=?
2026-08-26 17:34:38 TRACE org.hibernate.orm.jdbc.bind - binding parameter (1:BIGINT) <- [10]
2026-08-26 17:34:38 DEBUG org.hibernate.SQL - select cd1_0.patient_id,cd1_0.id,cd1_0.component_name,cd1_0.component_value,cd1_0.measured_date_time from clinicaldata cd1_0 where cd1_0.patient_id=?
2026-08-26 17:34:38 TRACE org.hibernate.orm.jdbc.bind - binding parameter (1:BIGINT) <- [9]
2026-08-26 17:34:38 DEBUG org.hibernate.SQL - select cd1_0.patient_id,cd1_0.id,cd1_0.component_name,cd1_0.component_value,cd1_0.measured_date_time from clinicaldata cd1_0 where cd1_0.patient_id=?
2026-08-26 17:34:38 TRACE org.hibernate.orm.jdbc.bind - binding parameter (1:BIGINT) <- [8]
2026-08-26 17:34:38 DEBUG org.hibernate.SQL - select cd1_0.patient_id,cd1_0.id,cd1_0.component_name,cd1_0.component_value,cd1_0.measured_date_time from clinicaldata cd1_0 where cd1_0.patient_id=?
2026-08-26 17:34:38 TRACE org.hibernate.orm.jdbc.bind - binding parameter (1:BIGINT) <- [7]
2026-08-26 17:34:38 DEBUG org.hibernate.SQL - select cd1_0.patient_id,cd1_0.id,cd1_0.component_name,cd1_0.component_value,cd1_0.measured_date_time from clinicaldata cd1_0 where cd1_0.patient_id=?
2026-08-26 17:34:38 TRACE org.hibernate.orm.jdbc.bind - binding parameter (1:BIGINT) <- [6]
2026-08-26 17:34:38 DEBUG org.hibernate.SQL - select cd1_0.patient_id,cd1_0.id,cd1_0.component_name,cd1_0.component_value,cd1_0.measured_date_time from clinicaldata cd1_0 where cd1_0.patient_id=?
2026-08-26 17:34:38 TRACE org.hibernate.orm.jdbc.bind - binding parameter (1:BIGINT) <- [5]
2026-08-26 17:34:38 DEBUG org.hibernate.SQL - select cd1_0.patient_id,cd1_0.id,cd1_0.component_name,cd1_0.component_value,cd1_0.measured_date_time from clinicaldata cd1_0 where cd1_0.patient_id=?
2026-08-26 17:34:38 TRACE org.hibernate.orm.jdbc.bind - binding parameter (1:BIGINT) <- [4]
2026-08-26 17:34:38 DEBUG org.hibernate.SQL - select cd1_0.patient_id,cd1_0.id,cd1_0.component_name,cd1_0.component_value,cd1_0.measured_date_time from clinicaldata cd1_0 where cd1_0.patient_id=?
2026-08-26 17:34:38 TRACE org.hibernate.orm.jdbc.bind - binding parameter (1:BIGINT) <- [3]
2026-08-26 17:34:38 DEBUG org.hibernate.SQL - select cd1_0.patient_id,cd1_0.id,cd1_0.component_name,cd1_0.component_value,cd1_0.measured_date_time from clinicaldata cd1_0 where cd1_0.patient_id=?
2026-08-26 17:34:38 TRACE org.hibernate.orm.jdbc.bind - binding parameter (1:BIGINT) <- [2]
2026-08-26 17:34:38 DEBUG org.hibernate.SQL - select cd1_0.patient_id,cd1_0.id,cd1_0.component_name,cd1_0.component_value,cd1_0.measured_date_time from clinicaldata cd1_0 where cd1_0.patient_id=?
2026-08-26 17:34:38 TRACE org.hibernate.orm.jdbc.bind - binding parameter (1:BIGINT) <- [1]
2026-08-26 17:34:38 INFO  c.v.c.p.r.PatientController - Fetching all patients
2026-08-26 17:34:38 DEBUG org.hibernate.SQL - select p1_0.id,p1_0.age,p1_0.first_name,p1_0.last_name from patient p1_0
2026-08-26 17:34:38 DEBUG org.hibernate.SQL - select cd1_0.patient_id,cd1_0.id,cd1_0.component_name,cd1_0.component_value,cd1_0.measured_date_time from clinicaldata cd1_0 where cd1_0.patient_id=?
2026-08-26 17:34:38 TRACE org.hibernate.orm.jdbc.bind - binding parameter (1:BIGINT) <- [18]
2026-08-26 17:34:38 DEBUG org.hibernate.SQL - select cd1_0.patient_id,cd1_0.id,cd1_0.component_name,cd1_0.component_value,cd1_0.measured_date_time from clinicaldata cd1_0 where cd1_0.patient_id=?
2026-08-26 17:34:38 TRACE org.hibernate.orm.jdbc.bind - binding parameter (1:BIGINT) <- [17]
2026-08-26 17:34:38 DEBUG org.hibernate.SQL - select cd1_0.patient_id,cd1_0.id,cd1_0.component_name,cd1_0.component_value,cd1_0.measured_date_time from clinicaldata cd1_0 where cd1_0.patient_id=?
2026-08-26 17:34:38 TRACE org.hibernate.orm.jdbc.bind - binding parameter (1:BIGINT) <- [16]
2026-08-26 17:34:38 DEBUG org.hibernate.SQL - select cd1_0.patient_id,cd1_0.id,cd1_0.component_name,cd1_0.component_value,cd1_0.measured_date_time from clinicaldata cd1_0 where cd1_0.patient_id=?
2026-08-26 17:34:38 TRACE org.hibernate.orm.jdbc.bind - binding parameter (1:BIGINT) <- [15]
2026-08-26 17:34:38 DEBUG org.hibernate.SQL - select cd1_0.patient_id,cd1_0.id,cd1_0.component_name,cd1_0.component_value,cd1_0.measured_date_time from clinicaldata cd1_0 where cd1_0.patient_id=?
2026-08-26 17:34:38 TRACE org.hibernate.orm.jdbc.bind - binding parameter (1:BIGINT) <- [14]
2026-08-26 17:34:38 DEBUG org.hibernate.SQL - select cd1_0.patient_id,cd1_0.id,cd1_0.component_name,cd1_0.component_value,cd1_0.measured_date_time from clinicaldata cd1_0 where cd1_0.patient_id=?
2026-08-26 17:34:38 TRACE org.hibernate.orm.jdbc.bind - binding parameter (1:BIGINT) <- [13]
2026-08-26 17:34:38 DEBUG org.hibernate.SQL - select cd1_0.patient_id,cd1_0.id,cd1_0.component_name,cd1_0.component_value,cd1_0.measured_date_time from clinicaldata cd1_0 where cd1_0.patient_id=?
2026-08-26 17:34:38 TRACE org.hibernate.orm.jdbc.bind - binding parameter (1:BIGINT) <- [12]
2026-08-26 17:34:38 DEBUG org.hibernate.SQL - select cd1_0.patient_id,cd1_0.id,cd1_0.component_name,cd1_0.component_value,cd1_0.measured_date_time from clinicaldata cd1_0 where cd1_0.patient_id=?
2026-08-26 17:34:38 TRACE org.hibernate.orm.jdbc.bind - binding parameter (1:BIGINT) <- [11]
2026-08-26 17:34:38 DEBUG org.hibernate.SQL - select cd1_0.patient_id,cd1_0.id,cd1_0.component_name,cd1_0.component_value,cd1_0.measured_date_time from clinicaldata cd1_0 where cd1_0.patient_id=?
2026-08-26 17:34:38 TRACE org.hibernate.orm.jdbc.bind - binding parameter (1:BIGINT) <- [10]
2026-08-26 17:34:38 DEBUG org.hibernate.SQL - select cd1_0.patient_id,cd1_0.id,cd1_0.component_name,cd1_0.component_value,cd1_0.measured_date_time from clinicaldata cd1_0 where cd1_0.patient_id=?
2026-08-26 17:34:38 TRACE org.hibernate.orm.jdbc.bind - binding parameter (1:BIGINT) <- [9]
2026-08-26 17:34:38 DEBUG org.hibernate.SQL - select cd1_0.patient_id,cd1_0.id,cd1_0.component_name,cd1_0.component_value,cd1_0.measured_date_time from clinicaldata cd1_0 where cd1_0.patient_id=?
2026-08-26 17:34:38 TRACE org.hibernate.orm.jdbc.bind - binding parameter (1:BIGINT) <- [8]
2026-08-26 17:34:38 DEBUG org.hibernate.SQL - select cd1_0.patient_id,cd1_0.id,cd1_0.component_name,cd1_0.component_value,cd1_0.measured_date_time from clinicaldata cd1_0 where cd1_0.patient_id=?
2026-08-26 17:34:38 TRACE org.hibernate.orm.jdbc.bind - binding parameter (1:BIGINT) <- [7]
2026-08-26 17:34:38 DEBUG org.hibernate.SQL - select cd1_0.patient_id,cd1_0.id,cd1_0.component_name,cd1_0.component_value,cd1_0.measured_date_time from clinicaldata cd1_0 where cd1_0.patient_id=?
2026-08-26 17:34:38 TRACE org.hibernate.orm.jdbc.bind - binding parameter (1:BIGINT) <- [6]
2026-08-26 17:34:38 DEBUG org.hibernate.SQL - select cd1_0.patient_id,cd1_0.id,cd1_0.component_name,cd1_0.component_value,cd1_0.measured_date_time from clinicaldata cd1_0 where cd1_0.patient_id=?
2026-08-26 17:34:38 TRACE org.hibernate.orm.jdbc.bind - binding parameter (1:BIGINT) <- [5]
2026-08-26 17:34:38 DEBUG org.hibernate.SQL - select cd1_0.patient_id,cd1_0.id,cd1_0.component_name,cd1_0.component_value,cd1_0.measured_date_time from clinicaldata cd1_0 where cd1_0.patient_id=?
2026-08-26 17:34:38 TRACE org.hibernate.orm.jdbc.bind - binding parameter (1:BIGINT) <- [4]
2026-08-26 17:34:38 DEBUG org.hibernate.SQL - select cd1_0.patient_id,cd1_0.id,cd1_0.component_name,cd1_0.component_value,cd1_0.measured_date_time from clinicaldata cd1_0 where cd1_0.patient_id=?
2026-08-26 17:34:38 TRACE org.hibernate.orm.jdbc.bind - binding parameter (1:BIGINT) <- [3]
2026-08-26 17:34:38 DEBUG org.hibernate.SQL - select cd1_0.patient_id,cd1_0.id,cd1_0.component_name,cd1_0.component_value,cd1_0.measured_date_time from clinicaldata cd1_0 where cd1_0.patient_id=?
2026-08-26 17:34:38 TRACE org.hibernate.orm.jdbc.bind - binding parameter (1:BIGINT) <- [2]
2026-08-26 17:34:38 DEBUG org.hibernate.SQL - select cd1_0.patient_id,cd1_0.id,cd1_0.component_name,cd1_0.component_value,cd1_0.measured_date_time from clinicaldata cd1_0 where cd1_0.patient_id=?
2026-08-26 17:34:38 TRACE org.hibernate.orm.jdbc.bind - binding parameter (1:BIGINT) <- [1]
2026-08-26 17:35:15 INFO  c.v.c.p.r.PatientController - Fetching all patients
2026-08-26 17:35:15 DEBUG org.hibernate.SQL - select p1_0.id,p1_0.age,p1_0.first_name,p1_0.last_name from patient p1_0
2026-08-26 17:35:15 DEBUG org.hibernate.SQL - select cd1_0.patient_id,cd1_0.id,cd1_0.component_name,cd1_0.component_value,cd1_0.measured_date_time from clinicaldata cd1_0 where cd1_0.patient_id=?
2026-08-26 17:35:15 TRACE org.hibernate.orm.jdbc.bind - binding parameter (1:BIGINT) <- [18]
2026-08-26 17:35:15 DEBUG org.hibernate.SQL - select cd1_0.patient_id,cd1_0.id,cd1_0.component_name,cd1_0.component_value,cd1_0.measured_date_time from clinicaldata cd1_0 where cd1_0.patient_id=?
2026-08-26 17:35:15 TRACE org.hibernate.orm.jdbc.bind - binding parameter (1:BIGINT) <- [17]
2026-08-26 17:35:15 DEBUG org.hibernate.SQL - select cd1_0.patient_id,cd1_0.id,cd1_0.component_name,cd1_0.component_value,cd1_0.measured_date_time from clinicaldata cd1_0 where cd1_0.patient_id=?
2026-08-26 17:35:15 TRACE org.hibernate.orm.jdbc.bind - binding parameter (1:BIGINT) <- [16]
2026-08-26 17:35:15 DEBUG org.hibernate.SQL - select cd1_0.patient_id,cd1_0.id,cd1_0.component_name,cd1_0.component_value,cd1_0.measured_date_time from clinicaldata cd1_0 where cd1_0.patient_id=?
2026-08-26 17:35:15 TRACE org.hibernate.orm.jdbc.bind - binding parameter (1:BIGINT) <- [15]
2026-08-26 17:35:15 DEBUG org.hibernate.SQL - select cd1_0.patient_id,cd1_0.id,cd1_0.component_name,cd1_0.component_value,cd1_0.measured_date_time from clinicaldata cd1_0 where cd1_0.patient_id=?
2026-08-26 17:35:15 TRACE org.hibernate.orm.jdbc.bind - binding parameter (1:BIGINT) <- [14]
2026-08-26 17:35:15 DEBUG org.hibernate.SQL - select cd1_0.patient_id,cd1_0.id,cd1_0.component_name,cd1_0.component_value,cd1_0.measured_date_time from clinicaldata cd1_0 where cd1_0.patient_id=?
2026-08-26 17:35:15 TRACE org.hibernate.orm.jdbc.bind - binding parameter (1:BIGINT) <- [13]
2026-08-26 17:35:15 DEBUG org.hibernate.SQL - select cd1_0.patient_id,cd1_0.id,cd1_0.component_name,cd1_0.component_value,cd1_0.measured_date_time from clinicaldata cd1_0 where cd1_0.patient_id=?
2026-08-26 17:35:15 TRACE org.hibernate.orm.jdbc.bind - binding parameter (1:BIGINT) <- [12]
2026-08-26 17:35:15 DEBUG org.hibernate.SQL - select cd1_0.patient_id,cd1_0.id,cd1_0.component_name,cd1_0.component_value,cd1_0.measured_date_time from clinicaldata cd1_0 where cd1_0.patient_id=?
2026-08-26 17:35:15 TRACE org.hibernate.orm.jdbc.bind - binding parameter (1:BIGINT) <- [11]
2026-08-26 17:35:15 DEBUG org.hibernate.SQL - select cd1_0.patient_id,cd1_0.id,cd1_0.component_name,cd1_0.component_value,cd1_0.measured_date_time from clinicaldata cd1_0 where cd1_0.patient_id=?
2026-08-26 17:35:15 TRACE org.hibernate.orm.jdbc.bind - binding parameter (1:BIGINT) <- [10]
2026-08-26 17:35:15 DEBUG org.hibernate.SQL - select cd1_0.patient_id,cd1_0.id,cd1_0.component_name,cd1_0.component_value,cd1_0.measured_date_time from clinicaldata cd1_0 where cd1_0.patient_id=?
2026-08-26 17:35:15 TRACE org.hibernate.orm.jdbc.bind - binding parameter (1:BIGINT) <- [9]
2026-08-26 17:35:15 DEBUG org.hibernate.SQL - select cd1_0.patient_id,cd1_0.id,cd1_0.component_name,cd1_0.component_value,cd1_0.measured_date_time from clinicaldata cd1_0 where cd1_0.patient_id=?
2026-08-26 17:35:15 TRACE org.hibernate.orm.jdbc.bind - binding parameter (1:BIGINT) <- [8]
2026-08-26 17:35:15 DEBUG org.hibernate.SQL - select cd1_0.patient_id,cd1_0.id,cd1_0.component_name,cd1_0.component_value,cd1_0.measured_date_time from clinicaldata cd1_0 where cd1_0.patient_id=?
2026-08-26 17:35:15 TRACE org.hibernate.orm.jdbc.bind - binding parameter (1:BIGINT) <- [7]
2026-08-26 17:35:15 DEBUG org.hibernate.SQL - select cd1_0.patient_id,cd1_0.id,cd1_0.component_name,cd1_0.component_value,cd1_0.measured_date_time from clinicaldata cd1_0 where cd1_0.patient_id=?
2026-08-26 17:35:15 TRACE org.hibernate.orm.jdbc.bind - binding parameter (1:BIGINT) <- [6]
2026-08-26 17:35:15 DEBUG org.hibernate.SQL - select cd1_0.patient_id,cd1_0.id,cd1_0.component_name,cd1_0.component_value,cd1_0.measured_date_time from clinicaldata cd1_0 where cd1_0.patient_id=?
2026-08-26 17:35:15 TRACE org.hibernate.orm.jdbc.bind - binding parameter (1:BIGINT) <- [5]
2026-08-26 17:35:15 DEBUG org.hibernate.SQL - select cd1_0.patient_id,cd1_0.id,cd1_0.component_name,cd1_0.component_value,cd1_0.measured_date_time from clinicaldata cd1_0 where cd1_0.patient_id=?
2026-08-26 17:35:15 TRACE org.hibernate.orm.jdbc.bind - binding parameter (1:BIGINT) <- [4]
2026-08-26 17:35:15 DEBUG org.hibernate.SQL - select cd1_0.patient_id,cd1_0.id,cd1_0.component_name,cd1_0.component_value,cd1_0.measured_date_time from clinicaldata cd1_0 where cd1_0.patient_id=?
2026-08-26 17:35:15 TRACE org.hibernate.orm.jdbc.bind - binding parameter (1:BIGINT) <- [3]
2026-08-26 17:35:15 DEBUG org.hibernate.SQL - select cd1_0.patient_id,cd1_0.id,cd1_0.component_name,cd1_0.component_value,cd1_0.measured_date_time from clinicaldata cd1_0 where cd1_0.patient_id=?
2026-08-26 17:35:15 TRACE org.hibernate.orm.jdbc.bind - binding parameter (1:BIGINT) <- [2]
2026-08-26 17:35:15 DEBUG org.hibernate.SQL - select cd1_0.patient_id,cd1_0.id,cd1_0.component_name,cd1_0.component_value,cd1_0.measured_date_time from clinicaldata cd1_0 where cd1_0.patient_id=?
2026-08-26 17:35:15 TRACE org.hibernate.orm.jdbc.bind - binding parameter (1:BIGINT) <- [1]
2026-08-26 17:35:15 INFO  c.v.c.p.r.PatientController - Fetching all patients
2026-08-26 17:35:15 DEBUG org.hibernate.SQL - select p1_0.id,p1_0.age,p1_0.first_name,p1_0.last_name from patient p1_0
2026-08-26 17:35:15 DEBUG org.hibernate.SQL - select cd1_0.patient_id,cd1_0.id,cd1_0.component_name,cd1_0.component_value,cd1_0.measured_date_time from clinicaldata cd1_0 where cd1_0.patient_id=?
2026-08-26 17:35:15 TRACE org.hibernate.orm.jdbc.bind - binding parameter (1:BIGINT) <- [18]
2026-08-26 17:35:15 DEBUG org.hibernate.SQL - select cd1_0.patient_id,cd1_0.id,cd1_0.component_name,cd1_0.component_value,cd1_0.measured_date_time from clinicaldata cd1_0 where cd1_0.patient_id=?
2026-08-26 17:35:15 TRACE org.hibernate.orm.jdbc.bind - binding parameter (1:BIGINT) <- [17]
2026-08-26 17:35:15 DEBUG org.hibernate.SQL - select cd1_0.patient_id,cd1_0.id,cd1_0.component_name,cd1_0.component_value,cd1_0.measured_date_time from clinicaldata cd1_0 where cd1_0.patient_id=?
2026-08-26 17:35:15 TRACE org.hibernate.orm.jdbc.bind - binding parameter (1:BIGINT) <- [16]
2026-08-26 17:35:15 DEBUG org.hibernate.SQL - select cd1_0.patient_id,cd1_0.id,cd1_0.component_name,cd1_0.component_value,cd1_0.measured_date_time from clinicaldata cd1_0 where cd1_0.patient_id=?
2026-08-26 17:35:15 TRACE org.hibernate.orm.jdbc.bind - binding parameter (1:BIGINT) <- [15]
2026-08-26 17:35:15 DEBUG org.hibernate.SQL - select cd1_0.patient_id,cd1_0.id,cd1_0.component_name,cd1_0.component_value,cd1_0.measured_date_time from clinicaldata cd1_0 where cd1_0.patient_id=?
2026-08-26 17:35:15 TRACE org.hibernate.orm.jdbc.bind - binding parameter (1:BIGINT) <- [14]
2026-08-26 17:35:15 DEBUG org.hibernate.SQL - select cd1_0.patient_id,cd1_0.id,cd1_0.component_name,cd1_0.component_value,cd1_0.measured_date_time from clinicaldata cd1_0 where cd1_0.patient_id=?
2026-08-26 17:35:15 TRACE org.hibernate.orm.jdbc.bind - binding parameter (1:BIGINT) <- [13]
2026-08-26 17:35:15 DEBUG org.hibernate.SQL - select cd1_0.patient_id,cd1_0.id,cd1_0.component_name,cd1_0.component_value,cd1_0.measured_date_time from clinicaldata cd1_0 where cd1_0.patient_id=?
2026-08-26 17:35:15 TRACE org.hibernate.orm.jdbc.bind - binding parameter (1:BIGINT) <- [12]
2026-08-26 17:35:15 DEBUG org.hibernate.SQL - select cd1_0.patient_id,cd1_0.id,cd1_0.component_name,cd1_0.component_value,cd1_0.measured_date_time from clinicaldata cd1_0 where cd1_0.patient_id=?
2026-08-26 17:35:15 TRACE org.hibernate.orm.jdbc.bind - binding parameter (1:BIGINT) <- [11]
2026-08-26 17:35:15 DEBUG org.hibernate.SQL - select cd1_0.patient_id,cd1_0.id,cd1_0.component_name,cd1_0.component_value,cd1_0.measured_date_time from clinicaldata cd1_0 where cd1_0.patient_id=?
2026-08-26 17:35:15 TRACE org.hibernate.orm.jdbc.bind - binding parameter (1:BIGINT) <- [10]
2026-08-26 17:35:15 DEBUG org.hibernate.SQL - select cd1_0.patient_id,cd1_0.id,cd1_0.component_name,cd1_0.component_value,cd1_0.measured_date_time from clinicaldata cd1_0 where cd1_0.patient_id=?
2026-08-26 17:35:15 TRACE org.hibernate.orm.jdbc.bind - binding parameter (1:BIGINT) <- [9]
2026-08-26 17:35:15 DEBUG org.hibernate.SQL - select cd1_0.patient_id,cd1_0.id,cd1_0.component_name,cd1_0.component_value,cd1_0.measured_date_time from clinicaldata cd1_0 where cd1_0.patient_id=?
2026-08-26 17:35:15 TRACE org.hibernate.orm.jdbc.bind - binding parameter (1:BIGINT) <- [8]
2026-08-26 17:35:15 DEBUG org.hibernate.SQL - select cd1_0.patient_id,cd1_0.id,cd1_0.component_name,cd1_0.component_value,cd1_0.measured_date_time from clinicaldata cd1_0 where cd1_0.patient_id=?
2026-08-26 17:35:15 TRACE org.hibernate.orm.jdbc.bind - binding parameter (1:BIGINT) <- [7]
2026-08-26 17:35:15 DEBUG org.hibernate.SQL - select cd1_0.patient_id,cd1_0.id,cd1_0.component_name,cd1_0.component_value,cd1_0.measured_date_time from clinicaldata cd1_0 where cd1_0.patient_id=?
2026-08-26 17:35:15 TRACE org.hibernate.orm.jdbc.bind - binding parameter (1:BIGINT) <- [6]
2026-08-26 17:35:15 DEBUG org.hibernate.SQL - select cd1_0.patient_id,cd1_0.id,cd1_0.component_name,cd1_0.component_value,cd1_0.measured_date_time from clinicaldata cd1_0 where cd1_0.patient_id=?
2026-08-26 17:35:15 TRACE org.hibernate.orm.jdbc.bind - binding parameter (1:BIGINT) <- [5]
2026-08-26 17:35:15 DEBUG org.hibernate.SQL - select cd1_0.patient_id,cd1_0.id,cd1_0.component_name,cd1_0.component_value,cd1_0.measured_date_time from clinicaldata cd1_0 where cd1_0.patient_id=?
2026-08-26 17:35:15 TRACE org.hibernate.orm.jdbc.bind - binding parameter (1:BIGINT) <- [4]
2026-08-26 17:35:15 DEBUG org.hibernate.SQL - select cd1_0.patient_id,cd1_0.id,cd1_0.component_name,cd1_0.component_value,cd1_0.measured_date_time from clinicaldata cd1_0 where cd1_0.patient_id=?
2026-08-26 17:35:15 TRACE org.hibernate.orm.jdbc.bind - binding parameter (1:BIGINT) <- [3]
2026-08-26 17:35:15 DEBUG org.hibernate.SQL - select cd1_0.patient_id,cd1_0.id,cd1_0.component_name,cd1_0.component_value,cd1_0.measured_date_time from clinicaldata cd1_0 where cd1_0.patient_id=?
2026-08-26 17:35:15 TRACE org.hibernate.orm.jdbc.bind - binding parameter (1:BIGINT) <- [2]
2026-08-26 17:35:15 DEBUG org.hibernate.SQL - select cd1_0.patient_id,cd1_0.id,cd1_0.component_name,cd1_0.component_value,cd1_0.measured_date_time from clinicaldata cd1_0 where cd1_0.patient_id=?
2026-08-26 17:35:15 TRACE org.hibernate.orm.jdbc.bind - binding parameter (1:BIGINT) <- [1]
2026-08-26 17:35:17 DEBUG c.v.c.p.r.PatientController - Fetching patient with id 1
2026-08-26 17:35:17 DEBUG org.hibernate.SQL - select p1_0.id,p1_0.age,p1_0.first_name,p1_0.last_name,cd1_0.patient_id,cd1_0.id,cd1_0.component_name,cd1_0.component_value,cd1_0.measured_date_time from patient p1_0 left join clinicaldata cd1_0 on p1_0.id=cd1_0.patient_id where p1_0.id=?
2026-08-26 17:35:17 TRACE org.hibernate.orm.jdbc.bind - binding parameter (1:BIGINT) <- [1]
2026-08-26 17:35:17 DEBUG c.v.c.p.r.PatientController - Fetching patient with id 1
2026-08-26 17:35:17 DEBUG org.hibernate.SQL - select p1_0.id,p1_0.age,p1_0.first_name,p1_0.last_name,cd1_0.patient_id,cd1_0.id,cd1_0.component_name,cd1_0.component_value,cd1_0.measured_date_time from patient p1_0 left join clinicaldata cd1_0 on p1_0.id=cd1_0.patient_id where p1_0.id=?
2026-08-26 17:35:17 TRACE org.hibernate.orm.jdbc.bind - binding parameter (1:BIGINT) <- [1]
2026-08-26 17:35:44 INFO  c.v.c.p.r.PatientController - Fetching all patients
2026-08-26 17:35:44 DEBUG org.hibernate.SQL - select p1_0.id,p1_0.age,p1_0.first_name,p1_0.last_name from patient p1_0
2026-08-26 17:35:44 DEBUG org.hibernate.SQL - select cd1_0.patient_id,cd1_0.id,cd1_0.component_name,cd1_0.component_value,cd1_0.measured_date_time from clinicaldata cd1_0 where cd1_0.patient_id=?
2026-08-26 17:35:44 TRACE org.hibernate.orm.jdbc.bind - binding parameter (1:BIGINT) <- [18]
2026-08-26 17:35:44 DEBUG org.hibernate.SQL - select cd1_0.patient_id,cd1_0.id,cd1_0.component_name,cd1_0.component_value,cd1_0.measured_date_time from clinicaldata cd1_0 where cd1_0.patient_id=?
2026-08-26 17:35:44 TRACE org.hibernate.orm.jdbc.bind - binding parameter (1:BIGINT) <- [17]
2026-08-26 17:35:44 DEBUG org.hibernate.SQL - select cd1_0.patient_id,cd1_0.id,cd1_0.component_name,cd1_0.component_value,cd1_0.measured_date_time from clinicaldata cd1_0 where cd1_0.patient_id=?
2026-08-26 17:35:44 TRACE org.hibernate.orm.jdbc.bind - binding parameter (1:BIGINT) <- [16]
2026-08-26 17:35:44 DEBUG org.hibernate.SQL - select cd1_0.patient_id,cd1_0.id,cd1_0.component_name,cd1_0.component_value,cd1_0.measured_date_time from clinicaldata cd1_0 where cd1_0.patient_id=?
2026-08-26 17:35:44 TRACE org.hibernate.orm.jdbc.bind - binding parameter (1:BIGINT) <- [15]
2026-08-26 17:35:44 DEBUG org.hibernate.SQL - select cd1_0.patient_id,cd1_0.id,cd1_0.component_name,cd1_0.component_value,cd1_0.measured_date_time from clinicaldata cd1_0 where cd1_0.patient_id=?
2026-08-26 17:35:44 TRACE org.hibernate.orm.jdbc.bind - binding parameter (1:BIGINT) <- [14]
2026-08-26 17:35:44 DEBUG org.hibernate.SQL - select cd1_0.patient_id,cd1_0.id,cd1_0.component_name,cd1_0.component_value,cd1_0.measured_date_time from clinicaldata cd1_0 where cd1_0.patient_id=?
2026-08-26 17:35:44 TRACE org.hibernate.orm.jdbc.bind - binding parameter (1:BIGINT) <- [13]
2026-08-26 17:35:44 DEBUG org.hibernate.SQL - select cd1_0.patient_id,cd1_0.id,cd1_0.component_name,cd1_0.component_value,cd1_0.measured_date_time from clinicaldata cd1_0 where cd1_0.patient_id=?
2026-08-26 17:35:44 TRACE org.hibernate.orm.jdbc.bind - binding parameter (1:BIGINT) <- [12]
2026-08-26 17:35:44 DEBUG org.hibernate.SQL - select cd1_0.patient_id,cd1_0.id,cd1_0.component_name,cd1_0.component_value,cd1_0.measured_date_time from clinicaldata cd1_0 where cd1_0.patient_id=?
2026-08-26 17:35:44 TRACE org.hibernate.orm.jdbc.bind - binding parameter (1:BIGINT) <- [11]
2026-08-26 17:35:44 DEBUG org.hibernate.SQL - select cd1_0.patient_id,cd1_0.id,cd1_0.component_name,cd1_0.component_value,cd1_0.measured_date_time from clinicaldata cd1_0 where cd1_0.patient_id=?
2026-08-26 17:35:44 TRACE org.hibernate.orm.jdbc.bind - binding parameter (1:BIGINT) <- [10]
2026-08-26 17:35:44 DEBUG org.hibernate.SQL - select cd1_0.patient_id,cd1_0.id,cd1_0.component_name,cd1_0.component_value,cd1_0.measured_date_time from clinicaldata cd1_0 where cd1_0.patient_id=?
2026-08-26 17:35:44 TRACE org.hibernate.orm.jdbc.bind - binding parameter (1:BIGINT) <- [9]
2026-08-26 17:35:44 DEBUG org.hibernate.SQL - select cd1_0.patient_id,cd1_0.id,cd1_0.component_name,cd1_0.component_value,cd1_0.measured_date_time from clinicaldata cd1_0 where cd1_0.patient_id=?
2026-08-26 17:35:44 TRACE org.hibernate.orm.jdbc.bind - binding parameter (1:BIGINT) <- [8]
2026-08-26 17:35:44 DEBUG org.hibernate.SQL - select cd1_0.patient_id,cd1_0.id,cd1_0.component_name,cd1_0.component_value,cd1_0.measured_date_time from clinicaldata cd1_0 where cd1_0.patient_id=?
2026-08-26 17:35:44 TRACE org.hibernate.orm.jdbc.bind - binding parameter (1:BIGINT) <- [7]
2026-08-26 17:35:44 DEBUG org.hibernate.SQL - select cd1_0.patient_id,cd1_0.id,cd1_0.component_name,cd1_0.component_value,cd1_0.measured_date_time from clinicaldata cd1_0 where cd1_0.patient_id=?
2026-08-26 17:35:44 TRACE org.hibernate.orm.jdbc.bind - binding parameter (1:BIGINT) <- [6]
2026-08-26 17:35:44 DEBUG org.hibernate.SQL - select cd1_0.patient_id,cd1_0.id,cd1_0.component_name,cd1_0.component_value,cd1_0.measured_date_time from clinicaldata cd1_0 where cd1_0.patient_id=?
2026-08-26 17:35:44 TRACE org.hibernate.orm.jdbc.bind - binding parameter (1:BIGINT) <- [5]
2026-08-26 17:35:44 DEBUG org.hibernate.SQL - select cd1_0.patient_id,cd1_0.id,cd1_0.component_name,cd1_0.component_value,cd1_0.measured_date_time from clinicaldata cd1_0 where cd1_0.patient_id=?
2026-08-26 17:35:44 TRACE org.hibernate.orm.jdbc.bind - binding parameter (1:BIGINT) <- [4]
2026-08-26 17:35:44 DEBUG org.hibernate.SQL - select cd1_0.patient_id,cd1_0.id,cd1_0.component_name,cd1_0.component_value,cd1_0.measured_date_time from clinicaldata cd1_0 where cd1_0.patient_id=?
2026-08-26 17:35:44 TRACE org.hibernate.orm.jdbc.bind - binding parameter (1:BIGINT) <- [3]
2026-08-26 17:35:44 DEBUG org.hibernate.SQL - select cd1_0.patient_id,cd1_0.id,cd1_0.component_name,cd1_0.component_value,cd1_0.measured_date_time from clinicaldata cd1_0 where cd1_0.patient_id=?
2026-08-26 17:35:44 TRACE org.hibernate.orm.jdbc.bind - binding parameter (1:BIGINT) <- [2]
2026-08-26 17:35:44 DEBUG org.hibernate.SQL - select cd1_0.patient_id,cd1_0.id,cd1_0.component_name,cd1_0.component_value,cd1_0.measured_date_time from clinicaldata cd1_0 where cd1_0.patient_id=?
2026-08-26 17:35:44 TRACE org.hibernate.orm.jdbc.bind - binding parameter (1:BIGINT) <- [1]
2026-08-26 17:35:44 INFO  c.v.c.p.r.PatientController - Fetching all patients
2026-08-26 17:35:44 DEBUG org.hibernate.SQL - select p1_0.id,p1_0.age,p1_0.first_name,p1_0.last_name from patient p1_0
2026-08-26 17:35:44 DEBUG org.hibernate.SQL - select cd1_0.patient_id,cd1_0.id,cd1_0.component_name,cd1_0.component_value,cd1_0.measured_date_time from clinicaldata cd1_0 where cd1_0.patient_id=?
2026-08-26 17:35:44 TRACE org.hibernate.orm.jdbc.bind - binding parameter (1:BIGINT) <- [18]
2026-08-26 17:35:44 DEBUG org.hibernate.SQL - select cd1_0.patient_id,cd1_0.id,cd1_0.component_name,cd1_0.component_value,cd1_0.measured_date_time from clinicaldata cd1_0 where cd1_0.patient_id=?
2026-08-26 17:35:44 TRACE org.hibernate.orm.jdbc.bind - binding parameter (1:BIGINT) <- [17]
2026-08-26 17:35:44 DEBUG org.hibernate.SQL - select cd1_0.patient_id,cd1_0.id,cd1_0.component_name,cd1_0.component_value,cd1_0.measured_date_time from clinicaldata cd1_0 where cd1_0.patient_id=?
2026-08-26 17:35:44 TRACE org.hibernate.orm.jdbc.bind - binding parameter (1:BIGINT) <- [16]
2026-08-26 17:35:44 DEBUG org.hibernate.SQL - select cd1_0.patient_id,cd1_0.id,cd1_0.component_name,cd1_0.component_value,cd1_0.measured_date_time from clinicaldata cd1_0 where cd1_0.patient_id=?
2026-08-26 17:35:44 TRACE org.hibernate.orm.jdbc.bind - binding parameter (1:BIGINT) <- [15]
2026-08-26 17:35:44 DEBUG org.hibernate.SQL - select cd1_0.patient_id,cd1_0.id,cd1_0.component_name,cd1_0.component_value,cd1_0.measured_date_time from clinicaldata cd1_0 where cd1_0.patient_id=?
2026-08-26 17:35:44 TRACE org.hibernate.orm.jdbc.bind - binding parameter (1:BIGINT) <- [14]
2026-08-26 17:35:44 DEBUG org.hibernate.SQL - select cd1_0.patient_id,cd1_0.id,cd1_0.component_name,cd1_0.component_value,cd1_0.measured_date_time from clinicaldata cd1_0 where cd1_0.patient_id=?
2026-08-26 17:35:44 TRACE org.hibernate.orm.jdbc.bind - binding parameter (1:BIGINT) <- [13]
2026-08-26 17:35:44 DEBUG org.hibernate.SQL - select cd1_0.patient_id,cd1_0.id,cd1_0.component_name,cd1_0.component_value,cd1_0.measured_date_time from clinicaldata cd1_0 where cd1_0.patient_id=?
2026-08-26 17:35:44 TRACE org.hibernate.orm.jdbc.bind - binding parameter (1:BIGINT) <- [12]
2026-08-26 17:35:44 DEBUG org.hibernate.SQL - select cd1_0.patient_id,cd1_0.id,cd1_0.component_name,cd1_0.component_value,cd1_0.measured_date_time from clinicaldata cd1_0 where cd1_0.patient_id=?
2026-08-26 17:35:44 TRACE org.hibernate.orm.jdbc.bind - binding parameter (1:BIGINT) <- [11]
2026-08-26 17:35:44 DEBUG org.hibernate.SQL - select cd1_0.patient_id,cd1_0.id,cd1_0.component_name,cd1_0.component_value,cd1_0.measured_date_time from clinicaldata cd1_0 where cd1_0.patient_id=?
2026-08-26 17:35:44 TRACE org.hibernate.orm.jdbc.bind - binding parameter (1:BIGINT) <- [10]
2026-08-26 17:35:44 DEBUG org.hibernate.SQL - select cd1_0.patient_id,cd1_0.id,cd1_0.component_name,cd1_0.component_value,cd1_0.measured_date_time from clinicaldata cd1_0 where cd1_0.patient_id=?
2026-08-26 17:35:44 TRACE org.hibernate.orm.jdbc.bind - binding parameter (1:BIGINT) <- [9]
2026-08-26 17:35:44 DEBUG org.hibernate.SQL - select cd1_0.patient_id,cd1_0.id,cd1_0.component_name,cd1_0.component_value,cd1_0.measured_date_time from clinicaldata cd1_0 where cd1_0.patient_id=?
2026-08-26 17:35:44 TRACE org.hibernate.orm.jdbc.bind - binding parameter (1:BIGINT) <- [8]
2026-08-26 17:35:44 DEBUG org.hibernate.SQL - select cd1_0.patient_id,cd1_0.id,cd1_0.component_name,cd1_0.component_value,cd1_0.measured_date_time from clinicaldata cd1_0 where cd1_0.patient_id=?
2026-08-26 17:35:44 TRACE org.hibernate.orm.jdbc.bind - binding parameter (1:BIGINT) <- [7]
2026-08-26 17:35:44 DEBUG org.hibernate.SQL - select cd1_0.patient_id,cd1_0.id,cd1_0.component_name,cd1_0.component_value,cd1_0.measured_date_time from clinicaldata cd1_0 where cd1_0.patient_id=?
2026-08-26 17:35:44 TRACE org.hibernate.orm.jdbc.bind - binding parameter (1:BIGINT) <- [6]
2026-08-26 17:35:44 DEBUG org.hibernate.SQL - select cd1_0.patient_id,cd1_0.id,cd1_0.component_name,cd1_0.component_value,cd1_0.measured_date_time from clinicaldata cd1_0 where cd1_0.patient_id=?
2026-08-26 17:35:44 TRACE org.hibernate.orm.jdbc.bind - binding parameter (1:BIGINT) <- [5]
2026-08-26 17:35:44 DEBUG org.hibernate.SQL - select cd1_0.patient_id,cd1_0.id,cd1_0.component_name,cd1_0.component_value,cd1_0.measured_date_time from clinicaldata cd1_0 where cd1_0.patient_id=?
2026-08-26 17:35:44 TRACE org.hibernate.orm.jdbc.bind - binding parameter (1:BIGINT) <- [4]
2026-08-26 17:35:44 DEBUG org.hibernate.SQL - select cd1_0.patient_id,cd1_0.id,cd1_0.component_name,cd1_0.component_value,cd1_0.measured_date_time from clinicaldata cd1_0 where cd1_0.patient_id=?
2026-08-26 17:35:44 TRACE org.hibernate.orm.jdbc.bind - binding parameter (1:BIGINT) <- [3]
2026-08-26 17:35:44 DEBUG org.hibernate.SQL - select cd1_0.patient_id,cd1_0.id,cd1_0.component_name,cd1_0.component_value,cd1_0.measured_date_time from clinicaldata cd1_0 where cd1_0.patient_id=?
2026-08-26 17:35:44 TRACE org.hibernate.orm.jdbc.bind - binding parameter (1:BIGINT) <- [2]
2026-08-26 17:35:44 DEBUG org.hibernate.SQL - select cd1_0.patient_id,cd1_0.id,cd1_0.component_name,cd1_0.component_value,cd1_0.measured_date_time from clinicaldata cd1_0 where cd1_0.patient_id=?
2026-08-26 17:35:44 TRACE org.hibernate.orm.jdbc.bind - binding parameter (1:BIGINT) <- [1]
2026-08-26 17:35:46 DEBUG c.v.c.p.r.PatientController - Fetching patient with id 1
2026-08-26 17:35:46 DEBUG org.hibernate.SQL - select p1_0.id,p1_0.age,p1_0.first_name,p1_0.last_name,cd1_0.patient_id,cd1_0.id,cd1_0.component_name,cd1_0.component_value,cd1_0.measured_date_time from patient p1_0 left join clinicaldata cd1_0 on p1_0.id=cd1_0.patient_id where p1_0.id=?
2026-08-26 17:35:46 TRACE org.hibernate.orm.jdbc.bind - binding parameter (1:BIGINT) <- [1]
2026-08-26 17:35:46 DEBUG c.v.c.p.r.PatientController - Fetching patient with id 1
2026-08-26 17:35:46 DEBUG org.hibernate.SQL - select p1_0.id,p1_0.age,p1_0.first_name,p1_0.last_name,cd1_0.patient_id,cd1_0.id,cd1_0.component_name,cd1_0.component_value,cd1_0.measured_date_time from patient p1_0 left join clinicaldata cd1_0 on p1_0.id=cd1_0.patient_id where p1_0.id=?
2026-08-26 17:35:46 TRACE org.hibernate.orm.jdbc.bind - binding parameter (1:BIGINT) <- [1]
2026-08-26 17:35:55 DEBUG c.v.c.p.r.PatientController - Fetching patient with id 1
2026-08-26 17:35:55 DEBUG org.hibernate.SQL - select p1_0.id,p1_0.age,p1_0.first_name,p1_0.last_name,cd1_0.patient_id,cd1_0.id,cd1_0.component_name,cd1_0.component_value,cd1_0.measured_date_time from patient p1_0 left join clinicaldata cd1_0 on p1_0.id=cd1_0.patient_id where p1_0.id=?
2026-08-26 17:35:55 TRACE org.hibernate.orm.jdbc.bind - binding parameter (1:BIGINT) <- [1]
2026-08-26 17:35:56 DEBUG c.v.c.p.r.PatientController - Fetching patient with id 1
2026-08-26 17:35:56 DEBUG org.hibernate.SQL - select p1_0.id,p1_0.age,p1_0.first_name,p1_0.last_name,cd1_0.patient_id,cd1_0.id,cd1_0.component_name,cd1_0.component_value,cd1_0.measured_date_time from patient p1_0 left join clinicaldata cd1_0 on p1_0.id=cd1_0.patient_id where p1_0.id=?
2026-08-26 17:35:56 TRACE org.hibernate.orm.jdbc.bind - binding parameter (1:BIGINT) <- [1]
2026-08-26 17:35:59 INFO  c.v.c.p.r.PatientController - Fetching all patients
2026-08-26 17:35:59 DEBUG org.hibernate.SQL - select p1_0.id,p1_0.age,p1_0.first_name,p1_0.last_name from patient p1_0
2026-08-26 17:35:59 DEBUG org.hibernate.SQL - select cd1_0.patient_id,cd1_0.id,cd1_0.component_name,cd1_0.component_value,cd1_0.measured_date_time from clinicaldata cd1_0 where cd1_0.patient_id=?
2026-08-26 17:35:59 TRACE org.hibernate.orm.jdbc.bind - binding parameter (1:BIGINT) <- [18]
2026-08-26 17:35:59 DEBUG org.hibernate.SQL - select cd1_0.patient_id,cd1_0.id,cd1_0.component_name,cd1_0.component_value,cd1_0.measured_date_time from clinicaldata cd1_0 where cd1_0.patient_id=?
2026-08-26 17:35:59 TRACE org.hibernate.orm.jdbc.bind - binding parameter (1:BIGINT) <- [17]
2026-08-26 17:35:59 DEBUG org.hibernate.SQL - select cd1_0.patient_id,cd1_0.id,cd1_0.component_name,cd1_0.component_value,cd1_0.measured_date_time from clinicaldata cd1_0 where cd1_0.patient_id=?
2026-08-26 17:35:59 TRACE org.hibernate.orm.jdbc.bind - binding parameter (1:BIGINT) <- [16]
2026-08-26 17:35:59 DEBUG org.hibernate.SQL - select cd1_0.patient_id,cd1_0.id,cd1_0.component_name,cd1_0.component_value,cd1_0.measured_date_time from clinicaldata cd1_0 where cd1_0.patient_id=?
2026-08-26 17:35:59 TRACE org.hibernate.orm.jdbc.bind - binding parameter (1:BIGINT) <- [15]
2026-08-26 17:35:59 DEBUG org.hibernate.SQL - select cd1_0.patient_id,cd1_0.id,cd1_0.component_name,cd1_0.component_value,cd1_0.measured_date_time from clinicaldata cd1_0 where cd1_0.patient_id=?
2026-08-26 17:35:59 TRACE org.hibernate.orm.jdbc.bind - binding parameter (1:BIGINT) <- [14]
2026-08-26 17:35:59 DEBUG org.hibernate.SQL - select cd1_0.patient_id,cd1_0.id,cd1_0.component_name,cd1_0.component_value,cd1_0.measured_date_time from clinicaldata cd1_0 where cd1_0.patient_id=?
2026-08-26 17:35:59 TRACE org.hibernate.orm.jdbc.bind - binding parameter (1:BIGINT) <- [13]
2026-08-26 17:35:59 DEBUG org.hibernate.SQL - select cd1_0.patient_id,cd1_0.id,cd1_0.component_name,cd1_0.component_value,cd1_0.measured_date_time from clinicaldata cd1_0 where cd1_0.patient_id=?
2026-08-26 17:35:59 TRACE org.hibernate.orm.jdbc.bind - binding parameter (1:BIGINT) <- [12]
2026-08-26 17:35:59 DEBUG org.hibernate.SQL - select cd1_0.patient_id,cd1_0.id,cd1_0.component_name,cd1_0.component_value,cd1_0.measured_date_time from clinicaldata cd1_0 where cd1_0.patient_id=?
2026-08-26 17:35:59 TRACE org.hibernate.orm.jdbc.bind - binding parameter (1:BIGINT) <- [11]
2026-08-26 17:35:59 DEBUG org.hibernate.SQL - select cd1_0.patient_id,cd1_0.id,cd1_0.component_name,cd1_0.component_value,cd1_0.measured_date_time from clinicaldata cd1_0 where cd1_0.patient_id=?
2026-08-26 17:35:59 TRACE org.hibernate.orm.jdbc.bind - binding parameter (1:BIGINT) <- [10]
2026-08-26 17:35:59 DEBUG org.hibernate.SQL - select cd1_0.patient_id,cd1_0.id,cd1_0.component_name,cd1_0.component_value,cd1_0.measured_date_time from clinicaldata cd1_0 where cd1_0.patient_id=?
2026-08-26 17:35:59 TRACE org.hibernate.orm.jdbc.bind - binding parameter (1:BIGINT) <- [9]
2026-08-26 17:35:59 DEBUG org.hibernate.SQL - select cd1_0.patient_id,cd1_0.id,cd1_0.component_name,cd1_0.component_value,cd1_0.measured_date_time from clinicaldata cd1_0 where cd1_0.patient_id=?
2026-08-26 17:35:59 TRACE org.hibernate.orm.jdbc.bind - binding parameter (1:BIGINT) <- [8]
2026-08-26 17:35:59 DEBUG org.hibernate.SQL - select cd1_0.patient_id,cd1_0.id,cd1_0.component_name,cd1_0.component_value,cd1_0.measured_date_time from clinicaldata cd1_0 where cd1_0.patient_id=?
2026-08-26 17:35:59 TRACE org.hibernate.orm.jdbc.bind - binding parameter (1:BIGINT) <- [7]
2026-08-26 17:35:59 DEBUG org.hibernate.SQL - select cd1_0.patient_id,cd1_0.id,cd1_0.component_name,cd1_0.component_value,cd1_0.measured_date_time from clinicaldata cd1_0 where cd1_0.patient_id=?
2026-08-26 17:35:59 TRACE org.hibernate.orm.jdbc.bind - binding parameter (1:BIGINT) <- [6]
2026-08-26 17:35:59 DEBUG org.hibernate.SQL - select cd1_0.patient_id,cd1_0.id,cd1_0.component_name,cd1_0.component_value,cd1_0.measured_date_time from clinicaldata cd1_0 where cd1_0.patient_id=?
2026-08-26 17:35:59 TRACE org.hibernate.orm.jdbc.bind - binding parameter (1:BIGINT) <- [5]
2026-08-26 17:35:59 DEBUG org.hibernate.SQL - select cd1_0.patient_id,cd1_0.id,cd1_0.component_name,cd1_0.component_value,cd1_0.measured_date_time from clinicaldata cd1_0 where cd1_0.patient_id=?
2026-08-26 17:35:59 TRACE org.hibernate.orm.jdbc.bind - binding parameter (1:BIGINT) <- [4]
2026-08-26 17:35:59 DEBUG org.hibernate.SQL - select cd1_0.patient_id,cd1_0.id,cd1_0.component_name,cd1_0.component_value,cd1_0.measured_date_time from clinicaldata cd1_0 where cd1_0.patient_id=?
2026-08-26 17:35:59 TRACE org.hibernate.orm.jdbc.bind - binding parameter (1:BIGINT) <- [3]
2026-08-26 17:35:59 DEBUG org.hibernate.SQL - select cd1_0.patient_id,cd1_0.id,cd1_0.component_name,cd1_0.component_value,cd1_0.measured_date_time from clinicaldata cd1_0 where cd1_0.patient_id=?
2026-08-26 17:35:59 TRACE org.hibernate.orm.jdbc.bind - binding parameter (1:BIGINT) <- [2]
2026-08-26 17:35:59 DEBUG org.hibernate.SQL - select cd1_0.patient_id,cd1_0.id,cd1_0.component_name,cd1_0.component_value,cd1_0.measured_date_time from clinicaldata cd1_0 where cd1_0.patient_id=?
2026-08-26 17:35:59 TRACE org.hibernate.orm.jdbc.bind - binding parameter (1:BIGINT) <- [1]
2026-08-26 17:35:59 INFO  c.v.c.p.r.PatientController - Fetching all patients
2026-08-26 17:35:59 DEBUG org.hibernate.SQL - select p1_0.id,p1_0.age,p1_0.first_name,p1_0.last_name from patient p1_0
2026-08-26 17:35:59 DEBUG org.hibernate.SQL - select cd1_0.patient_id,cd1_0.id,cd1_0.component_name,cd1_0.component_value,cd1_0.measured_date_time from clinicaldata cd1_0 where cd1_0.patient_id=?
2026-08-26 17:35:59 TRACE org.hibernate.orm.jdbc.bind - binding parameter (1:BIGINT) <- [18]
2026-08-26 17:35:59 DEBUG org.hibernate.SQL - select cd1_0.patient_id,cd1_0.id,cd1_0.component_name,cd1_0.component_value,cd1_0.measured_date_time from clinicaldata cd1_0 where cd1_0.patient_id=?
2026-08-26 17:35:59 TRACE org.hibernate.orm.jdbc.bind - binding parameter (1:BIGINT) <- [17]
2026-08-26 17:35:59 DEBUG org.hibernate.SQL - select cd1_0.patient_id,cd1_0.id,cd1_0.component_name,cd1_0.component_value,cd1_0.measured_date_time from clinicaldata cd1_0 where cd1_0.patient_id=?
2026-08-26 17:35:59 TRACE org.hibernate.orm.jdbc.bind - binding parameter (1:BIGINT) <- [16]
2026-08-26 17:35:59 DEBUG org.hibernate.SQL - select cd1_0.patient_id,cd1_0.id,cd1_0.component_name,cd1_0.component_value,cd1_0.measured_date_time from clinicaldata cd1_0 where cd1_0.patient_id=?
2026-08-26 17:35:59 TRACE org.hibernate.orm.jdbc.bind - binding parameter (1:BIGINT) <- [15]
2026-08-26 17:35:59 DEBUG org.hibernate.SQL - select cd1_0.patient_id,cd1_0.id,cd1_0.component_name,cd1_0.component_value,cd1_0.measured_date_time from clinicaldata cd1_0 where cd1_0.patient_id=?
2026-08-26 17:35:59 TRACE org.hibernate.orm.jdbc.bind - binding parameter (1:BIGINT) <- [14]
2026-08-26 17:35:59 DEBUG org.hibernate.SQL - select cd1_0.patient_id,cd1_0.id,cd1_0.component_name,cd1_0.component_value,cd1_0.measured_date_time from clinicaldata cd1_0 where cd1_0.patient_id=?
2026-08-26 17:35:59 TRACE org.hibernate.orm.jdbc.bind - binding parameter (1:BIGINT) <- [13]
2026-08-26 17:35:59 DEBUG org.hibernate.SQL - select cd1_0.patient_id,cd1_0.id,cd1_0.component_name,cd1_0.component_value,cd1_0.measured_date_time from clinicaldata cd1_0 where cd1_0.patient_id=?
2026-08-26 17:35:59 TRACE org.hibernate.orm.jdbc.bind - binding parameter (1:BIGINT) <- [12]
2026-08-26 17:35:59 DEBUG org.hibernate.SQL - select cd1_0.patient_id,cd1_0.id,cd1_0.component_name,cd1_0.component_value,cd1_0.measured_date_time from clinicaldata cd1_0 where cd1_0.patient_id=?
2026-08-26 17:35:59 TRACE org.hibernate.orm.jdbc.bind - binding parameter (1:BIGINT) <- [11]
2026-08-26 17:35:59 DEBUG org.hibernate.SQL - select cd1_0.patient_id,cd1_0.id,cd1_0.component_name,cd1_0.component_value,cd1_0.measured_date_time from clinicaldata cd1_0 where cd1_0.patient_id=?
2026-08-26 17:35:59 TRACE org.hibernate.orm.jdbc.bind - binding parameter (1:BIGINT) <- [10]
2026-08-26 17:35:59 DEBUG org.hibernate.SQL - select cd1_0.patient_id,cd1_0.id,cd1_0.component_name,cd1_0.component_value,cd1_0.measured_date_time from clinicaldata cd1_0 where cd1_0.patient_id=?
2026-08-26 17:35:59 TRACE org.hibernate.orm.jdbc.bind - binding parameter (1:BIGINT) <- [9]
2026-08-26 17:35:59 DEBUG org.hibernate.SQL - select cd1_0.patient_id,cd1_0.id,cd1_0.component_name,cd1_0.component_value,cd1_0.measured_date_time from clinicaldata cd1_0 where cd1_0.patient_id=?
2026-08-26 17:35:59 TRACE org.hibernate.orm.jdbc.bind - binding parameter (1:BIGINT) <- [8]
2026-08-26 17:35:59 DEBUG org.hibernate.SQL - select cd1_0.patient_id,cd1_0.id,cd1_0.component_name,cd1_0.component_value,cd1_0.measured_date_time from clinicaldata cd1_0 where cd1_0.patient_id=?
2026-08-26 17:35:59 TRACE org.hibernate.orm.jdbc.bind - binding parameter (1:BIGINT) <- [7]
2026-08-26 17:35:59 DEBUG org.hibernate.SQL - select cd1_0.patient_id,cd1_0.id,cd1_0.component_name,cd1_0.component_value,cd1_0.measured_date_time from clinicaldata cd1_0 where cd1_0.patient_id=?
2026-08-26 17:35:59 TRACE org.hibernate.orm.jdbc.bind - binding parameter (1:BIGINT) <- [6]
2026-08-26 17:35:59 DEBUG org.hibernate.SQL - select cd1_0.patient_id,cd1_0.id,cd1_0.component_name,cd1_0.component_value,cd1_0.measured_date_time from clinicaldata cd1_0 where cd1_0.patient_id=?
2026-08-26 17:35:59 TRACE org.hibernate.orm.jdbc.bind - binding parameter (1:BIGINT) <- [5]
2026-08-26 17:35:59 DEBUG org.hibernate.SQL - select cd1_0.patient_id,cd1_0.id,cd1_0.component_name,cd1_0.component_value,cd1_0.measured_date_time from clinicaldata cd1_0 where cd1_0.patient_id=?
2026-08-26 17:35:59 TRACE org.hibernate.orm.jdbc.bind - binding parameter (1:BIGINT) <- [4]
2026-08-26 17:35:59 DEBUG org.hibernate.SQL - select cd1_0.patient_id,cd1_0.id,cd1_0.component_name,cd1_0.component_value,cd1_0.measured_date_time from clinicaldata cd1_0 where cd1_0.patient_id=?
2026-08-26 17:35:59 TRACE org.hibernate.orm.jdbc.bind - binding parameter (1:BIGINT) <- [3]
2026-08-26 17:35:59 DEBUG org.hibernate.SQL - select cd1_0.patient_id,cd1_0.id,cd1_0.component_name,cd1_0.component_value,cd1_0.measured_date_time from clinicaldata cd1_0 where cd1_0.patient_id=?
2026-08-26 17:35:59 TRACE org.hibernate.orm.jdbc.bind - binding parameter (1:BIGINT) <- [2]
2026-08-26 17:35:59 DEBUG org.hibernate.SQL - select cd1_0.patient_id,cd1_0.id,cd1_0.component_name,cd1_0.component_value,cd1_0.measured_date_time from clinicaldata cd1_0 where cd1_0.patient_id=?
2026-08-26 17:35:59 TRACE org.hibernate.orm.jdbc.bind - binding parameter (1:BIGINT) <- [1]
2026-08-26 17:36:03 INFO  c.v.c.p.r.PatientController - Fetching all patients
2026-08-26 17:36:03 DEBUG org.hibernate.SQL - select p1_0.id,p1_0.age,p1_0.first_name,p1_0.last_name from patient p1_0
2026-08-26 17:36:03 DEBUG org.hibernate.SQL - select cd1_0.patient_id,cd1_0.id,cd1_0.component_name,cd1_0.component_value,cd1_0.measured_date_time from clinicaldata cd1_0 where cd1_0.patient_id=?
2026-08-26 17:36:03 TRACE org.hibernate.orm.jdbc.bind - binding parameter (1:BIGINT) <- [18]
2026-08-26 17:36:03 DEBUG org.hibernate.SQL - select cd1_0.patient_id,cd1_0.id,cd1_0.component_name,cd1_0.component_value,cd1_0.measured_date_time from clinicaldata cd1_0 where cd1_0.patient_id=?
2026-08-26 17:36:03 TRACE org.hibernate.orm.jdbc.bind - binding parameter (1:BIGINT) <- [17]
2026-08-26 17:36:03 DEBUG org.hibernate.SQL - select cd1_0.patient_id,cd1_0.id,cd1_0.component_name,cd1_0.component_value,cd1_0.measured_date_time from clinicaldata cd1_0 where cd1_0.patient_id=?
2026-08-26 17:36:03 TRACE org.hibernate.orm.jdbc.bind - binding parameter (1:BIGINT) <- [16]
2026-08-26 17:36:03 DEBUG org.hibernate.SQL - select cd1_0.patient_id,cd1_0.id,cd1_0.component_name,cd1_0.component_value,cd1_0.measured_date_time from clinicaldata cd1_0 where cd1_0.patient_id=?
2026-08-26 17:36:03 TRACE org.hibernate.orm.jdbc.bind - binding parameter (1:BIGINT) <- [15]
2026-08-26 17:36:03 DEBUG org.hibernate.SQL - select cd1_0.patient_id,cd1_0.id,cd1_0.component_name,cd1_0.component_value,cd1_0.measured_date_time from clinicaldata cd1_0 where cd1_0.patient_id=?
2026-08-26 17:36:03 TRACE org.hibernate.orm.jdbc.bind - binding parameter (1:BIGINT) <- [14]
2026-08-26 17:36:03 DEBUG org.hibernate.SQL - select cd1_0.patient_id,cd1_0.id,cd1_0.component_name,cd1_0.component_value,cd1_0.measured_date_time from clinicaldata cd1_0 where cd1_0.patient_id=?
2026-08-26 17:36:03 TRACE org.hibernate.orm.jdbc.bind - binding parameter (1:BIGINT) <- [13]
2026-08-26 17:36:03 DEBUG org.hibernate.SQL - select cd1_0.patient_id,cd1_0.id,cd1_0.component_name,cd1_0.component_value,cd1_0.measured_date_time from clinicaldata cd1_0 where cd1_0.patient_id=?
2026-08-26 17:36:03 TRACE org.hibernate.orm.jdbc.bind - binding parameter (1:BIGINT) <- [12]
2026-08-26 17:36:03 DEBUG org.hibernate.SQL - select cd1_0.patient_id,cd1_0.id,cd1_0.component_name,cd1_0.component_value,cd1_0.measured_date_time from clinicaldata cd1_0 where cd1_0.patient_id=?
2026-08-26 17:36:03 TRACE org.hibernate.orm.jdbc.bind - binding parameter (1:BIGINT) <- [11]
2026-08-26 17:36:03 DEBUG org.hibernate.SQL - select cd1_0.patient_id,cd1_0.id,cd1_0.component_name,cd1_0.component_value,cd1_0.measured_date_time from clinicaldata cd1_0 where cd1_0.patient_id=?
2026-08-26 17:36:03 TRACE org.hibernate.orm.jdbc.bind - binding parameter (1:BIGINT) <- [10]
2026-08-26 17:36:03 DEBUG org.hibernate.SQL - select cd1_0.patient_id,cd1_0.id,cd1_0.component_name,cd1_0.component_value,cd1_0.measured_date_time from clinicaldata cd1_0 where cd1_0.patient_id=?
2026-08-26 17:36:03 TRACE org.hibernate.orm.jdbc.bind - binding parameter (1:BIGINT) <- [9]
2026-08-26 17:36:03 DEBUG org.hibernate.SQL - select cd1_0.patient_id,cd1_0.id,cd1_0.component_name,cd1_0.component_value,cd1_0.measured_date_time from clinicaldata cd1_0 where cd1_0.patient_id=?
2026-08-26 17:36:03 TRACE org.hibernate.orm.jdbc.bind - binding parameter (1:BIGINT) <- [8]
2026-08-26 17:36:03 DEBUG org.hibernate.SQL - select cd1_0.patient_id,cd1_0.id,cd1_0.component_name,cd1_0.component_value,cd1_0.measured_date_time from clinicaldata cd1_0 where cd1_0.patient_id=?
2026-08-26 17:36:03 TRACE org.hibernate.orm.jdbc.bind - binding parameter (1:BIGINT) <- [7]
2026-08-26 17:36:03 DEBUG org.hibernate.SQL - select cd1_0.patient_id,cd1_0.id,cd1_0.component_name,cd1_0.component_value,cd1_0.measured_date_time from clinicaldata cd1_0 where cd1_0.patient_id=?
2026-08-26 17:36:03 TRACE org.hibernate.orm.jdbc.bind - binding parameter (1:BIGINT) <- [6]
2026-08-26 17:36:03 DEBUG org.hibernate.SQL - select cd1_0.patient_id,cd1_0.id,cd1_0.component_name,cd1_0.component_value,cd1_0.measured_date_time from clinicaldata cd1_0 where cd1_0.patient_id=?
2026-08-26 17:36:03 TRACE org.hibernate.orm.jdbc.bind - binding parameter (1:BIGINT) <- [5]
2026-08-26 17:36:03 DEBUG org.hibernate.SQL - select cd1_0.patient_id,cd1_0.id,cd1_0.component_name,cd1_0.component_value,cd1_0.measured_date_time from clinicaldata cd1_0 where cd1_0.patient_id=?
2026-08-26 17:36:03 TRACE org.hibernate.orm.jdbc.bind - binding parameter (1:BIGINT) <- [4]
2026-08-26 17:36:03 DEBUG org.hibernate.SQL - select cd1_0.patient_id,cd1_0.id,cd1_0.component_name,cd1_0.component_value,cd1_0.measured_date_time from clinicaldata cd1_0 where cd1_0.patient_id=?
2026-08-26 17:36:03 TRACE org.hibernate.orm.jdbc.bind - binding parameter (1:BIGINT) <- [3]
2026-08-26 17:36:03 DEBUG org.hibernate.SQL - select cd1_0.patient_id,cd1_0.id,cd1_0.component_name,cd1_0.component_value,cd1_0.measured_date_time from clinicaldata cd1_0 where cd1_0.patient_id=?
2026-08-26 17:36:03 TRACE org.hibernate.orm.jdbc.bind - binding parameter (1:BIGINT) <- [2]
2026-08-26 17:36:03 DEBUG org.hibernate.SQL - select cd1_0.patient_id,cd1_0.id,cd1_0.component_name,cd1_0.component_value,cd1_0.measured_date_time from clinicaldata cd1_0 where cd1_0.patient_id=?
2026-08-26 17:36:03 TRACE org.hibernate.orm.jdbc.bind - binding parameter (1:BIGINT) <- [1]
2026-08-26 17:36:03 INFO  c.v.c.p.r.PatientController - Fetching all patients
2026-08-26 17:36:03 DEBUG org.hibernate.SQL - select p1_0.id,p1_0.age,p1_0.first_name,p1_0.last_name from patient p1_0
2026-08-26 17:36:03 DEBUG org.hibernate.SQL - select cd1_0.patient_id,cd1_0.id,cd1_0.component_name,cd1_0.component_value,cd1_0.measured_date_time from clinicaldata cd1_0 where cd1_0.patient_id=?
2026-08-26 17:36:03 TRACE org.hibernate.orm.jdbc.bind - binding parameter (1:BIGINT) <- [18]
2026-08-26 17:36:03 DEBUG org.hibernate.SQL - select cd1_0.patient_id,cd1_0.id,cd1_0.component_name,cd1_0.component_value,cd1_0.measured_date_time from clinicaldata cd1_0 where cd1_0.patient_id=?
2026-08-26 17:36:03 TRACE org.hibernate.orm.jdbc.bind - binding parameter (1:BIGINT) <- [17]
2026-08-26 17:36:03 DEBUG org.hibernate.SQL - select cd1_0.patient_id,cd1_0.id,cd1_0.component_name,cd1_0.component_value,cd1_0.measured_date_time from clinicaldata cd1_0 where cd1_0.patient_id=?
2026-08-26 17:36:03 TRACE org.hibernate.orm.jdbc.bind - binding parameter (1:BIGINT) <- [16]
2026-08-26 17:36:03 DEBUG org.hibernate.SQL - select cd1_0.patient_id,cd1_0.id,cd1_0.component_name,cd1_0.component_value,cd1_0.measured_date_time from clinicaldata cd1_0 where cd1_0.patient_id=?
2026-08-26 17:36:03 TRACE org.hibernate.orm.jdbc.bind - binding parameter (1:BIGINT) <- [15]
2026-08-26 17:36:03 DEBUG org.hibernate.SQL - select cd1_0.patient_id,cd1_0.id,cd1_0.component_name,cd1_0.component_value,cd1_0.measured_date_time from clinicaldata cd1_0 where cd1_0.patient_id=?
2026-08-26 17:36:03 TRACE org.hibernate.orm.jdbc.bind - binding parameter (1:BIGINT) <- [14]
2026-08-26 17:36:03 DEBUG org.hibernate.SQL - select cd1_0.patient_id,cd1_0.id,cd1_0.component_name,cd1_0.component_value,cd1_0.measured_date_time from clinicaldata cd1_0 where cd1_0.patient_id=?
2026-08-26 17:36:03 TRACE org.hibernate.orm.jdbc.bind - binding parameter (1:BIGINT) <- [13]
2026-08-26 17:36:03 DEBUG org.hibernate.SQL - select cd1_0.patient_id,cd1_0.id,cd1_0.component_name,cd1_0.component_value,cd1_0.measured_date_time from clinicaldata cd1_0 where cd1_0.patient_id=?
2026-08-26 17:36:03 TRACE org.hibernate.orm.jdbc.bind - binding parameter (1:BIGINT) <- [12]
2026-08-26 17:36:03 DEBUG org.hibernate.SQL - select cd1_0.patient_id,cd1_0.id,cd1_0.component_name,cd1_0.component_value,cd1_0.measured_date_time from clinicaldata cd1_0 where cd1_0.patient_id=?
2026-08-26 17:36:03 TRACE org.hibernate.orm.jdbc.bind - binding parameter (1:BIGINT) <- [11]
2026-08-26 17:36:03 DEBUG org.hibernate.SQL - select cd1_0.patient_id,cd1_0.id,cd1_0.component_name,cd1_0.component_value,cd1_0.measured_date_time from clinicaldata cd1_0 where cd1_0.patient_id=?
2026-08-26 17:36:03 TRACE org.hibernate.orm.jdbc.bind - binding parameter (1:BIGINT) <- [10]
2026-08-26 17:36:03 DEBUG org.hibernate.SQL - select cd1_0.patient_id,cd1_0.id,cd1_0.component_name,cd1_0.component_value,cd1_0.measured_date_time from clinicaldata cd1_0 where cd1_0.patient_id=?
2026-08-26 17:36:03 TRACE org.hibernate.orm.jdbc.bind - binding parameter (1:BIGINT) <- [9]
2026-08-26 17:36:03 DEBUG org.hibernate.SQL - select cd1_0.patient_id,cd1_0.id,cd1_0.component_name,cd1_0.component_value,cd1_0.measured_date_time from clinicaldata cd1_0 where cd1_0.patient_id=?
2026-08-26 17:36:03 TRACE org.hibernate.orm.jdbc.bind - binding parameter (1:BIGINT) <- [8]
2026-08-26 17:36:03 DEBUG org.hibernate.SQL - select cd1_0.patient_id,cd1_0.id,cd1_0.component_name,cd1_0.component_value,cd1_0.measured_date_time from clinicaldata cd1_0 where cd1_0.patient_id=?
2026-08-26 17:36:03 TRACE org.hibernate.orm.jdbc.bind - binding parameter (1:BIGINT) <- [7]
2026-08-26 17:36:03 DEBUG org.hibernate.SQL - select cd1_0.patient_id,cd1_0.id,cd1_0.component_name,cd1_0.component_value,cd1_0.measured_date_time from clinicaldata cd1_0 where cd1_0.patient_id=?
2026-08-26 17:36:03 TRACE org.hibernate.orm.jdbc.bind - binding parameter (1:BIGINT) <- [6]
2026-08-26 17:36:03 DEBUG org.hibernate.SQL - select cd1_0.patient_id,cd1_0.id,cd1_0.component_name,cd1_0.component_value,cd1_0.measured_date_time from clinicaldata cd1_0 where cd1_0.patient_id=?
2026-08-26 17:36:03 TRACE org.hibernate.orm.jdbc.bind - binding parameter (1:BIGINT) <- [5]
2026-08-26 17:36:03 DEBUG org.hibernate.SQL - select cd1_0.patient_id,cd1_0.id,cd1_0.component_name,cd1_0.component_value,cd1_0.measured_date_time from clinicaldata cd1_0 where cd1_0.patient_id=?
2026-08-26 17:36:03 TRACE org.hibernate.orm.jdbc.bind - binding parameter (1:BIGINT) <- [4]
2026-08-26 17:36:03 DEBUG org.hibernate.SQL - select cd1_0.patient_id,cd1_0.id,cd1_0.component_name,cd1_0.component_value,cd1_0.measured_date_time from clinicaldata cd1_0 where cd1_0.patient_id=?
2026-08-26 17:36:03 TRACE org.hibernate.orm.jdbc.bind - binding parameter (1:BIGINT) <- [3]
2026-08-26 17:36:03 DEBUG org.hibernate.SQL - select cd1_0.patient_id,cd1_0.id,cd1_0.component_name,cd1_0.component_value,cd1_0.measured_date_time from clinicaldata cd1_0 where cd1_0.patient_id=?
2026-08-26 17:36:03 TRACE org.hibernate.orm.jdbc.bind - binding parameter (1:BIGINT) <- [2]
2026-08-26 17:36:03 DEBUG org.hibernate.SQL - select cd1_0.patient_id,cd1_0.id,cd1_0.component_name,cd1_0.component_value,cd1_0.measured_date_time from clinicaldata cd1_0 where cd1_0.patient_id=?
2026-08-26 17:36:03 TRACE org.hibernate.orm.jdbc.bind - binding parameter (1:BIGINT) <- [1]
2026-08-26 17:36:26 INFO  c.v.c.p.r.PatientController - Fetching all patients
2026-08-26 17:36:26 DEBUG org.hibernate.SQL - select p1_0.id,p1_0.age,p1_0.first_name,p1_0.last_name from patient p1_0
2026-08-26 17:36:26 DEBUG org.hibernate.SQL - select cd1_0.patient_id,cd1_0.id,cd1_0.component_name,cd1_0.component_value,cd1_0.measured_date_time from clinicaldata cd1_0 where cd1_0.patient_id=?
2026-08-26 17:36:26 TRACE org.hibernate.orm.jdbc.bind - binding parameter (1:BIGINT) <- [18]
2026-08-26 17:36:26 DEBUG org.hibernate.SQL - select cd1_0.patient_id,cd1_0.id,cd1_0.component_name,cd1_0.component_value,cd1_0.measured_date_time from clinicaldata cd1_0 where cd1_0.patient_id=?
2026-08-26 17:36:26 TRACE org.hibernate.orm.jdbc.bind - binding parameter (1:BIGINT) <- [17]
2026-08-26 17:36:26 DEBUG org.hibernate.SQL - select cd1_0.patient_id,cd1_0.id,cd1_0.component_name,cd1_0.component_value,cd1_0.measured_date_time from clinicaldata cd1_0 where cd1_0.patient_id=?
2026-08-26 17:36:26 TRACE org.hibernate.orm.jdbc.bind - binding parameter (1:BIGINT) <- [16]
2026-08-26 17:36:26 DEBUG org.hibernate.SQL - select cd1_0.patient_id,cd1_0.id,cd1_0.component_name,cd1_0.component_value,cd1_0.measured_date_time from clinicaldata cd1_0 where cd1_0.patient_id=?
2026-08-26 17:36:26 TRACE org.hibernate.orm.jdbc.bind - binding parameter (1:BIGINT) <- [15]
2026-08-26 17:36:26 DEBUG org.hibernate.SQL - select cd1_0.patient_id,cd1_0.id,cd1_0.component_name,cd1_0.component_value,cd1_0.measured_date_time from clinicaldata cd1_0 where cd1_0.patient_id=?
2026-08-26 17:36:26 TRACE org.hibernate.orm.jdbc.bind - binding parameter (1:BIGINT) <- [14]
2026-08-26 17:36:26 DEBUG org.hibernate.SQL - select cd1_0.patient_id,cd1_0.id,cd1_0.component_name,cd1_0.component_value,cd1_0.measured_date_time from clinicaldata cd1_0 where cd1_0.patient_id=?
2026-08-26 17:36:26 TRACE org.hibernate.orm.jdbc.bind - binding parameter (1:BIGINT) <- [13]
2026-08-26 17:36:26 DEBUG org.hibernate.SQL - select cd1_0.patient_id,cd1_0.id,cd1_0.component_name,cd1_0.component_value,cd1_0.measured_date_time from clinicaldata cd1_0 where cd1_0.patient_id=?
2026-08-26 17:36:26 TRACE org.hibernate.orm.jdbc.bind - binding parameter (1:BIGINT) <- [12]
2026-08-26 17:36:26 DEBUG org.hibernate.SQL - select cd1_0.patient_id,cd1_0.id,cd1_0.component_name,cd1_0.component_value,cd1_0.measured_date_time from clinicaldata cd1_0 where cd1_0.patient_id=?
2026-08-26 17:36:26 TRACE org.hibernate.orm.jdbc.bind - binding parameter (1:BIGINT) <- [11]
2026-08-26 17:36:26 DEBUG org.hibernate.SQL - select cd1_0.patient_id,cd1_0.id,cd1_0.component_name,cd1_0.component_value,cd1_0.measured_date_time from clinicaldata cd1_0 where cd1_0.patient_id=?
2026-08-26 17:36:26 TRACE org.hibernate.orm.jdbc.bind - binding parameter (1:BIGINT) <- [10]
2026-08-26 17:36:26 DEBUG org.hibernate.SQL - select cd1_0.patient_id,cd1_0.id,cd1_0.component_name,cd1_0.component_value,cd1_0.measured_date_time from clinicaldata cd1_0 where cd1_0.patient_id=?
2026-08-26 17:36:26 TRACE org.hibernate.orm.jdbc.bind - binding parameter (1:BIGINT) <- [9]
2026-08-26 17:36:26 DEBUG org.hibernate.SQL - select cd1_0.patient_id,cd1_0.id,cd1_0.component_name,cd1_0.component_value,cd1_0.measured_date_time from clinicaldata cd1_0 where cd1_0.patient_id=?
2026-08-26 17:36:26 TRACE org.hibernate.orm.jdbc.bind - binding parameter (1:BIGINT) <- [8]
2026-08-26 17:36:26 DEBUG org.hibernate.SQL - select cd1_0.patient_id,cd1_0.id,cd1_0.component_name,cd1_0.component_value,cd1_0.measured_date_time from clinicaldata cd1_0 where cd1_0.patient_id=?
2026-08-26 17:36:26 TRACE org.hibernate.orm.jdbc.bind - binding parameter (1:BIGINT) <- [7]
2026-08-26 17:36:26 DEBUG org.hibernate.SQL - select cd1_0.patient_id,cd1_0.id,cd1_0.component_name,cd1_0.component_value,cd1_0.measured_date_time from clinicaldata cd1_0 where cd1_0.patient_id=?
2026-08-26 17:36:26 TRACE org.hibernate.orm.jdbc.bind - binding parameter (1:BIGINT) <- [6]
2026-08-26 17:36:26 DEBUG org.hibernate.SQL - select cd1_0.patient_id,cd1_0.id,cd1_0.component_name,cd1_0.component_value,cd1_0.measured_date_time from clinicaldata cd1_0 where cd1_0.patient_id=?
2026-08-26 17:36:26 TRACE org.hibernate.orm.jdbc.bind - binding parameter (1:BIGINT) <- [5]
2026-08-26 17:36:26 DEBUG org.hibernate.SQL - select cd1_0.patient_id,cd1_0.id,cd1_0.component_name,cd1_0.component_value,cd1_0.measured_date_time from clinicaldata cd1_0 where cd1_0.patient_id=?
2026-08-26 17:36:26 TRACE org.hibernate.orm.jdbc.bind - binding parameter (1:BIGINT) <- [4]
2026-08-26 17:36:26 DEBUG org.hibernate.SQL - select cd1_0.patient_id,cd1_0.id,cd1_0.component_name,cd1_0.component_value,cd1_0.measured_date_time from clinicaldata cd1_0 where cd1_0.patient_id=?
2026-08-26 17:36:26 TRACE org.hibernate.orm.jdbc.bind - binding parameter (1:BIGINT) <- [3]
2026-08-26 17:36:26 DEBUG org.hibernate.SQL - select cd1_0.patient_id,cd1_0.id,cd1_0.component_name,cd1_0.component_value,cd1_0.measured_date_time from clinicaldata cd1_0 where cd1_0.patient_id=?
2026-08-26 17:36:26 TRACE org.hibernate.orm.jdbc.bind - binding parameter (1:BIGINT) <- [2]
2026-08-26 17:36:26 DEBUG org.hibernate.SQL - select cd1_0.patient_id,cd1_0.id,cd1_0.component_name,cd1_0.component_value,cd1_0.measured_date_time from clinicaldata cd1_0 where cd1_0.patient_id=?
2026-08-26 17:36:26 TRACE org.hibernate.orm.jdbc.bind - binding parameter (1:BIGINT) <- [1]
2026-08-26 17:36:26 INFO  c.v.c.p.r.PatientController - Fetching all patients
2026-08-26 17:36:26 DEBUG org.hibernate.SQL - select p1_0.id,p1_0.age,p1_0.first_name,p1_0.last_name from patient p1_0
2026-08-26 17:36:26 DEBUG org.hibernate.SQL - select cd1_0.patient_id,cd1_0.id,cd1_0.component_name,cd1_0.component_value,cd1_0.measured_date_time from clinicaldata cd1_0 where cd1_0.patient_id=?
2026-08-26 17:36:26 TRACE org.hibernate.orm.jdbc.bind - binding parameter (1:BIGINT) <- [18]
2026-08-26 17:36:26 DEBUG org.hibernate.SQL - select cd1_0.patient_id,cd1_0.id,cd1_0.component_name,cd1_0.component_value,cd1_0.measured_date_time from clinicaldata cd1_0 where cd1_0.patient_id=?
2026-08-26 17:36:26 TRACE org.hibernate.orm.jdbc.bind - binding parameter (1:BIGINT) <- [17]
2026-08-26 17:36:26 DEBUG org.hibernate.SQL - select cd1_0.patient_id,cd1_0.id,cd1_0.component_name,cd1_0.component_value,cd1_0.measured_date_time from clinicaldata cd1_0 where cd1_0.patient_id=?
2026-08-26 17:36:26 TRACE org.hibernate.orm.jdbc.bind - binding parameter (1:BIGINT) <- [16]
2026-08-26 17:36:26 DEBUG org.hibernate.SQL - select cd1_0.patient_id,cd1_0.id,cd1_0.component_name,cd1_0.component_value,cd1_0.measured_date_time from clinicaldata cd1_0 where cd1_0.patient_id=?
2026-08-26 17:36:26 TRACE org.hibernate.orm.jdbc.bind - binding parameter (1:BIGINT) <- [15]
2026-08-26 17:36:26 DEBUG org.hibernate.SQL - select cd1_0.patient_id,cd1_0.id,cd1_0.component_name,cd1_0.component_value,cd1_0.measured_date_time from clinicaldata cd1_0 where cd1_0.patient_id=?
2026-08-26 17:36:26 TRACE org.hibernate.orm.jdbc.bind - binding parameter (1:BIGINT) <- [14]
2026-08-26 17:36:26 DEBUG org.hibernate.SQL - select cd1_0.patient_id,cd1_0.id,cd1_0.component_name,cd1_0.component_value,cd1_0.measured_date_time from clinicaldata cd1_0 where cd1_0.patient_id=?
2026-08-26 17:36:26 TRACE org.hibernate.orm.jdbc.bind - binding parameter (1:BIGINT) <- [13]
2026-08-26 17:36:26 DEBUG org.hibernate.SQL - select cd1_0.patient_id,cd1_0.id,cd1_0.component_name,cd1_0.component_value,cd1_0.measured_date_time from clinicaldata cd1_0 where cd1_0.patient_id=?
2026-08-26 17:36:26 TRACE org.hibernate.orm.jdbc.bind - binding parameter (1:BIGINT) <- [12]
2026-08-26 17:36:26 DEBUG org.hibernate.SQL - select cd1_0.patient_id,cd1_0.id,cd1_0.component_name,cd1_0.component_value,cd1_0.measured_date_time from clinicaldata cd1_0 where cd1_0.patient_id=?
2026-08-26 17:36:26 TRACE org.hibernate.orm.jdbc.bind - binding parameter (1:BIGINT) <- [11]
2026-08-26 17:36:26 DEBUG org.hibernate.SQL - select cd1_0.patient_id,cd1_0.id,cd1_0.component_name,cd1_0.component_value,cd1_0.measured_date_time from clinicaldata cd1_0 where cd1_0.patient_id=?
2026-08-26 17:36:26 TRACE org.hibernate.orm.jdbc.bind - binding parameter (1:BIGINT) <- [10]
2026-08-26 17:36:26 DEBUG org.hibernate.SQL - select cd1_0.patient_id,cd1_0.id,cd1_0.component_name,cd1_0.component_value,cd1_0.measured_date_time from clinicaldata cd1_0 where cd1_0.patient_id=?
2026-08-26 17:36:26 TRACE org.hibernate.orm.jdbc.bind - binding parameter (1:BIGINT) <- [9]
2026-08-26 17:36:26 DEBUG org.hibernate.SQL - select cd1_0.patient_id,cd1_0.id,cd1_0.component_name,cd1_0.component_value,cd1_0.measured_date_time from clinicaldata cd1_0 where cd1_0.patient_id=?
2026-08-26 17:36:26 TRACE org.hibernate.orm.jdbc.bind - binding parameter (1:BIGINT) <- [8]
2026-08-26 17:36:26 DEBUG org.hibernate.SQL - select cd1_0.patient_id,cd1_0.id,cd1_0.component_name,cd1_0.component_value,cd1_0.measured_date_time from clinicaldata cd1_0 where cd1_0.patient_id=?
2026-08-26 17:36:26 TRACE org.hibernate.orm.jdbc.bind - binding parameter (1:BIGINT) <- [7]
2026-08-26 17:36:26 DEBUG org.hibernate.SQL - select cd1_0.patient_id,cd1_0.id,cd1_0.component_name,cd1_0.component_value,cd1_0.measured_date_time from clinicaldata cd1_0 where cd1_0.patient_id=?
2026-08-26 17:36:26 TRACE org.hibernate.orm.jdbc.bind - binding parameter (1:BIGINT) <- [6]
2026-08-26 17:36:26 DEBUG org.hibernate.SQL - select cd1_0.patient_id,cd1_0.id,cd1_0.component_name,cd1_0.component_value,cd1_0.measured_date_time from clinicaldata cd1_0 where cd1_0.patient_id=?
2026-08-26 17:36:26 TRACE org.hibernate.orm.jdbc.bind - binding parameter (1:BIGINT) <- [5]
2026-08-26 17:36:26 DEBUG org.hibernate.SQL - select cd1_0.patient_id,cd1_0.id,cd1_0.component_name,cd1_0.component_value,cd1_0.measured_date_time from clinicaldata cd1_0 where cd1_0.patient_id=?
2026-08-26 17:36:26 TRACE org.hibernate.orm.jdbc.bind - binding parameter (1:BIGINT) <- [4]
2026-08-26 17:36:26 DEBUG org.hibernate.SQL - select cd1_0.patient_id,cd1_0.id,cd1_0.component_name,cd1_0.component_value,cd1_0.measured_date_time from clinicaldata cd1_0 where cd1_0.patient_id=?
2026-08-26 17:36:26 TRACE org.hibernate.orm.jdbc.bind - binding parameter (1:BIGINT) <- [3]
2026-08-26 17:36:26 DEBUG org.hibernate.SQL - select cd1_0.patient_id,cd1_0.id,cd1_0.component_name,cd1_0.component_value,cd1_0.measured_date_time from clinicaldata cd1_0 where cd1_0.patient_id=?
2026-08-26 17:36:26 TRACE org.hibernate.orm.jdbc.bind - binding parameter (1:BIGINT) <- [2]
2026-08-26 17:36:26 DEBUG org.hibernate.SQL - select cd1_0.patient_id,cd1_0.id,cd1_0.component_name,cd1_0.component_value,cd1_0.measured_date_time from clinicaldata cd1_0 where cd1_0.patient_id=?
2026-08-26 17:36:26 TRACE org.hibernate.orm.jdbc.bind - binding parameter (1:BIGINT) <- [1]
2026-08-26 17:36:28 DEBUG c.v.c.p.r.PatientController - Fetching patient with id 7
2026-08-26 17:36:28 DEBUG org.hibernate.SQL - select p1_0.id,p1_0.age,p1_0.first_name,p1_0.last_name,cd1_0.patient_id,cd1_0.id,cd1_0.component_name,cd1_0.component_value,cd1_0.measured_date_time from patient p1_0 left join clinicaldata cd1_0 on p1_0.id=cd1_0.patient_id where p1_0.id=?
2026-08-26 17:36:28 TRACE org.hibernate.orm.jdbc.bind - binding parameter (1:BIGINT) <- [7]
2026-08-26 17:36:29 DEBUG c.v.c.p.r.PatientController - Fetching patient with id 7
2026-08-26 17:36:29 DEBUG org.hibernate.SQL - select p1_0.id,p1_0.age,p1_0.first_name,p1_0.last_name,cd1_0.patient_id,cd1_0.id,cd1_0.component_name,cd1_0.component_value,cd1_0.measured_date_time from patient p1_0 left join clinicaldata cd1_0 on p1_0.id=cd1_0.patient_id where p1_0.id=?
2026-08-26 17:36:29 TRACE org.hibernate.orm.jdbc.bind - binding parameter (1:BIGINT) <- [7]
2026-08-26 17:36:30 INFO  c.v.c.p.r.PatientController - Fetching all patients
2026-08-26 17:36:30 DEBUG org.hibernate.SQL - select p1_0.id,p1_0.age,p1_0.first_name,p1_0.last_name from patient p1_0
2026-08-26 17:36:30 DEBUG org.hibernate.SQL - select cd1_0.patient_id,cd1_0.id,cd1_0.component_name,cd1_0.component_value,cd1_0.measured_date_time from clinicaldata cd1_0 where cd1_0.patient_id=?
2026-08-26 17:36:30 TRACE org.hibernate.orm.jdbc.bind - binding parameter (1:BIGINT) <- [18]
2026-08-26 17:36:30 DEBUG org.hibernate.SQL - select cd1_0.patient_id,cd1_0.id,cd1_0.component_name,cd1_0.component_value,cd1_0.measured_date_time from clinicaldata cd1_0 where cd1_0.patient_id=?
2026-08-26 17:36:30 TRACE org.hibernate.orm.jdbc.bind - binding parameter (1:BIGINT) <- [17]
2026-08-26 17:36:30 DEBUG org.hibernate.SQL - select cd1_0.patient_id,cd1_0.id,cd1_0.component_name,cd1_0.component_value,cd1_0.measured_date_time from clinicaldata cd1_0 where cd1_0.patient_id=?
2026-08-26 17:36:30 TRACE org.hibernate.orm.jdbc.bind - binding parameter (1:BIGINT) <- [16]
2026-08-26 17:36:30 DEBUG org.hibernate.SQL - select cd1_0.patient_id,cd1_0.id,cd1_0.component_name,cd1_0.component_value,cd1_0.measured_date_time from clinicaldata cd1_0 where cd1_0.patient_id=?
2026-08-26 17:36:30 TRACE org.hibernate.orm.jdbc.bind - binding parameter (1:BIGINT) <- [15]
2026-08-26 17:36:30 DEBUG org.hibernate.SQL - select cd1_0.patient_id,cd1_0.id,cd1_0.component_name,cd1_0.component_value,cd1_0.measured_date_time from clinicaldata cd1_0 where cd1_0.patient_id=?
2026-08-26 17:36:30 TRACE org.hibernate.orm.jdbc.bind - binding parameter (1:BIGINT) <- [14]
2026-08-26 17:36:30 DEBUG org.hibernate.SQL - select cd1_0.patient_id,cd1_0.id,cd1_0.component_name,cd1_0.component_value,cd1_0.measured_date_time from clinicaldata cd1_0 where cd1_0.patient_id=?
2026-08-26 17:36:30 TRACE org.hibernate.orm.jdbc.bind - binding parameter (1:BIGINT) <- [13]
2026-08-26 17:36:30 DEBUG org.hibernate.SQL - select cd1_0.patient_id,cd1_0.id,cd1_0.component_name,cd1_0.component_value,cd1_0.measured_date_time from clinicaldata cd1_0 where cd1_0.patient_id=?
2026-08-26 17:36:30 TRACE org.hibernate.orm.jdbc.bind - binding parameter (1:BIGINT) <- [12]
2026-08-26 17:36:30 DEBUG org.hibernate.SQL - select cd1_0.patient_id,cd1_0.id,cd1_0.component_name,cd1_0.component_value,cd1_0.measured_date_time from clinicaldata cd1_0 where cd1_0.patient_id=?
2026-08-26 17:36:30 TRACE org.hibernate.orm.jdbc.bind - binding parameter (1:BIGINT) <- [11]
2026-08-26 17:36:30 DEBUG org.hibernate.SQL - select cd1_0.patient_id,cd1_0.id,cd1_0.component_name,cd1_0.component_value,cd1_0.measured_date_time from clinicaldata cd1_0 where cd1_0.patient_id=?
2026-08-26 17:36:30 TRACE org.hibernate.orm.jdbc.bind - binding parameter (1:BIGINT) <- [10]
2026-08-26 17:36:30 DEBUG org.hibernate.SQL - select cd1_0.patient_id,cd1_0.id,cd1_0.component_name,cd1_0.component_value,cd1_0.measured_date_time from clinicaldata cd1_0 where cd1_0.patient_id=?
2026-08-26 17:36:30 TRACE org.hibernate.orm.jdbc.bind - binding parameter (1:BIGINT) <- [9]
2026-08-26 17:36:30 DEBUG org.hibernate.SQL - select cd1_0.patient_id,cd1_0.id,cd1_0.component_name,cd1_0.component_value,cd1_0.measured_date_time from clinicaldata cd1_0 where cd1_0.patient_id=?
2026-08-26 17:36:30 TRACE org.hibernate.orm.jdbc.bind - binding parameter (1:BIGINT) <- [8]
2026-08-26 17:36:30 DEBUG org.hibernate.SQL - select cd1_0.patient_id,cd1_0.id,cd1_0.component_name,cd1_0.component_value,cd1_0.measured_date_time from clinicaldata cd1_0 where cd1_0.patient_id=?
2026-08-26 17:36:30 TRACE org.hibernate.orm.jdbc.bind - binding parameter (1:BIGINT) <- [7]
2026-08-26 17:36:30 DEBUG org.hibernate.SQL - select cd1_0.patient_id,cd1_0.id,cd1_0.component_name,cd1_0.component_value,cd1_0.measured_date_time from clinicaldata cd1_0 where cd1_0.patient_id=?
2026-08-26 17:36:30 TRACE org.hibernate.orm.jdbc.bind - binding parameter (1:BIGINT) <- [6]
2026-08-26 17:36:30 DEBUG org.hibernate.SQL - select cd1_0.patient_id,cd1_0.id,cd1_0.component_name,cd1_0.component_value,cd1_0.measured_date_time from clinicaldata cd1_0 where cd1_0.patient_id=?
2026-08-26 17:36:30 TRACE org.hibernate.orm.jdbc.bind - binding parameter (1:BIGINT) <- [5]
2026-08-26 17:36:30 DEBUG org.hibernate.SQL - select cd1_0.patient_id,cd1_0.id,cd1_0.component_name,cd1_0.component_value,cd1_0.measured_date_time from clinicaldata cd1_0 where cd1_0.patient_id=?
2026-08-26 17:36:30 TRACE org.hibernate.orm.jdbc.bind - binding parameter (1:BIGINT) <- [4]
2026-08-26 17:36:30 DEBUG org.hibernate.SQL - select cd1_0.patient_id,cd1_0.id,cd1_0.component_name,cd1_0.component_value,cd1_0.measured_date_time from clinicaldata cd1_0 where cd1_0.patient_id=?
2026-08-26 17:36:30 TRACE org.hibernate.orm.jdbc.bind - binding parameter (1:BIGINT) <- [3]
2026-08-26 17:36:30 DEBUG org.hibernate.SQL - select cd1_0.patient_id,cd1_0.id,cd1_0.component_name,cd1_0.component_value,cd1_0.measured_date_time from clinicaldata cd1_0 where cd1_0.patient_id=?
2026-08-26 17:36:30 TRACE org.hibernate.orm.jdbc.bind - binding parameter (1:BIGINT) <- [2]
2026-08-26 17:36:30 DEBUG org.hibernate.SQL - select cd1_0.patient_id,cd1_0.id,cd1_0.component_name,cd1_0.component_value,cd1_0.measured_date_time from clinicaldata cd1_0 where cd1_0.patient_id=?
2026-08-26 17:36:30 TRACE org.hibernate.orm.jdbc.bind - binding parameter (1:BIGINT) <- [1]
2026-08-26 17:36:30 INFO  c.v.c.p.r.PatientController - Fetching all patients
2026-08-26 17:36:30 DEBUG org.hibernate.SQL - select p1_0.id,p1_0.age,p1_0.first_name,p1_0.last_name from patient p1_0
2026-08-26 17:36:30 DEBUG org.hibernate.SQL - select cd1_0.patient_id,cd1_0.id,cd1_0.component_name,cd1_0.component_value,cd1_0.measured_date_time from clinicaldata cd1_0 where cd1_0.patient_id=?
2026-08-26 17:36:30 TRACE org.hibernate.orm.jdbc.bind - binding parameter (1:BIGINT) <- [18]
2026-08-26 17:36:30 DEBUG org.hibernate.SQL - select cd1_0.patient_id,cd1_0.id,cd1_0.component_name,cd1_0.component_value,cd1_0.measured_date_time from clinicaldata cd1_0 where cd1_0.patient_id=?
2026-08-26 17:36:30 TRACE org.hibernate.orm.jdbc.bind - binding parameter (1:BIGINT) <- [17]
2026-08-26 17:36:30 DEBUG org.hibernate.SQL - select cd1_0.patient_id,cd1_0.id,cd1_0.component_name,cd1_0.component_value,cd1_0.measured_date_time from clinicaldata cd1_0 where cd1_0.patient_id=?
2026-08-26 17:36:30 TRACE org.hibernate.orm.jdbc.bind - binding parameter (1:BIGINT) <- [16]
2026-08-26 17:36:30 DEBUG org.hibernate.SQL - select cd1_0.patient_id,cd1_0.id,cd1_0.component_name,cd1_0.component_value,cd1_0.measured_date_time from clinicaldata cd1_0 where cd1_0.patient_id=?
2026-08-26 17:36:30 TRACE org.hibernate.orm.jdbc.bind - binding parameter (1:BIGINT) <- [15]
2026-08-26 17:36:30 DEBUG org.hibernate.SQL - select cd1_0.patient_id,cd1_0.id,cd1_0.component_name,cd1_0.component_value,cd1_0.measured_date_time from clinicaldata cd1_0 where cd1_0.patient_id=?
2026-08-26 17:36:30 TRACE org.hibernate.orm.jdbc.bind - binding parameter (1:BIGINT) <- [14]
2026-08-26 17:36:30 DEBUG org.hibernate.SQL - select cd1_0.patient_id,cd1_0.id,cd1_0.component_name,cd1_0.component_value,cd1_0.measured_date_time from clinicaldata cd1_0 where cd1_0.patient_id=?
2026-08-26 17:36:30 TRACE org.hibernate.orm.jdbc.bind - binding parameter (1:BIGINT) <- [13]
2026-08-26 17:36:30 DEBUG org.hibernate.SQL - select cd1_0.patient_id,cd1_0.id,cd1_0.component_name,cd1_0.component_value,cd1_0.measured_date_time from clinicaldata cd1_0 where cd1_0.patient_id=?
2026-08-26 17:36:30 TRACE org.hibernate.orm.jdbc.bind - binding parameter (1:BIGINT) <- [12]
2026-08-26 17:36:30 DEBUG org.hibernate.SQL - select cd1_0.patient_id,cd1_0.id,cd1_0.component_name,cd1_0.component_value,cd1_0.measured_date_time from clinicaldata cd1_0 where cd1_0.patient_id=?
2026-08-26 17:36:30 TRACE org.hibernate.orm.jdbc.bind - binding parameter (1:BIGINT) <- [11]
2026-08-26 17:36:30 DEBUG org.hibernate.SQL - select cd1_0.patient_id,cd1_0.id,cd1_0.component_name,cd1_0.component_value,cd1_0.measured_date_time from clinicaldata cd1_0 where cd1_0.patient_id=?
2026-08-26 17:36:30 TRACE org.hibernate.orm.jdbc.bind - binding parameter (1:BIGINT) <- [10]
2026-08-26 17:36:30 DEBUG org.hibernate.SQL - select cd1_0.patient_id,cd1_0.id,cd1_0.component_name,cd1_0.component_value,cd1_0.measured_date_time from clinicaldata cd1_0 where cd1_0.patient_id=?
2026-08-26 17:36:30 TRACE org.hibernate.orm.jdbc.bind - binding parameter (1:BIGINT) <- [9]
2026-08-26 17:36:30 DEBUG org.hibernate.SQL - select cd1_0.patient_id,cd1_0.id,cd1_0.component_name,cd1_0.component_value,cd1_0.measured_date_time from clinicaldata cd1_0 where cd1_0.patient_id=?
2026-08-26 17:36:30 TRACE org.hibernate.orm.jdbc.bind - binding parameter (1:BIGINT) <- [8]
2026-08-26 17:36:30 DEBUG org.hibernate.SQL - select cd1_0.patient_id,cd1_0.id,cd1_0.component_name,cd1_0.component_value,cd1_0.measured_date_time from clinicaldata cd1_0 where cd1_0.patient_id=?
2026-08-26 17:36:30 TRACE org.hibernate.orm.jdbc.bind - binding parameter (1:BIGINT) <- [7]
2026-08-26 17:36:30 DEBUG org.hibernate.SQL - select cd1_0.patient_id,cd1_0.id,cd1_0.component_name,cd1_0.component_value,cd1_0.measured_date_time from clinicaldata cd1_0 where cd1_0.patient_id=?
2026-08-26 17:36:30 TRACE org.hibernate.orm.jdbc.bind - binding parameter (1:BIGINT) <- [6]
2026-08-26 17:36:30 DEBUG org.hibernate.SQL - select cd1_0.patient_id,cd1_0.id,cd1_0.component_name,cd1_0.component_value,cd1_0.measured_date_time from clinicaldata cd1_0 where cd1_0.patient_id=?
2026-08-26 17:36:30 TRACE org.hibernate.orm.jdbc.bind - binding parameter (1:BIGINT) <- [5]
2026-08-26 17:36:30 DEBUG org.hibernate.SQL - select cd1_0.patient_id,cd1_0.id,cd1_0.component_name,cd1_0.component_value,cd1_0.measured_date_time from clinicaldata cd1_0 where cd1_0.patient_id=?
2026-08-26 17:36:30 TRACE org.hibernate.orm.jdbc.bind - binding parameter (1:BIGINT) <- [4]
2026-08-26 17:36:30 DEBUG org.hibernate.SQL - select cd1_0.patient_id,cd1_0.id,cd1_0.component_name,cd1_0.component_value,cd1_0.measured_date_time from clinicaldata cd1_0 where cd1_0.patient_id=?
2026-08-26 17:36:30 TRACE org.hibernate.orm.jdbc.bind - binding parameter (1:BIGINT) <- [3]
2026-08-26 17:36:30 DEBUG org.hibernate.SQL - select cd1_0.patient_id,cd1_0.id,cd1_0.component_name,cd1_0.component_value,cd1_0.measured_date_time from clinicaldata cd1_0 where cd1_0.patient_id=?
2026-08-26 17:36:30 TRACE org.hibernate.orm.jdbc.bind - binding parameter (1:BIGINT) <- [2]
2026-08-26 17:36:30 DEBUG org.hibernate.SQL - select cd1_0.patient_id,cd1_0.id,cd1_0.component_name,cd1_0.component_value,cd1_0.measured_date_time from clinicaldata cd1_0 where cd1_0.patient_id=?
2026-08-26 17:36:30 TRACE org.hibernate.orm.jdbc.bind - binding parameter (1:BIGINT) <- [1]
